influence	blend_in	special	leader	authority
0	no	yes	yes	yes	yes
1	no	yes	no	no	no
2	yes	no	yes	yes	yes
3	yes	no	no	yes	yes
4	yes	yes	no	yes	no
5	yes	yes	yes	yes	yes
6	yes	yes	no	no	no
7	no	no	no	no	no
8	yes	no	no	no	yes
9	yes	yes	no	yes	yes
10	no	yes	no	no	no
11	yes	no	yes	yes	yes
12	yes	no	yes	no	yes
13	yes	yes	yes	yes	no
14	yes	no	yes	yes	no
15	yes	no	yes	yes	yes
16	yes	yes	no	yes	no
17	no	yes	no	no	no
18	no	yes	yes	no	no
19	yes	yes	no	yes	yes
20	yes	yes	no	no	no
21	yes	yes	yes	no	yes
22	no	yes	yes	no	no
23	no	yes	yes	no	no
24	yes	yes	no	yes	no
25	yes	yes	no	yes	yes
26	yes	no	yes	yes	yes
27	yes	yes	no	no	no
28	no	yes	no	no	no
29	no	no	no	no	yes
30	no	yes	no	no	no
31	yes	yes	yes	yes	yes
32	yes	no	yes	yes	yes
33	yes	no	yes	yes	yes
34	no	yes	no	yes	yes
35	yes	no	no	yes	yes
36	no	no	no	yes	yes
37	yes	yes	no	no	no
38	yes	yes	no	yes	yes
39	yes	no	yes	yes	yes
40	yes	yes	no	no	no
41	yes	yes	yes	yes	yes
42	yes	no	yes	yes	no
43	yes	no	no	yes	yes
44	yes	no	no	yes	no
45	no	yes	no	no	no
46	yes	yes	yes	yes	no
47	yes	yes	yes	yes	no
48	no	yes	yes	yes	yes
49	no	yes	no	no	yes
50	yes	no	no	no	no
51	no	no	yes	yes	yes
52	yes	yes	yes	no	no
53	no	yes	yes	yes	yes
54	no	no	no	no	yes
55	yes	yes	no	yes	yes
56	yes	no	yes	no	yes
57	yes	no	no	yes	no
58	yes	yes	no	no	no
59	no	no	yes	no	no
60	yes	yes	no	yes	yes
61	no	yes	no	yes	yes
62	yes	yes	yes	yes	yes
63	no	yes	no	no	yes
64	yes	no	no	yes	yes
65	yes	yes	no	yes	yes
66	yes	no	yes	yes	yes
67	yes	no	yes	yes	yes
68	no	yes	no	no	no
69	yes	no	yes	yes	yes
70	yes	yes	yes	no	yes
71	yes	yes	no	no	no
72	yes	no	no	no	yes
73	yes	yes	no	no	no
74	yes	yes	yes	no	yes
75	yes	yes	no	yes	yes
76	no	yes	no	no	no
77	no	yes	yes	no	no
78	no	yes	no	no	no
79	no	yes	yes	yes	no
80	no	yes	no	no	no
81	yes	no	yes	yes	no
82	no	yes	no	no	yes
83	no	yes	no	no	no
84	no	yes	no	no	yes
85	no	no	yes	no	yes
86	no	yes	yes	no	no
87	yes	yes	yes	no	yes
88	yes	yes	yes	yes	yes
89	yes	yes	yes	no	no
90	yes	yes	no	yes	yes
91	yes	yes	yes	yes	yes
92	no	yes	no	no	no
93	yes	yes	no	no	yes
94	yes	no	yes	yes	no
95	yes	yes	no	no	yes
96	yes	yes	no	yes	no
97	yes	no	yes	yes	yes
98	no	yes	no	yes	no
99	yes	yes	yes	yes	yes
100	yes	no	yes	yes	yes
101	yes	no	yes	yes	yes
102	no	yes	no	no	no
103	no	yes	no	no	no
104	yes	no	yes	yes	yes
105	no	yes	no	no	no
106	yes	no	yes	yes	no
107	yes	yes	no	no	no
108	yes	yes	no	yes	yes
109	yes	yes	no	no	yes
110	no	no	no	no	no
111	no	yes	no	no	no
112	yes	yes	no	yes	no
113	yes	yes	no	yes	yes
114	no	no	yes	no	yes
115	no	no	no	no	no
116	yes	yes	no	yes	yes
117	yes	no	yes	yes	no
118	yes	yes	no	yes	no
119	yes	yes	no	no	yes
120	no	yes	no	no	no
121	yes	yes	no	no	no
122	no	yes	no	no	no
123	no	yes	no	no	no
124	yes	yes	yes	no	yes
125	yes	no	yes	yes	yes
126	no	yes	no	yes	no
127	yes	no	no	yes	yes
128	no	no	yes	no	yes
129	yes	yes	no	yes	yes
130	yes	yes	no	no	no
131	yes	yes	no	no	no
132	yes	yes	yes	no	no
133	yes	no	no	yes	yes
134	no	yes	no	no	yes
135	no	yes	no	no	no
136	no	yes	no	no	no
137	yes	yes	yes	no	yes
138	yes	yes	no	yes	yes
139	no	yes	no	yes	yes
140	yes	yes	yes	no	no
141	yes	yes	no	no	no
142	yes	yes	no	yes	no
143	no	yes	no	no	no
144	yes	yes	no	yes	no
145	no	yes	yes	no	no
146	no	yes	no	no	no
147	yes	yes	yes	no	yes
148	yes	yes	no	yes	no
149	yes	yes	yes	yes	yes
150	no	no	no	no	no
151	no	yes	yes	yes	no
152	yes	no	yes	yes	yes
153	yes	yes	no	yes	yes
154	yes	no	no	no	no
155	yes	no	yes	yes	yes
156	yes	no	yes	yes	no
157	yes	yes	no	no	yes
158	yes	no	yes	yes	yes
159	yes	no	no	no	no
160	yes	yes	no	no	no
161	no	yes	no	yes	no
162	yes	yes	yes	yes	yes
163	yes	no	no	yes	no
164	yes	no	yes	yes	yes
165	yes	yes	no	no	no
166	yes	no	yes	no	yes
167	no	yes	no	no	no
168	no	yes	no	no	no
169	no	yes	yes	yes	yes
170	yes	yes	yes	no	yes
171	yes	yes	yes	no	yes
172	yes	no	yes	yes	yes
173	no	yes	no	yes	no
174	yes	yes	no	yes	no
175	no	yes	yes	yes	yes
176	no	yes	no	no	no
177	no	yes	no	no	no
178	no	yes	no	no	no
179	no	no	no	no	no
180	yes	yes	no	yes	no
181	no	yes	yes	no	yes
182	no	yes	no	no	no
183	yes	yes	yes	no	no
184	yes	no	no	yes	yes
185	no	yes	yes	no	no
186	no	yes	no	no	no
187	yes	no	no	yes	yes
188	yes	yes	no	yes	yes
189	yes	no	yes	yes	yes
190	yes	no	yes	no	no
191	yes	no	yes	no	no
192	yes	yes	no	no	no
193	no	no	yes	yes	yes
194	no	yes	no	no	no
195	yes	yes	no	no	yes
196	yes	no	no	no	yes
197	yes	no	no	yes	yes
198	no	yes	no	no	yes
199	no	yes	yes	yes	yes
200	yes	no	no	no	yes
201	no	yes	yes	no	no
202	yes	yes	no	no	no
203	no	no	no	yes	no
204	no	no	yes	yes	yes
205	yes	yes	no	yes	no
206	no	yes	yes	yes	yes
207	yes	no	yes	yes	yes
208	no	yes	no	no	no
209	no	yes	no	yes	no
210	yes	yes	yes	yes	yes
211	no	yes	no	yes	no
212	no	yes	no	no	no
213	no	yes	no	no	no
214	no	no	yes	no	no
215	no	yes	no	no	yes
216	no	yes	no	yes	no
217	yes	yes	yes	no	no
218	no	yes	no	no	no
219	no	no	yes	yes	no
220	yes	yes	no	yes	no
221	yes	no	yes	yes	yes
222	no	yes	yes	no	no
223	no	yes	yes	no	yes
224	yes	yes	no	yes	yes
225	no	yes	no	yes	no
226	yes	yes	yes	yes	yes
227	yes	yes	no	yes	yes
228	yes	yes	no	no	no
229	yes	yes	yes	yes	yes
230	yes	no	yes	no	yes
231	no	yes	no	no	no
232	yes	no	no	no	no
233	no	yes	no	no	no
234	yes	no	no	yes	no
235	no	yes	no	no	no
236	yes	no	yes	yes	yes
237	no	no	yes	no	yes
238	yes	yes	yes	no	no
239	yes	yes	no	yes	yes
240	yes	yes	no	no	no
241	yes	no	yes	yes	no
242	yes	no	no	yes	yes
243	yes	no	yes	yes	yes
244	no	no	no	no	no
245	yes	yes	no	yes	no
246	yes	no	yes	yes	yes
247	yes	yes	yes	yes	no
248	yes	yes	no	no	no
249	yes	yes	yes	yes	no
250	no	no	no	no	no
251	yes	yes	no	no	no
252	yes	yes	no	yes	no
253	yes	no	yes	yes	yes
254	no	no	no	no	yes
255	yes	no	yes	yes	yes
256	yes	yes	yes	yes	yes
257	yes	yes	no	yes	no
258	no	no	yes	no	no
259	yes	yes	yes	yes	yes
260	no	yes	no	no	no
261	no	yes	no	no	yes
262	yes	yes	yes	yes	yes
263	yes	no	yes	yes	yes
264	yes	yes	yes	no	no
265	no	yes	no	yes	no
266	yes	no	no	yes	yes
267	yes	no	no	no	no
268	no	yes	yes	yes	no
269	no	no	no	no	no
270	no	yes	yes	yes	yes
271	yes	yes	no	yes	yes
272	yes	yes	no	yes	yes
273	yes	no	yes	yes	yes
274	no	no	yes	yes	yes
275	yes	no	yes	no	yes
276	yes	no	yes	yes	yes
277	yes	yes	no	no	no
278	no	no	yes	yes	yes
279	no	no	yes	no	yes
280	yes	yes	yes	yes	no
281	yes	no	yes	yes	yes
282	no	no	yes	yes	yes
283	yes	no	no	yes	no
284	no	yes	no	yes	yes
285	yes	no	yes	yes	yes
286	no	yes	yes	no	yes
287	no	yes	no	no	no
288	no	yes	no	yes	yes
289	no	no	yes	yes	yes
290	no	yes	no	no	no
291	yes	no	yes	no	yes
292	yes	no	yes	yes	yes
293	yes	yes	no	no	no
294	yes	yes	no	yes	no
295	yes	no	yes	yes	yes
296	yes	yes	yes	yes	no
297	yes	yes	yes	no	no
298	no	yes	no	yes	no
299	yes	no	yes	yes	yes
300	no	yes	no	no	no
301	no	yes	no	no	yes
302	no	yes	yes	no	no
303	yes	no	yes	yes	yes
304	yes	no	yes	yes	no
305	yes	yes	yes	yes	yes
306	no	yes	yes	no	no
307	yes	yes	no	no	no
308	yes	no	no	yes	no
309	yes	no	no	no	yes
310	yes	no	yes	yes	yes
311	yes	yes	no	no	no
312	yes	yes	no	no	no
313	yes	no	no	no	no
314	no	yes	yes	no	no
315	yes	yes	yes	yes	no
316	yes	no	yes	yes	yes
317	yes	yes	no	no	no
318	no	yes	yes	no	no
319	no	yes	yes	no	no
320	yes	yes	yes	yes	yes
321	yes	no	yes	yes	yes
322	no	yes	no	yes	no
323	yes	yes	no	no	no
324	no	yes	no	no	yes
325	no	yes	no	no	no
326	yes	yes	no	no	no
327	no	yes	no	no	no
328	no	yes	no	no	no
329	yes	no	yes	yes	yes
330	no	yes	no	no	no
331	no	yes	no	no	no
332	no	yes	no	yes	no
333	no	yes	no	no	no
334	yes	no	yes	yes	yes
335	yes	no	yes	yes	yes
336	no	yes	yes	no	no
337	no	yes	no	no	no
338	yes	yes	no	no	no
339	no	yes	yes	no	no
340	no	yes	no	no	no
341	yes	no	yes	yes	no
342	yes	no	yes	yes	yes
343	yes	no	yes	yes	yes
344	yes	yes	no	yes	no
345	no	yes	yes	yes	no
346	no	yes	no	yes	no
347	yes	yes	no	yes	no
348	no	yes	no	yes	no
349	yes	no	yes	yes	yes
350	yes	no	yes	yes	yes
351	yes	yes	no	no	yes
352	yes	yes	no	yes	no
353	no	yes	no	no	no
354	yes	no	yes	yes	yes
355	yes	yes	yes	yes	yes
356	yes	no	yes	yes	yes
357	no	yes	no	no	no
358	yes	yes	no	no	yes
359	yes	yes	yes	yes	yes
360	no	yes	yes	yes	no
361	no	yes	yes	no	no
362	yes	no	yes	yes	yes
363	no	yes	no	no	yes
364	yes	no	yes	no	no
365	yes	yes	no	no	no
366	yes	yes	yes	yes	no
367	yes	no	no	yes	no
368	yes	no	yes	yes	yes
369	yes	yes	no	no	yes
370	no	yes	no	no	no
371	yes	no	yes	yes	yes
372	yes	yes	no	no	no
373	yes	yes	yes	yes	yes
374	yes	no	yes	no	no
375	no	yes	no	yes	yes
376	no	no	no	no	no
377	no	yes	yes	yes	yes
378	yes	no	yes	yes	yes
379	yes	yes	no	no	no
380	yes	no	yes	no	no
381	yes	yes	yes	no	no
382	no	yes	yes	no	no
383	yes	yes	no	yes	no
384	yes	yes	yes	yes	yes
385	no	no	yes	no	no
386	no	yes	no	yes	yes
387	yes	yes	yes	no	yes
388	no	yes	no	no	no
389	no	yes	no	no	yes
390	yes	yes	yes	yes	yes
391	no	yes	yes	yes	yes
392	no	yes	yes	no	yes
393	yes	yes	no	yes	yes
394	no	no	yes	yes	no
395	yes	no	yes	yes	yes
396	no	yes	no	no	no
397	yes	yes	yes	yes	no
398	yes	no	yes	yes	yes
399	no	yes	yes	no	no
400	no	yes	yes	no	no
401	yes	no	yes	yes	yes
402	yes	no	no	no	no
403	no	yes	no	no	no
404	no	yes	no	no	no
405	no	yes	no	no	no
406	no	yes	yes	no	no
407	yes	yes	no	no	no
408	yes	yes	yes	no	no
409	no	yes	no	yes	no
410	yes	yes	no	yes	no
411	no	yes	no	no	yes
412	yes	yes	yes	yes	yes
413	no	no	no	no	no
414	yes	yes	no	yes	no
415	yes	no	yes	yes	no
416	no	yes	yes	no	no
417	no	yes	no	no	no
418	no	yes	no	no	no
419	no	yes	yes	no	yes
420	no	yes	yes	yes	yes
421	yes	yes	yes	yes	no
422	no	yes	no	no	no
423	yes	no	yes	yes	yes
424	yes	yes	no	no	yes
425	no	yes	no	yes	yes
426	yes	yes	no	yes	yes
427	yes	yes	no	no	no
428	yes	yes	no	no	no
429	no	yes	yes	yes	no
430	no	no	no	no	yes
431	no	yes	yes	yes	yes
432	yes	no	yes	no	yes
433	yes	no	no	no	yes
434	yes	yes	yes	no	no
435	no	yes	no	no	no
436	yes	no	no	yes	no
437	no	yes	no	no	yes
438	no	yes	no	no	no
439	yes	no	no	no	yes
440	yes	yes	no	yes	yes
441	yes	yes	no	yes	yes
442	yes	no	no	yes	no
443	no	yes	no	no	yes
444	yes	no	yes	yes	no
445	no	yes	no	yes	yes
446	no	yes	no	no	no
447	yes	yes	no	yes	yes
448	no	yes	no	no	no
449	yes	yes	yes	yes	yes
450	yes	yes	no	yes	yes
451	no	yes	no	no	no
452	yes	no	yes	yes	no
453	yes	yes	no	no	no
454	no	yes	no	no	yes
455	yes	no	no	yes	no
456	yes	no	yes	yes	yes
457	yes	yes	no	yes	no
458	no	yes	yes	yes	no
459	yes	yes	no	yes	no
460	no	yes	yes	no	yes
461	yes	yes	yes	no	yes
462	yes	yes	yes	yes	yes
463	yes	no	yes	yes	no
464	yes	no	yes	yes	yes
465	yes	yes	yes	yes	no
466	no	yes	yes	yes	yes
467	no	yes	no	no	yes
468	no	yes	no	yes	no
469	yes	no	yes	yes	yes
470	no	yes	yes	no	no
471	yes	yes	yes	no	no
472	yes	no	yes	yes	yes
473	yes	yes	no	no	no
474	no	yes	no	no	no
475	yes	yes	yes	no	no
476	yes	yes	yes	yes	yes
477	yes	yes	no	yes	no
478	yes	no	yes	yes	yes
479	yes	yes	no	no	no
480	yes	yes	no	no	no
481	yes	yes	no	yes	yes
482	yes	yes	yes	yes	no
483	no	yes	yes	no	yes
484	no	yes	no	no	no
485	yes	yes	no	yes	no
486	no	yes	no	no	no
487	no	no	yes	no	no
488	yes	no	yes	no	yes
489	yes	no	yes	yes	yes
490	yes	yes	no	yes	yes
491	no	yes	no	no	no
492	yes	yes	yes	yes	yes
493	yes	yes	yes	yes	yes
494	yes	yes	no	yes	yes
495	yes	yes	no	yes	no
496	yes	no	yes	yes	yes
497	no	yes	no	yes	no
498	no	yes	no	no	no
499	no	no	yes	no	no
500	yes	yes	yes	no	yes
501	no	yes	yes	no	yes
502	yes	yes	no	yes	no
503	no	yes	yes	no	no
504	yes	yes	no	no	no
505	yes	yes	no	no	no
506	yes	no	yes	yes	yes
507	yes	yes	yes	yes	yes
508	yes	no	no	yes	yes
509	yes	yes	yes	no	yes
510	yes	yes	yes	yes	no
511	no	yes	no	no	no
512	yes	yes	yes	yes	yes
513	no	yes	no	yes	no
514	yes	yes	no	yes	no
515	yes	yes	no	yes	no
516	yes	yes	no	yes	no
517	no	yes	yes	no	yes
518	no	yes	no	no	yes
519	yes	no	yes	yes	yes
520	yes	yes	yes	yes	yes
521	no	yes	no	no	yes
522	yes	no	yes	yes	yes
523	yes	no	no	yes	yes
524	yes	yes	no	yes	no
525	yes	no	yes	yes	yes
526	no	yes	yes	no	yes
527	yes	yes	yes	no	yes
528	no	yes	yes	no	yes
529	no	no	yes	yes	yes
530	yes	no	yes	yes	yes
531	yes	yes	no	no	yes
532	no	yes	yes	yes	no
533	yes	yes	no	yes	no
534	no	no	no	no	no
535	yes	yes	yes	yes	no
536	no	yes	yes	no	no
537	yes	no	no	no	no
538	yes	yes	no	yes	no
539	no	yes	no	no	yes
540	yes	no	no	no	no
541	yes	yes	no	no	no
542	yes	yes	no	yes	no
543	yes	yes	no	yes	no
544	no	yes	no	no	no
545	yes	yes	yes	no	yes
546	no	no	no	yes	no
547	no	yes	no	yes	no
548	no	yes	yes	no	yes
549	no	yes	no	no	no
550	no	yes	no	no	no
551	yes	yes	no	yes	yes
552	yes	no	yes	yes	yes
553	yes	yes	no	no	yes
554	no	yes	yes	no	no
555	no	no	no	no	yes
556	no	no	yes	no	yes
557	yes	yes	yes	no	no
558	yes	yes	yes	no	yes
559	yes	yes	no	no	no
560	yes	yes	no	yes	yes
561	yes	yes	yes	yes	yes
562	yes	yes	no	yes	no
563	no	no	yes	yes	no
564	yes	yes	no	yes	yes
565	no	yes	no	no	no
566	yes	no	yes	yes	yes
567	yes	no	no	yes	yes
568	yes	yes	yes	yes	yes
569	yes	no	yes	yes	no
570	yes	no	yes	no	no
571	yes	no	yes	no	no
572	yes	no	yes	no	yes
573	yes	yes	yes	yes	yes
574	yes	yes	no	no	yes
575	yes	yes	yes	yes	yes
576	yes	no	no	no	no
577	yes	yes	no	no	yes
578	yes	no	yes	no	no
579	yes	yes	yes	no	no
580	yes	yes	yes	no	no
581	no	no	no	yes	no
582	yes	no	yes	yes	yes
583	yes	no	yes	yes	yes
584	yes	yes	yes	yes	yes
585	no	no	yes	no	no
586	yes	yes	yes	yes	yes
587	no	yes	no	no	no
588	yes	yes	no	yes	yes
589	yes	no	no	yes	yes
590	yes	yes	no	no	no
591	yes	yes	no	no	yes
592	yes	yes	yes	no	no
593	yes	yes	yes	no	no
594	yes	no	yes	yes	yes
595	yes	yes	yes	yes	yes
596	yes	no	yes	yes	yes
597	yes	yes	no	no	no
598	no	no	yes	no	no
599	no	yes	no	yes	no
600	no	yes	no	no	no
601	yes	yes	no	no	no
602	yes	yes	no	no	no
603	no	no	yes	no	no
604	yes	yes	no	yes	yes
605	no	no	yes	yes	yes
606	yes	yes	no	yes	no
607	yes	no	yes	yes	yes
608	yes	yes	no	no	no
609	yes	yes	no	yes	no
610	no	yes	no	no	no
611	no	yes	no	no	no
612	no	yes	no	no	yes
613	yes	yes	no	yes	yes
614	yes	no	yes	no	no
615	yes	yes	no	yes	yes
616	no	yes	no	no	no
617	yes	no	yes	no	no
618	no	yes	no	no	no
619	no	yes	yes	yes	no
620	yes	no	yes	yes	yes
621	yes	no	yes	yes	no
622	no	no	yes	yes	yes
623	yes	yes	yes	yes	yes
624	no	yes	no	yes	no
625	no	no	yes	no	yes
626	yes	no	no	no	yes
627	yes	yes	no	yes	no
628	no	yes	no	no	no
629	yes	no	no	yes	no
630	yes	yes	no	no	no
631	no	yes	yes	no	yes
632	yes	no	no	yes	yes
633	no	yes	no	no	no
634	yes	no	yes	yes	yes
635	yes	no	yes	yes	no
636	no	no	yes	no	yes
637	no	yes	no	yes	yes
638	yes	yes	yes	no	no
639	yes	yes	yes	yes	no
640	no	yes	no	yes	no
641	no	yes	no	no	yes
642	yes	no	yes	no	yes
643	yes	no	no	yes	yes
644	no	yes	no	no	no
645	yes	no	yes	yes	no
646	no	yes	yes	yes	yes
647	yes	yes	yes	yes	yes
648	no	no	yes	yes	no
649	yes	yes	no	yes	yes
650	yes	no	no	no	no
651	yes	yes	no	no	yes
652	yes	yes	yes	yes	yes
653	yes	no	yes	yes	yes
654	no	yes	no	no	no
655	yes	yes	yes	yes	yes
656	yes	yes	no	no	yes
657	yes	no	yes	yes	no
658	yes	yes	yes	no	yes
659	yes	no	yes	yes	yes
660	yes	no	yes	yes	yes
661	no	no	no	no	no
662	yes	yes	yes	yes	no
663	no	no	no	no	no
664	no	no	yes	yes	yes
665	no	yes	yes	yes	yes
666	no	yes	no	no	no
667	yes	no	no	no	no
668	yes	yes	no	yes	no
669	yes	yes	no	no	yes
670	no	yes	no	yes	no
671	no	yes	no	no	yes
672	no	yes	yes	no	yes
673	no	yes	yes	yes	yes
674	yes	yes	yes	no	no
675	yes	no	yes	no	no
676	no	no	yes	no	yes
677	yes	no	yes	yes	no
678	yes	no	no	no	no
679	no	yes	no	no	no
680	yes	no	yes	no	no
681	no	yes	no	no	no
682	yes	no	no	no	yes
683	yes	yes	yes	no	no
684	yes	yes	no	yes	yes
685	yes	yes	yes	yes	yes
686	yes	yes	yes	yes	yes
687	yes	yes	no	yes	no
688	yes	yes	yes	yes	yes
689	yes	yes	no	no	no
690	yes	yes	yes	yes	yes
691	yes	yes	no	yes	yes
692	yes	yes	no	yes	yes
693	yes	yes	yes	no	no
694	yes	yes	yes	yes	no
695	yes	yes	no	yes	no
696	yes	yes	no	yes	no
697	no	yes	yes	no	yes
698	no	yes	no	no	no
699	yes	no	no	yes	no
700	yes	yes	yes	yes	yes
701	yes	yes	yes	no	no
702	no	yes	yes	no	yes
703	yes	no	yes	yes	no
704	no	yes	no	no	no
705	yes	no	no	no	no
706	yes	yes	yes	no	no
707	yes	no	yes	yes	no
708	no	no	no	no	no
709	yes	yes	yes	yes	no
710	yes	yes	yes	no	no
711	yes	yes	yes	yes	no
712	yes	yes	no	yes	no
713	yes	yes	yes	yes	no
714	yes	no	no	no	yes
715	yes	no	no	no	yes
716	no	no	no	no	yes
717	no	no	yes	yes	no
718	yes	yes	yes	yes	yes
719	yes	no	yes	yes	no
720	no	yes	yes	no	no
721	no	yes	no	no	no
722	no	yes	no	yes	no
723	yes	no	yes	yes	yes
724	yes	yes	no	no	no
725	yes	no	no	yes	no
726	yes	yes	yes	no	yes
727	yes	yes	yes	yes	no
728	yes	yes	yes	yes	no
729	no	yes	no	no	no
730	yes	no	yes	no	no
731	yes	no	yes	no	no
732	yes	yes	no	yes	yes
733	yes	no	no	no	no
734	yes	no	yes	yes	no
735	yes	no	yes	yes	yes
736	no	no	yes	no	no
737	yes	no	yes	no	yes
738	yes	no	yes	yes	yes
739	no	yes	no	no	no
740	yes	no	yes	yes	yes
741	yes	yes	no	no	yes
742	yes	no	yes	no	no
743	yes	yes	yes	no	no
744	no	yes	no	yes	yes
745	no	yes	no	no	no
746	no	no	no	no	no
747	no	yes	no	yes	no
748	yes	yes	yes	yes	no
749	yes	yes	no	yes	yes
750	yes	yes	no	no	no
751	yes	yes	no	yes	yes
752	no	no	yes	yes	yes
753	yes	no	yes	yes	yes
754	no	yes	no	no	no
755	no	yes	no	no	no
756	yes	yes	no	no	no
757	no	yes	yes	yes	no
758	yes	yes	yes	no	no
759	yes	no	no	no	no
760	no	yes	yes	yes	yes
761	yes	no	yes	no	yes
762	yes	no	yes	yes	yes
763	no	yes	no	no	no
764	no	yes	no	no	no
765	yes	yes	no	yes	no
766	yes	no	yes	yes	no
767	yes	yes	no	yes	yes
768	no	yes	no	yes	yes
769	yes	no	no	yes	yes
770	yes	no	yes	yes	yes
771	yes	yes	yes	no	no
772	no	yes	no	yes	no
773	no	yes	yes	no	yes
774	no	yes	yes	yes	yes
775	yes	yes	yes	no	yes
776	yes	yes	no	yes	yes
777	yes	no	yes	yes	yes
778	yes	yes	no	yes	no
779	yes	no	yes	yes	yes
780	no	yes	yes	no	no
781	no	yes	no	no	no
782	no	yes	yes	no	yes
783	no	yes	no	no	no
784	yes	no	yes	yes	yes
785	yes	yes	no	no	no
786	no	yes	no	no	no
787	yes	no	yes	yes	yes
788	no	yes	yes	no	yes
789	yes	no	no	no	yes
790	yes	yes	no	yes	no
791	yes	yes	no	yes	yes
792	no	yes	no	yes	no
793	yes	yes	yes	yes	no
794	yes	yes	yes	no	no
795	yes	no	yes	yes	yes
796	yes	yes	no	yes	yes
797	no	no	no	no	no
798	yes	yes	yes	yes	no
799	yes	no	yes	yes	yes
800	yes	yes	no	no	no
801	yes	no	yes	yes	yes
802	yes	no	yes	yes	no
803	no	no	yes	no	no
804	yes	no	yes	yes	yes
805	yes	yes	no	yes	yes
806	no	yes	yes	no	no
807	yes	no	yes	yes	yes
808	yes	yes	no	yes	no
809	no	yes	no	yes	no
810	no	yes	yes	yes	yes
811	no	no	no	yes	no
812	no	yes	no	no	no
813	yes	no	no	yes	yes
814	yes	no	yes	yes	yes
815	yes	no	no	yes	no
816	no	yes	yes	yes	yes
817	no	yes	yes	no	no
818	no	yes	no	no	no
819	yes	yes	no	yes	yes
820	no	yes	no	yes	yes
821	yes	yes	yes	yes	no
822	yes	no	yes	no	yes
823	yes	yes	no	no	yes
824	no	yes	yes	no	no
825	no	yes	yes	no	yes
826	no	yes	no	no	no
827	yes	yes	no	no	no
828	yes	yes	no	yes	no
829	yes	no	yes	yes	no
830	no	yes	yes	no	yes
831	no	yes	no	yes	no
832	yes	yes	yes	no	no
833	yes	yes	yes	no	no
834	yes	yes	no	yes	no
835	yes	yes	no	no	no
836	yes	yes	yes	yes	yes
837	yes	yes	yes	yes	yes
838	yes	yes	no	yes	yes
839	no	yes	no	yes	yes
840	no	yes	no	no	no
841	no	yes	yes	yes	yes
842	no	yes	no	no	no
843	yes	yes	yes	yes	yes
844	no	yes	yes	no	yes
845	yes	yes	no	no	no
846	yes	yes	no	no	no
847	yes	no	yes	no	yes
848	yes	yes	no	no	yes
849	yes	yes	no	yes	no
850	yes	no	yes	yes	yes
851	no	no	yes	yes	yes
852	no	yes	yes	no	yes
853	no	yes	no	yes	no
854	yes	yes	yes	yes	no
855	yes	yes	no	no	no
856	yes	yes	no	no	no
857	no	no	no	no	yes
858	no	yes	no	no	no
859	no	no	no	yes	yes
860	yes	yes	no	yes	yes
861	no	yes	yes	no	no
862	no	no	no	yes	no
863	no	yes	no	yes	no
864	yes	no	yes	no	yes
865	yes	no	no	yes	yes
866	yes	yes	yes	yes	no
867	no	yes	no	no	no
868	yes	yes	no	no	no
869	yes	yes	yes	no	yes
870	yes	yes	yes	yes	yes
871	no	yes	yes	yes	yes
872	yes	yes	yes	yes	yes
873	no	yes	no	yes	yes
874	no	yes	yes	no	no
875	no	no	yes	yes	yes
876	no	yes	no	no	yes
877	no	yes	no	no	no
878	yes	no	yes	yes	yes
879	yes	yes	no	yes	yes
880	no	yes	yes	yes	yes
881	yes	no	no	yes	yes
882	yes	no	yes	yes	no
883	no	no	yes	no	no
884	yes	yes	no	no	yes
885	yes	yes	no	yes	no
886	yes	no	no	no	yes
887	yes	no	yes	yes	yes
888	yes	no	yes	yes	yes
889	yes	no	yes	yes	yes
890	yes	yes	yes	no	no
891	yes	no	yes	yes	yes
892	yes	yes	no	yes	no
893	no	no	no	no	no
894	yes	yes	no	yes	no
895	no	yes	yes	no	yes
896	no	yes	no	no	no
897	yes	no	no	no	yes
898	yes	yes	no	yes	no
899	yes	no	no	yes	yes
900	yes	yes	no	yes	yes
901	no	yes	no	no	no
902	yes	no	yes	yes	yes
903	yes	no	yes	yes	no
904	no	yes	no	no	no
905	yes	no	yes	yes	no
906	yes	yes	yes	yes	yes
907	yes	no	no	no	no
908	yes	yes	yes	no	no
909	yes	no	no	no	no
910	no	yes	no	no	no
911	no	no	yes	yes	no
912	no	yes	no	yes	yes
913	no	no	no	yes	no
914	yes	yes	yes	no	no
915	no	yes	yes	no	no
916	no	yes	yes	yes	no
917	yes	yes	yes	yes	no
918	no	yes	no	no	no
919	yes	yes	no	no	no
920	no	yes	no	no	no
921	yes	no	yes	yes	yes
922	no	yes	no	no	no
923	yes	no	yes	yes	yes
924	yes	yes	no	no	no
925	yes	yes	yes	yes	yes
926	no	yes	no	no	no
927	yes	no	yes	no	yes
928	no	yes	no	no	no
929	yes	yes	yes	yes	yes
930	no	yes	no	no	yes
931	no	yes	no	no	no
932	yes	no	yes	yes	yes
933	yes	no	yes	yes	no
934	no	no	no	no	no
935	no	no	yes	no	yes
936	yes	no	yes	yes	yes
937	yes	yes	no	no	no
938	yes	yes	no	no	yes
939	yes	yes	yes	yes	yes
940	no	yes	yes	yes	yes
941	yes	yes	no	yes	yes
942	yes	yes	no	no	no
943	yes	yes	yes	yes	yes
944	yes	yes	yes	yes	yes
945	yes	no	no	yes	no
946	no	yes	no	no	no
947	yes	yes	yes	yes	yes
948	yes	yes	yes	yes	yes
949	no	yes	yes	no	no
950	yes	yes	yes	yes	yes
951	yes	no	no	yes	yes
952	no	yes	no	yes	yes
953	no	yes	yes	yes	yes
954	yes	yes	no	yes	no
955	no	yes	yes	no	yes
956	yes	no	yes	yes	yes
957	yes	no	yes	no	no
958	yes	no	yes	yes	yes
959	no	yes	no	yes	yes
960	yes	no	yes	yes	yes
961	no	yes	no	yes	yes
962	yes	yes	yes	yes	no
963	no	yes	no	yes	no
964	no	yes	no	no	yes
965	yes	yes	yes	yes	no
966	yes	yes	yes	yes	yes
967	no	yes	yes	no	yes
968	yes	no	no	yes	yes
969	no	no	yes	yes	no
970	yes	yes	yes	no	no
971	no	yes	yes	no	no
972	no	yes	yes	no	no
973	yes	yes	no	no	no
974	no	yes	no	no	yes
975	yes	yes	no	yes	yes
976	no	yes	yes	yes	no
977	no	no	yes	no	yes
978	yes	no	yes	yes	yes
979	no	yes	yes	yes	no
980	no	yes	no	no	no
981	no	yes	no	yes	no
982	no	yes	no	no	no
983	no	yes	yes	no	yes
984	no	yes	no	no	no
985	yes	no	no	yes	yes
986	no	yes	no	no	no
987	no	yes	no	no	no
988	yes	yes	no	yes	no
989	yes	no	no	yes	yes
990	yes	no	yes	yes	no
991	no	yes	no	no	yes
992	yes	yes	yes	no	no
993	no	no	no	no	yes
994	yes	no	no	no	no
995	no	yes	no	no	no
996	yes	no	yes	yes	yes
997	no	no	yes	no	no
998	yes	yes	no	no	yes
999	no	yes	yes	no	yes
1000	no	yes	no	no	no
1001	no	yes	no	no	no
1002	yes	yes	no	no	no
1003	no	yes	no	no	no
1004	no	yes	no	no	no
1005	yes	yes	yes	no	no
1006	yes	no	yes	yes	yes
1007	yes	yes	yes	yes	yes
1008	yes	yes	no	yes	no
1009	yes	no	yes	yes	yes
1010	no	yes	no	no	yes
1011	yes	yes	yes	yes	no
1012	yes	yes	no	yes	no
1013	yes	yes	yes	yes	no
1014	yes	no	yes	yes	no
1015	yes	no	yes	yes	yes
1016	no	yes	no	yes	no
1017	no	yes	no	no	no
1018	no	yes	yes	no	no
1019	no	no	no	no	no
1020	no	yes	no	no	no
1021	yes	no	no	no	yes
1022	yes	no	yes	yes	no
1023	yes	yes	no	no	no
1024	yes	yes	no	no	yes
1025	yes	no	yes	no	no
1026	yes	yes	yes	yes	no
1027	no	no	no	yes	no
1028	yes	no	yes	no	no
1029	yes	yes	no	yes	no
1030	yes	yes	no	yes	no
1031	no	no	yes	no	no
1032	yes	no	yes	yes	no
1033	yes	yes	yes	no	yes
1034	no	yes	yes	no	no
1035	no	yes	no	no	yes
1036	no	no	no	yes	yes
1037	no	yes	yes	no	yes
1038	yes	yes	no	no	no
1039	yes	no	no	yes	yes
1040	yes	yes	no	yes	yes
1041	yes	no	yes	yes	yes
1042	yes	yes	yes	yes	yes
1043	no	yes	no	no	no
1044	yes	yes	no	no	no
1045	no	yes	no	no	yes
1046	yes	yes	no	yes	yes
1047	no	yes	no	yes	yes
1048	no	yes	yes	yes	no
1049	yes	yes	no	yes	no
1050	yes	yes	yes	yes	no
1051	yes	no	no	no	yes
1052	no	yes	no	no	no
1053	yes	yes	no	no	yes
1054	yes	no	no	yes	yes
1055	yes	no	yes	no	yes
1056	no	no	no	no	yes
1057	yes	no	yes	yes	yes
1058	yes	yes	no	no	no
1059	yes	no	yes	yes	yes
1060	yes	no	no	no	yes
1061	yes	yes	no	no	no
1062	no	yes	no	no	no
1063	yes	yes	no	no	no
1064	yes	no	yes	yes	yes
1065	yes	yes	yes	yes	yes
1066	no	yes	yes	yes	yes
1067	yes	no	yes	yes	yes
1068	no	yes	no	no	no
1069	yes	yes	yes	yes	yes
1070	yes	yes	no	yes	no
1071	yes	yes	no	yes	yes
1072	yes	yes	yes	no	no
1073	no	yes	yes	no	no
1074	no	yes	no	no	no
1075	yes	yes	no	no	yes
1076	yes	no	yes	yes	no
1077	yes	no	yes	yes	yes
1078	yes	no	yes	yes	yes
1079	no	yes	yes	no	no
1080	yes	yes	no	yes	no
1081	yes	yes	no	yes	no
1082	no	yes	no	no	no
1083	yes	yes	yes	yes	yes
1084	yes	yes	yes	yes	yes
1085	yes	no	yes	yes	yes
1086	yes	no	yes	yes	yes
1087	yes	no	yes	yes	yes
1088	no	no	yes	yes	yes
1089	no	yes	yes	yes	no
1090	no	yes	yes	yes	yes
1091	no	yes	yes	no	yes
1092	yes	yes	yes	yes	no
1093	no	yes	no	no	no
1094	no	yes	yes	no	no
1095	yes	yes	no	no	no
1096	no	yes	no	no	no
1097	yes	no	no	yes	no
1098	no	yes	no	yes	yes
1099	yes	yes	no	no	no
1100	yes	yes	no	yes	no
1101	no	yes	yes	no	yes
1102	no	yes	no	no	no
1103	yes	yes	yes	yes	no
1104	yes	yes	yes	yes	no
1105	yes	no	yes	yes	no
1106	no	no	yes	no	no
1107	yes	yes	yes	yes	yes
1108	yes	no	yes	yes	yes
1109	yes	no	no	yes	yes
1110	yes	yes	yes	yes	no
1111	yes	yes	yes	yes	yes
1112	yes	yes	no	yes	yes
1113	no	yes	no	no	yes
1114	no	yes	yes	no	no
1115	yes	yes	no	yes	no
1116	yes	no	yes	yes	yes
1117	yes	yes	yes	yes	yes
1118	no	yes	yes	no	yes
1119	no	no	yes	yes	yes
1120	yes	yes	no	yes	no
1121	yes	no	yes	yes	yes
1122	yes	yes	no	yes	no
1123	no	no	no	yes	yes
1124	yes	no	yes	yes	yes
1125	yes	yes	no	yes	yes
1126	yes	yes	no	yes	no
1127	yes	no	no	no	no
1128	yes	yes	yes	yes	yes
1129	no	yes	no	no	no
1130	yes	yes	yes	no	no
1131	yes	no	yes	no	no
1132	no	yes	no	no	yes
1133	yes	yes	yes	yes	no
1134	yes	no	no	yes	no
1135	yes	no	no	yes	no
1136	yes	yes	no	yes	no
1137	yes	yes	yes	yes	yes
1138	yes	no	yes	yes	yes
1139	yes	no	no	yes	yes
1140	no	yes	yes	yes	yes
1141	no	no	yes	yes	yes
1142	yes	no	no	yes	no
1143	yes	yes	no	no	yes
1144	yes	no	yes	yes	yes
1145	yes	no	yes	yes	yes
1146	yes	yes	yes	yes	no
1147	no	yes	yes	no	no
1148	no	yes	no	yes	no
1149	no	yes	no	no	no
1150	yes	no	yes	yes	yes
1151	yes	yes	no	yes	no
1152	no	yes	yes	yes	yes
1153	yes	yes	yes	no	no
1154	yes	no	no	yes	yes
1155	no	yes	no	yes	yes
1156	yes	yes	yes	yes	yes
1157	yes	no	no	no	yes
1158	no	no	yes	yes	yes
1159	no	yes	no	no	no
1160	yes	yes	no	yes	no
1161	no	no	yes	yes	yes
1162	no	yes	yes	yes	no
1163	no	yes	no	no	no
1164	no	yes	no	no	no
1165	yes	no	no	no	yes
1166	yes	yes	yes	no	yes
1167	yes	yes	yes	no	no
1168	yes	yes	no	no	no
1169	no	yes	no	no	no
1170	yes	yes	no	yes	no
1171	no	yes	no	yes	no
1172	no	yes	no	no	yes
1173	yes	no	yes	no	yes
1174	yes	yes	no	no	no
1175	no	yes	no	no	no
1176	yes	yes	no	yes	no
1177	no	yes	no	no	yes
1178	yes	yes	no	yes	no
1179	yes	yes	no	no	yes
1180	yes	no	no	no	no
1181	yes	yes	no	yes	no
1182	yes	yes	yes	yes	no
1183	yes	yes	no	no	no
1184	no	yes	yes	yes	no
1185	yes	yes	no	no	yes
1186	yes	no	yes	yes	yes
1187	no	yes	yes	yes	no
1188	yes	yes	no	yes	yes
1189	yes	yes	no	no	yes
1190	yes	yes	yes	yes	no
1191	yes	yes	no	yes	no
1192	yes	no	no	yes	yes
1193	yes	no	yes	yes	yes
1194	yes	yes	no	no	yes
1195	no	yes	yes	yes	yes
1196	no	yes	no	no	no
1197	yes	no	no	yes	yes
1198	yes	yes	no	no	yes
1199	no	yes	yes	yes	yes
1200	yes	yes	yes	yes	yes
1201	yes	no	yes	no	yes
1202	yes	yes	yes	yes	no
1203	yes	no	yes	no	no
1204	no	yes	yes	yes	no
1205	no	yes	no	no	no
1206	yes	no	no	yes	yes
1207	yes	yes	yes	no	yes
1208	no	no	no	no	no
1209	no	yes	yes	yes	yes
1210	yes	yes	no	no	no
1211	no	yes	no	no	yes
1212	yes	yes	no	yes	no
1213	no	no	yes	yes	yes
1214	no	yes	no	no	yes
1215	yes	yes	yes	yes	yes
1216	no	yes	yes	no	yes
1217	yes	yes	yes	yes	yes
1218	no	yes	no	no	no
1219	yes	yes	no	yes	yes
1220	yes	yes	no	yes	yes
1221	no	yes	no	no	no
1222	yes	yes	yes	no	no
1223	no	no	yes	yes	yes
1224	no	yes	no	yes	no
1225	yes	no	yes	yes	yes
1226	yes	yes	yes	yes	no
1227	yes	no	no	no	no
1228	no	yes	yes	no	no
1229	yes	no	yes	yes	yes
1230	yes	yes	yes	yes	no
1231	no	no	no	yes	no
1232	no	yes	no	no	no
1233	yes	yes	no	yes	no
1234	yes	no	yes	no	no
1235	no	yes	no	yes	no
1236	no	yes	no	no	no
1237	no	yes	yes	no	yes
1238	yes	no	no	yes	yes
1239	yes	no	yes	yes	yes
1240	no	no	no	yes	no
1241	yes	yes	yes	yes	yes
1242	yes	no	yes	yes	yes
1243	yes	yes	no	no	no
1244	yes	yes	no	no	no
1245	no	no	yes	no	no
1246	no	no	no	yes	yes
1247	no	no	yes	yes	no
1248	yes	no	yes	yes	yes
1249	yes	no	no	yes	yes
1250	no	yes	no	no	no
1251	yes	no	yes	yes	yes
1252	yes	yes	no	yes	no
1253	yes	yes	yes	no	no
1254	yes	no	no	no	no
1255	yes	yes	yes	yes	no
1256	yes	yes	yes	no	no
1257	yes	yes	no	yes	no
1258	yes	no	no	yes	no
1259	no	no	yes	no	no
1260	yes	yes	no	no	no
1261	no	yes	no	yes	no
1262	yes	no	yes	yes	yes
1263	no	no	no	no	no
1264	yes	no	yes	yes	yes
1265	no	yes	no	yes	yes
1266	yes	no	yes	yes	yes
1267	yes	yes	no	no	no
1268	yes	yes	yes	yes	yes
1269	yes	no	no	yes	no
1270	no	yes	no	no	no
1271	no	yes	no	no	no
1272	yes	no	no	yes	yes
1273	yes	yes	yes	yes	no
1274	yes	no	no	no	yes
1275	yes	yes	no	no	yes
1276	yes	no	yes	yes	yes
1277	yes	yes	no	no	no
1278	yes	yes	yes	no	yes
1279	no	yes	yes	no	no
1280	yes	yes	no	no	yes
1281	no	yes	yes	no	yes
1282	yes	no	no	yes	yes
1283	no	yes	yes	no	yes
1284	yes	yes	yes	yes	no
1285	yes	yes	yes	yes	yes
1286	no	yes	no	yes	yes
1287	no	no	yes	no	yes
1288	yes	yes	yes	yes	no
1289	yes	yes	no	yes	no
1290	no	yes	yes	no	no
1291	yes	yes	yes	yes	no
1292	yes	no	yes	no	no
1293	yes	yes	no	no	no
1294	no	yes	yes	no	yes
1295	yes	no	yes	yes	yes
1296	yes	no	yes	yes	no
1297	yes	yes	no	yes	no
1298	no	no	yes	no	no
1299	no	yes	no	no	no
1300	yes	no	no	yes	yes
1301	yes	yes	no	no	no
1302	yes	no	no	yes	no
1303	yes	no	no	no	no
1304	no	yes	yes	no	no
1305	yes	yes	yes	no	no
1306	yes	yes	no	yes	no
1307	yes	yes	no	no	no
1308	yes	yes	no	no	no
1309	no	yes	yes	yes	yes
1310	yes	yes	no	yes	no
1311	yes	yes	yes	yes	yes
1312	yes	yes	no	yes	no
1313	yes	no	yes	yes	yes
1314	yes	yes	no	yes	no
1315	yes	no	yes	yes	yes
1316	yes	yes	no	yes	no
1317	no	yes	yes	no	yes
1318	no	yes	no	yes	no
1319	no	yes	no	no	no
1320	no	yes	no	yes	no
1321	no	yes	no	yes	no
1322	yes	yes	yes	yes	yes
1323	yes	yes	yes	no	no
1324	no	yes	no	no	yes
1325	yes	no	yes	yes	yes
1326	no	yes	no	no	no
1327	no	yes	no	no	no
1328	yes	no	yes	yes	yes
1329	no	yes	no	no	no
1330	yes	no	no	yes	no
1331	yes	no	yes	yes	yes
1332	no	yes	yes	no	no
1333	yes	yes	no	no	no
1334	yes	yes	no	no	no
1335	yes	yes	yes	no	yes
1336	no	yes	yes	yes	no
1337	yes	yes	no	yes	no
1338	yes	yes	no	no	no
1339	yes	yes	no	yes	no
1340	no	yes	no	no	no
1341	yes	no	yes	yes	yes
1342	yes	yes	yes	no	no
1343	yes	yes	yes	yes	no
1344	yes	yes	no	no	no
1345	no	no	no	no	yes
1346	yes	yes	no	yes	yes
1347	no	no	no	no	no
1348	no	yes	yes	no	yes
1349	no	yes	no	yes	yes
1350	no	yes	yes	no	yes
1351	no	yes	no	no	yes
1352	yes	no	yes	yes	yes
1353	no	yes	no	no	no
1354	no	yes	no	no	yes
1355	no	yes	no	no	no
1356	no	no	yes	no	no
1357	no	yes	yes	yes	yes
1358	no	no	yes	yes	yes
1359	no	yes	yes	no	yes
1360	yes	no	no	no	no
1361	yes	no	yes	yes	no
1362	yes	no	yes	yes	yes
1363	yes	yes	no	yes	yes
1364	yes	no	yes	yes	yes
1365	yes	yes	no	no	no
1366	no	yes	no	no	yes
1367	no	yes	no	no	no
1368	yes	no	yes	yes	yes
1369	yes	yes	yes	yes	yes
1370	yes	no	yes	yes	yes
1371	yes	yes	yes	yes	yes
1372	yes	no	yes	yes	yes
1373	no	yes	no	no	no
1374	no	yes	no	no	yes
1375	yes	no	yes	no	yes
1376	yes	yes	yes	no	no
1377	no	yes	no	no	yes
1378	yes	yes	no	yes	yes
1379	no	no	yes	yes	no
1380	yes	no	yes	yes	yes
1381	no	yes	no	no	no
1382	no	yes	no	no	no
1383	yes	yes	no	yes	yes
1384	yes	yes	yes	no	yes
1385	yes	no	no	no	no
1386	no	no	yes	no	no
1387	yes	yes	yes	yes	no
1388	yes	yes	no	no	yes
1389	no	yes	no	no	no
1390	yes	no	yes	yes	yes
1391	yes	no	yes	no	yes
1392	yes	yes	no	no	no
1393	yes	no	yes	yes	yes
1394	yes	no	yes	yes	yes
1395	yes	yes	yes	yes	no
1396	no	yes	yes	no	no
1397	yes	yes	no	yes	yes
1398	yes	yes	yes	no	yes
1399	yes	yes	no	yes	no
1400	no	no	no	yes	yes
1401	yes	yes	yes	yes	yes
1402	yes	yes	yes	yes	no
1403	no	yes	no	no	yes
1404	yes	no	yes	yes	yes
1405	yes	yes	yes	yes	yes
1406	no	yes	yes	no	no
1407	yes	no	no	yes	yes
1408	yes	yes	no	no	no
1409	yes	no	yes	yes	yes
1410	no	yes	no	no	no
1411	no	no	yes	no	no
1412	no	yes	no	no	no
1413	yes	no	yes	no	no
1414	yes	yes	yes	no	no
1415	no	yes	yes	no	no
1416	no	no	yes	yes	no
1417	no	yes	yes	no	no
1418	yes	no	yes	yes	yes
1419	yes	no	yes	no	no
1420	no	yes	no	yes	no
1421	yes	yes	yes	yes	yes
1422	yes	yes	no	yes	yes
1423	no	yes	no	no	no
1424	yes	yes	yes	yes	yes
1425	yes	no	no	yes	yes
1426	yes	no	yes	yes	yes
1427	yes	no	no	no	no
1428	yes	yes	no	no	no
1429	no	yes	yes	yes	yes
1430	no	yes	no	yes	yes
1431	yes	yes	no	yes	no
1432	no	yes	no	no	no
1433	yes	yes	yes	no	yes
1434	no	yes	no	no	no
1435	no	yes	no	no	no
1436	yes	yes	no	yes	yes
1437	no	yes	yes	no	yes
1438	no	no	yes	no	no
1439	yes	no	yes	yes	yes
1440	yes	yes	no	yes	yes
1441	no	yes	no	no	no
1442	yes	no	yes	yes	no
1443	no	yes	no	no	no
1444	no	yes	no	yes	yes
1445	no	yes	no	no	no
1446	yes	no	yes	yes	no
1447	yes	no	yes	yes	no
1448	yes	no	yes	yes	no
1449	yes	no	yes	yes	yes
1450	yes	no	yes	no	no
1451	yes	no	yes	yes	no
1452	no	yes	no	no	yes
1453	yes	yes	yes	yes	no
1454	yes	no	yes	no	yes
1455	no	yes	yes	no	no
1456	yes	yes	yes	yes	yes
1457	yes	no	yes	no	no
1458	yes	no	no	yes	no
1459	yes	no	no	yes	no
1460	no	yes	yes	no	no
1461	no	yes	yes	no	no
1462	no	yes	yes	no	no
1463	yes	no	yes	yes	yes
1464	yes	yes	no	no	yes
1465	yes	yes	no	no	no
1466	yes	no	yes	yes	yes
1467	yes	no	yes	yes	yes
1468	yes	no	no	yes	no
1469	yes	no	yes	yes	yes
1470	yes	no	yes	yes	no
1471	no	yes	no	no	no
1472	no	yes	yes	no	no
1473	yes	yes	no	no	no
1474	no	yes	no	no	no
1475	yes	no	yes	yes	yes
1476	no	yes	no	yes	no
1477	no	yes	no	no	no
1478	yes	no	no	yes	yes
1479	yes	yes	no	yes	yes
1480	no	yes	no	no	no
1481	yes	no	no	yes	yes
1482	yes	no	yes	yes	yes
1483	no	yes	no	no	no
1484	no	yes	no	no	no
1485	no	yes	no	no	no
1486	yes	yes	no	yes	yes
1487	no	yes	yes	yes	no
1488	yes	no	no	no	yes
1489	no	no	yes	yes	no
1490	yes	yes	no	yes	no
1491	yes	no	no	yes	yes
1492	yes	yes	yes	no	yes
1493	no	yes	no	no	no
1494	yes	yes	no	yes	yes
1495	yes	no	yes	yes	yes
1496	yes	no	yes	yes	yes
1497	no	yes	no	no	no
1498	no	yes	no	no	no
1499	yes	no	yes	no	no
1500	yes	no	yes	yes	yes
1501	no	yes	yes	no	yes
1502	yes	yes	no	no	no
1503	no	yes	yes	no	no
1504	yes	yes	no	yes	yes
1505	yes	no	no	no	no
1506	no	yes	yes	no	no
1507	yes	yes	no	yes	no
1508	yes	yes	yes	yes	yes
1509	yes	yes	yes	no	yes
1510	yes	yes	yes	no	yes
1511	yes	yes	yes	yes	yes
1512	no	yes	no	no	yes
1513	yes	yes	yes	yes	yes
1514	yes	no	yes	no	no
1515	yes	yes	no	no	no
1516	yes	no	yes	yes	yes
1517	no	yes	no	no	no
1518	no	yes	yes	yes	yes
1519	yes	yes	yes	yes	yes
1520	no	yes	no	no	yes
1521	yes	no	yes	yes	yes
1522	yes	no	yes	yes	yes
1523	yes	no	yes	yes	yes
1524	no	yes	no	no	no
1525	no	yes	no	yes	no
1526	yes	yes	no	no	yes
1527	yes	no	yes	yes	yes
1528	no	yes	no	no	no
1529	yes	yes	no	yes	yes
1530	yes	no	no	yes	no
1531	yes	yes	yes	no	yes
1532	no	yes	yes	no	yes
1533	yes	yes	yes	yes	yes
1534	yes	no	yes	yes	yes
1535	yes	no	no	yes	yes
1536	no	yes	no	yes	no
1537	yes	yes	no	no	no
1538	no	yes	no	no	no
1539	no	yes	no	yes	no
1540	yes	no	yes	yes	no
1541	yes	yes	yes	yes	no
1542	yes	no	no	yes	yes
1543	no	yes	no	yes	no
1544	no	yes	no	yes	yes
1545	yes	yes	no	yes	yes
1546	no	no	no	no	yes
1547	no	yes	yes	yes	yes
1548	no	yes	yes	no	no
1549	no	no	no	yes	yes
1550	yes	yes	yes	yes	yes
1551	no	yes	no	no	no
1552	yes	yes	yes	yes	yes
1553	no	no	yes	yes	yes
1554	yes	yes	no	no	yes
1555	yes	no	yes	no	no
1556	yes	no	no	no	no
1557	yes	yes	no	yes	yes
1558	yes	no	yes	yes	yes
1559	no	yes	no	yes	yes
1560	no	yes	no	no	no
1561	no	yes	yes	yes	no
1562	yes	yes	yes	yes	no
1563	yes	yes	yes	yes	yes
1564	no	yes	yes	no	no
1565	yes	yes	no	no	yes
1566	yes	yes	no	yes	no
1567	yes	yes	no	no	no
1568	yes	yes	yes	yes	yes
1569	yes	yes	no	no	yes
1570	yes	no	yes	yes	yes
1571	yes	yes	yes	no	yes
1572	yes	yes	no	yes	no
1573	no	yes	no	yes	yes
1574	yes	yes	no	no	yes
1575	yes	yes	yes	no	yes
1576	yes	yes	yes	yes	yes
1577	yes	yes	no	no	no
1578	no	yes	no	no	no
1579	yes	yes	no	yes	no
1580	yes	yes	yes	yes	yes
1581	no	yes	no	yes	no
1582	yes	no	yes	yes	no
1583	no	no	yes	no	no
1584	no	yes	no	no	no
1585	yes	no	yes	yes	yes
1586	yes	yes	no	yes	yes
1587	yes	no	yes	yes	no
1588	yes	yes	no	yes	no
1589	yes	no	yes	yes	yes
1590	yes	no	no	yes	no
1591	no	no	yes	no	yes
1592	no	yes	no	no	no
1593	no	yes	no	no	no
1594	yes	yes	yes	no	no
1595	yes	no	yes	yes	yes
1596	yes	yes	no	no	no
1597	no	no	yes	yes	yes
1598	no	yes	yes	no	no
1599	yes	yes	yes	yes	yes
1600	yes	yes	no	no	no
1601	yes	no	no	yes	yes
1602	yes	yes	no	yes	yes
1603	yes	yes	no	yes	yes
1604	yes	no	yes	yes	no
1605	yes	yes	no	yes	no
1606	no	no	yes	no	yes
1607	no	yes	yes	no	no
1608	no	yes	no	no	no
1609	yes	yes	yes	yes	no
1610	yes	yes	yes	no	yes
1611	yes	no	no	yes	no
1612	yes	yes	no	yes	yes
1613	no	yes	no	no	yes
1614	yes	yes	yes	yes	no
1615	no	yes	no	no	no
1616	no	yes	yes	no	yes
1617	yes	yes	no	yes	no
1618	yes	no	yes	yes	yes
1619	no	yes	no	no	no
1620	no	yes	no	no	no
1621	no	yes	no	no	no
1622	no	no	yes	yes	no
1623	yes	yes	yes	no	no
1624	yes	yes	yes	yes	yes
1625	yes	yes	yes	no	no
1626	no	no	yes	no	no
1627	yes	yes	no	no	no
1628	no	yes	no	no	no
1629	no	yes	yes	no	no
1630	yes	yes	no	no	no
1631	no	yes	no	yes	no
1632	yes	yes	no	yes	no
1633	yes	yes	no	yes	no
1634	no	yes	no	yes	yes
1635	no	yes	yes	no	no
1636	yes	yes	no	no	no
1637	no	yes	yes	yes	yes
1638	yes	yes	no	yes	no
1639	yes	no	yes	yes	yes
1640	yes	yes	no	no	no
1641	no	yes	no	no	no
1642	yes	yes	no	no	no
1643	yes	yes	yes	no	no
1644	no	no	no	no	yes
1645	yes	yes	yes	yes	no
1646	no	yes	no	no	no
1647	yes	yes	no	yes	yes
1648	no	yes	no	no	no
1649	no	yes	yes	no	yes
1650	yes	yes	yes	yes	no
1651	no	yes	yes	no	yes
1652	yes	yes	no	yes	no
1653	yes	yes	no	no	yes
1654	yes	yes	no	yes	no
1655	yes	no	no	no	yes
1656	yes	no	yes	yes	no
1657	yes	yes	yes	no	no
1658	no	yes	no	no	no
1659	yes	yes	no	yes	no
1660	yes	no	no	yes	yes
1661	yes	no	yes	yes	yes
1662	yes	yes	yes	yes	yes
1663	no	yes	yes	yes	no
1664	no	yes	no	no	no
1665	no	yes	no	no	no
1666	yes	yes	no	yes	yes
1667	no	yes	no	no	no
1668	yes	yes	no	yes	yes
1669	no	yes	no	yes	no
1670	yes	no	no	yes	yes
1671	yes	yes	yes	yes	no
1672	no	yes	no	yes	no
1673	no	no	yes	no	no
1674	yes	no	no	no	no
1675	no	yes	no	no	yes
1676	yes	no	no	yes	yes
1677	yes	yes	no	no	no
1678	no	no	no	no	yes
1679	yes	no	yes	yes	yes
1680	no	yes	yes	yes	yes
1681	yes	yes	no	yes	yes
1682	yes	yes	yes	yes	yes
1683	no	yes	yes	yes	no
1684	no	yes	no	no	no
1685	yes	yes	yes	yes	yes
1686	no	yes	no	no	yes
1687	yes	yes	no	yes	no
1688	no	yes	no	no	no
1689	no	yes	no	no	yes
1690	yes	yes	no	no	no
1691	yes	yes	no	yes	yes
1692	yes	no	yes	yes	yes
1693	no	yes	no	no	no
1694	yes	no	no	yes	yes
1695	yes	yes	yes	yes	yes
1696	no	yes	no	yes	no
1697	yes	yes	yes	no	yes
1698	no	yes	no	no	yes
1699	yes	yes	no	no	no
1700	no	no	yes	yes	yes
1701	no	yes	yes	no	yes
1702	yes	no	no	yes	no
1703	yes	yes	no	yes	yes
1704	no	yes	yes	no	yes
1705	yes	no	no	yes	no
1706	yes	yes	yes	yes	no
1707	no	yes	no	yes	yes
1708	yes	yes	no	yes	yes
1709	yes	yes	yes	no	no
1710	no	yes	no	no	no
1711	yes	no	yes	yes	yes
1712	yes	yes	no	yes	no
1713	yes	yes	yes	no	yes
1714	yes	yes	yes	yes	no
1715	yes	yes	yes	yes	yes
1716	no	yes	yes	no	no
1717	no	yes	no	no	no
1718	yes	yes	yes	yes	yes
1719	yes	no	no	no	yes
1720	no	no	no	yes	no
1721	no	yes	yes	yes	yes
1722	no	yes	no	no	no
1723	no	no	yes	yes	yes
1724	yes	yes	no	no	no
1725	yes	yes	yes	yes	no
1726	no	yes	yes	no	no
1727	yes	yes	no	yes	no
1728	yes	no	yes	yes	yes
1729	no	yes	no	no	no
1730	yes	yes	no	yes	no
1731	no	yes	yes	no	no
1732	no	no	yes	yes	yes
1733	yes	yes	yes	no	yes
1734	yes	no	yes	yes	no
1735	yes	no	yes	yes	no
1736	yes	yes	yes	yes	yes
1737	yes	yes	yes	no	no
1738	yes	yes	no	yes	no
1739	no	yes	no	yes	yes
1740	no	no	yes	no	no
1741	yes	no	yes	yes	yes
1742	yes	yes	yes	yes	yes
1743	yes	yes	yes	yes	yes
1744	yes	yes	yes	yes	yes
1745	yes	yes	no	no	no
1746	yes	no	no	yes	no
1747	no	no	yes	no	yes
1748	yes	no	yes	yes	yes
1749	yes	yes	yes	no	yes
1750	no	yes	no	no	no
1751	yes	no	no	yes	no
1752	yes	yes	yes	no	no
1753	no	yes	no	no	no
1754	no	yes	no	no	no
1755	no	yes	no	no	no
1756	no	yes	no	no	no
1757	yes	no	no	yes	no
1758	yes	no	no	yes	yes
1759	yes	no	yes	yes	no
1760	no	yes	no	no	yes
1761	yes	no	yes	no	yes
1762	yes	yes	yes	yes	yes
1763	yes	yes	yes	no	yes
1764	yes	yes	no	yes	no
1765	no	no	no	no	yes
1766	yes	no	no	yes	yes
1767	no	yes	yes	no	no
1768	yes	yes	yes	no	no
1769	yes	yes	no	no	no
1770	yes	yes	yes	yes	yes
1771	yes	no	yes	yes	yes
1772	no	yes	no	no	no
1773	yes	no	yes	no	no
1774	yes	no	no	no	yes
1775	yes	yes	no	yes	yes
1776	no	yes	no	no	yes
1777	no	yes	yes	yes	no
1778	yes	no	yes	no	no
1779	yes	no	yes	yes	yes
1780	yes	no	yes	yes	yes
1781	no	no	no	no	no
1782	no	yes	no	no	no
1783	yes	yes	no	no	yes
1784	no	no	yes	no	yes
1785	yes	yes	yes	yes	no
1786	yes	yes	no	no	no
1787	yes	yes	yes	yes	no
1788	yes	yes	yes	yes	no
1789	yes	no	yes	yes	yes
1790	yes	yes	no	yes	no
1791	no	yes	no	no	no
1792	no	yes	yes	no	no
1793	no	yes	no	no	no
1794	no	yes	no	no	no
1795	no	yes	no	no	no
1796	yes	yes	no	yes	no
1797	no	yes	no	no	no
1798	yes	no	yes	no	yes
1799	no	yes	yes	yes	yes
1800	yes	yes	no	yes	yes
1801	yes	yes	no	yes	no
1802	yes	yes	no	yes	no
1803	yes	yes	no	no	no
1804	no	yes	no	no	no
1805	yes	no	yes	yes	yes
1806	no	yes	no	no	no
1807	yes	yes	no	no	no
1808	yes	no	no	yes	yes
1809	yes	yes	no	no	yes
1810	yes	no	yes	yes	yes
1811	no	yes	no	yes	yes
1812	no	yes	no	yes	yes
1813	no	yes	no	no	yes
1814	yes	yes	no	no	no
1815	yes	yes	no	yes	yes
1816	yes	no	no	yes	yes
1817	no	yes	no	yes	yes
1818	yes	yes	yes	yes	yes
1819	yes	yes	no	no	no
1820	yes	yes	no	no	yes
1821	yes	yes	no	yes	no
1822	yes	yes	no	yes	yes
1823	yes	no	yes	yes	yes
1824	yes	yes	no	yes	no
1825	yes	yes	no	yes	no
1826	yes	no	no	yes	yes
1827	no	yes	no	yes	yes
1828	yes	no	yes	yes	yes
1829	no	yes	no	no	yes
1830	yes	yes	no	yes	no
1831	yes	yes	yes	yes	yes
1832	no	no	no	no	no
1833	yes	no	no	yes	no
1834	yes	no	yes	yes	yes
1835	no	yes	no	no	no
1836	yes	yes	yes	yes	no
1837	no	yes	no	yes	no
1838	yes	yes	yes	yes	yes
1839	yes	yes	no	no	no
1840	yes	yes	yes	yes	yes
1841	no	yes	no	yes	no
1842	yes	yes	no	yes	no
1843	no	yes	no	no	no
1844	yes	yes	yes	yes	yes
1845	yes	no	yes	yes	no
1846	yes	no	yes	yes	yes
1847	no	no	no	no	no
1848	no	yes	no	no	yes
1849	yes	yes	yes	no	yes
1850	no	yes	yes	yes	yes
1851	yes	yes	no	no	no
1852	yes	yes	no	no	no
1853	yes	no	yes	yes	yes
1854	no	yes	no	yes	no
1855	yes	no	yes	yes	yes
1856	yes	no	yes	yes	yes
1857	no	yes	no	yes	no
1858	yes	no	yes	yes	yes
1859	yes	yes	no	yes	no
1860	yes	yes	no	yes	yes
1861	no	no	no	no	no
1862	yes	no	yes	yes	yes
1863	yes	yes	yes	no	no
1864	yes	no	yes	yes	no
1865	no	yes	no	no	no
1866	yes	yes	yes	yes	no
1867	no	yes	no	yes	yes
1868	yes	no	yes	yes	yes
1869	yes	no	no	no	no
1870	yes	no	no	no	yes
1871	yes	yes	no	yes	no
1872	yes	yes	yes	yes	no
1873	yes	no	yes	yes	yes
1874	no	no	no	no	yes
1875	no	yes	yes	no	no
1876	no	yes	no	no	no
1877	no	yes	no	yes	no
1878	yes	yes	yes	yes	no
1879	no	yes	no	no	no
1880	no	yes	no	yes	yes
1881	yes	yes	no	yes	no
1882	yes	yes	no	yes	no
1883	yes	no	no	yes	yes
1884	no	yes	no	no	yes
1885	yes	yes	no	yes	no
1886	no	yes	yes	no	no
1887	yes	yes	no	yes	no
1888	yes	yes	no	no	no
1889	yes	yes	no	yes	no
1890	no	yes	yes	no	no
1891	yes	no	yes	yes	yes
1892	no	yes	yes	yes	no
1893	no	yes	no	yes	no
1894	no	yes	no	yes	yes
1895	yes	yes	yes	yes	yes
1896	yes	yes	yes	yes	yes
1897	no	yes	no	no	no
1898	no	yes	no	yes	yes
1899	yes	no	yes	yes	no
1900	yes	no	no	no	no
1901	yes	yes	yes	yes	no
1902	no	yes	yes	no	yes
1903	no	no	yes	yes	yes
1904	yes	no	no	yes	yes
1905	yes	no	yes	yes	yes
1906	yes	no	yes	yes	yes
1907	no	yes	yes	no	yes
1908	no	yes	no	yes	no
1909	yes	yes	yes	no	no
1910	yes	yes	yes	yes	yes
1911	yes	no	yes	yes	yes
1912	no	no	no	yes	no
1913	no	yes	no	no	no
1914	no	no	yes	no	yes
1915	no	yes	yes	no	no
1916	no	yes	no	no	no
1917	no	yes	yes	no	no
1918	no	yes	no	no	no
1919	yes	yes	no	yes	yes
1920	no	yes	no	no	no
1921	no	yes	no	no	no
1922	no	yes	no	no	no
1923	yes	yes	no	yes	yes
1924	no	yes	yes	no	no
1925	no	yes	no	yes	no
1926	yes	no	yes	yes	yes
1927	no	no	yes	yes	no
1928	yes	yes	no	yes	yes
1929	yes	no	yes	yes	yes
1930	yes	no	yes	yes	no
1931	yes	no	yes	no	no
1932	yes	no	yes	yes	yes
1933	no	yes	no	yes	no
1934	yes	yes	no	yes	no
1935	yes	no	yes	no	yes
1936	yes	yes	yes	yes	no
1937	yes	yes	no	no	yes
1938	yes	no	no	no	yes
1939	no	yes	no	no	no
1940	yes	yes	yes	yes	no
1941	no	yes	no	no	no
1942	yes	yes	yes	yes	yes
1943	yes	yes	yes	no	no
1944	no	yes	no	no	yes
1945	yes	no	yes	no	no
1946	no	yes	yes	yes	no
1947	no	yes	no	no	no
1948	no	yes	no	no	no
1949	no	yes	yes	no	yes
1950	yes	yes	yes	yes	no
1951	yes	yes	no	yes	yes
1952	no	yes	no	no	no
1953	no	yes	no	no	no
1954	yes	no	yes	no	no
1955	yes	yes	yes	yes	yes
1956	yes	yes	yes	yes	yes
1957	no	yes	no	no	yes
1958	yes	yes	no	no	yes
1959	yes	yes	no	no	no
1960	yes	no	yes	yes	yes
1961	yes	yes	no	no	yes
1962	no	yes	no	no	no
1963	no	yes	yes	no	yes
1964	yes	no	yes	no	yes
1965	no	yes	yes	yes	yes
1966	yes	yes	yes	yes	no
1967	no	yes	yes	yes	no
1968	no	yes	no	yes	no
1969	yes	no	yes	yes	no
1970	no	yes	yes	no	no
1971	yes	yes	yes	yes	yes
1972	no	yes	no	yes	no
1973	no	yes	no	no	no
1974	no	yes	yes	yes	yes
1975	yes	yes	no	yes	yes
1976	yes	yes	yes	yes	no
1977	yes	yes	no	no	no
1978	yes	yes	no	no	no
1979	no	yes	no	no	no
1980	no	no	yes	no	no
1981	yes	yes	no	no	no
1982	no	yes	no	yes	no
1983	yes	yes	yes	yes	yes
1984	no	yes	no	yes	yes
1985	no	no	no	no	no
1986	yes	yes	no	yes	yes
1987	yes	no	no	yes	yes
1988	no	yes	yes	no	no
1989	yes	yes	no	no	no
1990	yes	yes	no	no	no
1991	no	yes	no	no	no
1992	yes	no	yes	yes	no
1993	yes	yes	yes	no	no
1994	no	yes	no	no	no
1995	no	yes	no	no	yes
1996	yes	yes	yes	yes	no
1997	no	no	yes	yes	yes
1998	yes	yes	no	no	no
1999	no	yes	yes	no	yes
2000	no	yes	no	no	yes
2001	yes	yes	no	no	yes
2002	yes	no	yes	yes	yes
2003	yes	yes	no	no	no
2004	yes	yes	no	no	yes
2005	yes	yes	yes	yes	yes
2006	yes	yes	yes	no	yes
2007	yes	yes	no	no	no
2008	yes	yes	no	no	no
2009	no	yes	no	no	no
2010	yes	no	yes	yes	no
2011	yes	yes	no	yes	yes
2012	yes	yes	no	no	yes
2013	yes	yes	yes	yes	yes
2014	yes	yes	no	yes	no
2015	yes	yes	no	yes	yes
2016	yes	no	yes	yes	yes
2017	yes	no	yes	yes	yes
2018	yes	yes	yes	yes	yes
2019	yes	yes	no	yes	no
2020	yes	yes	yes	no	no
2021	no	no	no	no	yes
2022	yes	no	yes	no	yes
2023	no	yes	no	no	no
2024	yes	yes	no	no	no
2025	yes	yes	no	no	yes
2026	yes	no	yes	no	no
2027	yes	yes	no	yes	yes
2028	no	yes	yes	no	no
2029	yes	yes	no	yes	no
2030	no	no	yes	no	yes
2031	yes	no	no	yes	yes
2032	yes	yes	yes	yes	yes
2033	yes	no	yes	yes	yes
2034	no	yes	no	no	no
2035	yes	yes	yes	no	no
2036	no	yes	no	yes	no
2037	yes	no	yes	yes	no
2038	no	yes	no	no	yes
2039	no	yes	no	no	yes
2040	no	yes	yes	no	no
2041	yes	no	no	no	yes
2042	no	yes	yes	no	no
2043	yes	no	no	yes	yes
2044	no	yes	yes	no	no
2045	no	no	yes	yes	yes
2046	no	yes	no	no	no
2047	yes	yes	no	no	yes
2048	yes	no	no	no	no
2049	yes	no	yes	no	no
2050	no	yes	yes	no	yes
2051	no	yes	no	no	no
2052	yes	no	yes	yes	yes
2053	yes	yes	yes	yes	no
2054	yes	no	yes	no	yes
2055	yes	yes	yes	no	no
2056	yes	yes	yes	yes	no
2057	no	yes	no	yes	no
2058	yes	no	no	yes	yes
2059	yes	yes	no	yes	yes
2060	yes	yes	no	no	no
2061	no	no	yes	no	no
2062	yes	yes	no	no	yes
2063	yes	yes	yes	yes	yes
2064	yes	no	yes	yes	yes
2065	no	yes	no	no	no
2066	yes	yes	no	yes	no
2067	yes	yes	yes	yes	no
2068	yes	yes	no	no	no
2069	no	no	no	no	no
2070	yes	yes	no	yes	yes
2071	yes	yes	yes	yes	no
2072	no	yes	yes	no	no
2073	no	yes	no	yes	yes
2074	no	yes	no	no	no
2075	yes	yes	yes	yes	yes
2076	yes	yes	no	no	no
2077	no	yes	no	yes	no
2078	yes	yes	yes	yes	no
2079	yes	no	no	yes	yes
2080	no	yes	no	no	yes
2081	yes	yes	no	no	no
2082	yes	no	yes	no	no
2083	yes	yes	yes	yes	no
2084	yes	yes	no	no	yes
2085	yes	no	no	no	yes
2086	no	no	no	yes	yes
2087	yes	yes	yes	yes	yes
2088	yes	yes	yes	yes	no
2089	no	yes	no	no	no
2090	yes	no	yes	yes	yes
2091	no	yes	yes	no	no
2092	no	yes	no	no	yes
2093	no	yes	no	yes	yes
2094	yes	yes	no	yes	yes
2095	yes	yes	no	yes	no
2096	yes	yes	no	yes	yes
2097	yes	yes	yes	no	no
2098	yes	yes	yes	no	no
2099	yes	yes	yes	yes	yes
2100	no	yes	yes	no	no
2101	no	yes	yes	no	yes
2102	no	yes	no	no	yes
2103	yes	no	yes	yes	yes
2104	yes	no	yes	no	yes
2105	yes	yes	no	no	no
2106	yes	no	yes	yes	yes
2107	no	yes	no	no	no
2108	yes	yes	no	no	no
2109	yes	yes	no	yes	no
2110	yes	yes	no	no	no
2111	no	no	yes	no	no
2112	no	yes	no	yes	yes
2113	yes	no	no	no	yes
2114	yes	yes	no	no	no
2115	no	yes	no	no	no
2116	yes	yes	yes	yes	no
2117	yes	no	yes	yes	yes
2118	yes	yes	yes	yes	no
2119	no	yes	yes	no	no
2120	no	no	no	no	yes
2121	yes	no	no	no	yes
2122	yes	yes	yes	yes	no
2123	no	yes	yes	no	yes
2124	no	yes	no	no	no
2125	yes	no	yes	yes	yes
2126	no	no	yes	yes	yes
2127	yes	yes	no	no	yes
2128	yes	yes	yes	no	yes
2129	no	yes	no	yes	no
2130	no	yes	yes	no	yes
2131	yes	yes	yes	no	no
2132	no	no	yes	yes	yes
2133	no	yes	no	no	no
2134	yes	no	no	no	yes
2135	yes	no	no	yes	yes
2136	no	yes	no	no	no
2137	yes	no	yes	yes	yes
2138	no	yes	no	yes	no
2139	no	yes	yes	yes	yes
2140	yes	yes	no	yes	no
2141	no	yes	yes	no	no
2142	yes	yes	yes	yes	no
2143	yes	yes	yes	yes	no
2144	no	yes	yes	no	yes
2145	no	yes	no	no	no
2146	no	no	yes	yes	no
2147	yes	yes	no	no	yes
2148	yes	yes	yes	no	yes
2149	yes	yes	yes	yes	no
2150	yes	no	yes	no	yes
2151	yes	no	no	yes	no
2152	yes	yes	no	yes	yes
2153	yes	no	yes	no	yes
2154	yes	no	yes	yes	no
2155	yes	no	no	yes	yes
2156	yes	no	no	yes	no
2157	yes	yes	yes	no	yes
2158	yes	no	yes	yes	yes
2159	yes	yes	no	no	no
2160	no	no	no	no	no
2161	yes	yes	yes	no	yes
2162	no	no	no	no	no
2163	yes	yes	no	no	no
2164	yes	yes	no	no	yes
2165	no	yes	yes	yes	yes
2166	yes	no	yes	yes	yes
2167	no	no	no	no	no
2168	yes	yes	no	yes	no
2169	no	yes	yes	yes	yes
2170	yes	yes	no	yes	no
2171	yes	no	yes	yes	no
2172	yes	yes	no	no	no
2173	yes	yes	no	yes	no
2174	no	yes	yes	no	no
2175	no	yes	yes	no	yes
2176	no	yes	no	no	no
2177	no	yes	yes	no	yes
2178	yes	yes	no	yes	yes
2179	no	no	yes	yes	no
2180	yes	no	yes	yes	yes
2181	yes	no	yes	yes	no
2182	no	yes	yes	no	yes
2183	no	yes	no	no	no
2184	yes	yes	no	no	no
2185	yes	yes	no	yes	yes
2186	yes	yes	no	yes	no
2187	no	yes	no	yes	no
2188	yes	no	no	yes	yes
2189	yes	yes	no	no	yes
2190	no	yes	no	yes	yes
2191	yes	yes	yes	no	no
2192	yes	no	no	no	no
2193	no	yes	yes	yes	yes
2194	no	yes	no	no	no
2195	no	yes	no	no	no
2196	no	yes	no	no	no
2197	yes	yes	no	yes	no
2198	yes	yes	no	no	no
2199	yes	no	yes	yes	yes
2200	yes	no	no	yes	no
2201	yes	no	yes	yes	yes
2202	no	no	no	no	no
2203	no	yes	yes	no	yes
2204	yes	no	no	yes	yes
2205	yes	no	no	yes	yes
2206	yes	yes	no	no	yes
2207	no	yes	yes	no	no
2208	yes	no	no	no	no
2209	no	yes	no	no	no
2210	yes	yes	no	yes	no
2211	yes	yes	no	no	no
2212	no	yes	no	yes	no
2213	yes	yes	no	no	no
2214	no	no	yes	yes	yes
2215	yes	no	yes	yes	no
2216	no	yes	no	no	no
2217	no	yes	yes	yes	no
2218	yes	no	yes	yes	yes
2219	no	yes	yes	no	no
2220	no	yes	no	no	no
2221	yes	no	yes	yes	yes
2222	yes	yes	no	yes	no
2223	no	yes	no	yes	no
2224	no	yes	no	yes	no
2225	no	yes	no	no	no
2226	no	no	yes	yes	no
2227	yes	no	no	yes	no
2228	yes	yes	no	yes	no
2229	yes	yes	no	no	yes
2230	yes	no	yes	yes	no
2231	yes	no	no	yes	yes
2232	yes	no	no	yes	no
2233	yes	yes	yes	no	no
2234	no	yes	no	yes	yes
2235	yes	yes	yes	yes	yes
2236	yes	yes	no	yes	no
2237	no	yes	no	no	no
2238	yes	yes	no	yes	yes
2239	no	no	yes	no	no
2240	yes	yes	no	yes	yes
2241	no	yes	yes	no	no
2242	yes	no	yes	no	yes
2243	yes	no	yes	yes	yes
2244	yes	no	yes	yes	yes
2245	yes	no	yes	yes	yes
2246	no	no	yes	yes	yes
2247	yes	yes	no	no	no
2248	no	no	no	no	yes
2249	no	no	yes	no	yes
2250	yes	yes	yes	no	yes
2251	no	yes	no	no	no
2252	yes	no	yes	no	no
2253	yes	yes	no	no	no
2254	no	yes	no	yes	no
2255	yes	yes	no	yes	yes
2256	no	no	yes	yes	yes
2257	no	no	yes	yes	yes
2258	yes	yes	yes	no	no
2259	yes	no	no	yes	no
2260	no	yes	no	no	yes
2261	yes	no	no	yes	yes
2262	no	yes	no	no	yes
2263	no	no	no	no	no
2264	no	yes	no	no	no
2265	no	no	no	yes	yes
2266	yes	yes	yes	yes	no
2267	yes	yes	no	yes	yes
2268	no	yes	yes	no	no
2269	no	yes	no	no	no
2270	no	yes	no	no	no
2271	yes	no	no	yes	yes
2272	no	yes	no	no	yes
2273	yes	no	yes	yes	no
2274	no	no	no	no	yes
2275	yes	yes	no	yes	no
2276	no	no	no	yes	no
2277	yes	no	yes	yes	no
2278	yes	yes	no	yes	no
2279	no	yes	no	yes	no
2280	no	yes	no	no	no
2281	yes	yes	no	yes	no
2282	no	yes	no	no	no
2283	no	no	no	yes	yes
2284	yes	yes	yes	no	no
2285	yes	no	yes	yes	yes
2286	no	no	yes	yes	yes
2287	yes	yes	no	no	no
2288	yes	yes	no	yes	no
2289	no	yes	yes	no	no
2290	yes	no	yes	yes	yes
2291	yes	yes	yes	yes	no
2292	yes	no	no	yes	yes
2293	yes	yes	no	yes	yes
2294	yes	yes	yes	yes	no
2295	yes	yes	no	no	no
2296	no	yes	no	no	no
2297	yes	yes	yes	no	no
2298	yes	yes	no	no	yes
2299	yes	no	yes	yes	yes
2300	yes	yes	no	no	no
2301	no	yes	no	yes	no
2302	yes	no	yes	yes	yes
2303	yes	yes	no	no	no
2304	yes	yes	no	no	no
2305	yes	yes	yes	yes	no
2306	yes	no	yes	yes	yes
2307	no	yes	yes	no	no
2308	no	yes	no	no	no
2309	no	yes	no	no	no
2310	no	yes	no	no	no
2311	yes	no	yes	no	no
2312	yes	yes	no	no	no
2313	yes	no	yes	yes	yes
2314	no	yes	no	no	yes
2315	yes	no	yes	yes	yes
2316	yes	no	yes	no	yes
2317	yes	no	yes	yes	yes
2318	yes	yes	yes	yes	yes
2319	yes	yes	no	yes	no
2320	yes	yes	no	yes	yes
2321	yes	yes	yes	yes	yes
2322	no	yes	yes	yes	no
2323	no	yes	no	yes	yes
2324	yes	no	yes	yes	yes
2325	no	yes	no	no	yes
2326	no	yes	no	no	yes
2327	yes	yes	no	yes	yes
2328	no	yes	no	no	no
2329	yes	no	yes	yes	yes
2330	yes	yes	yes	no	no
2331	yes	yes	yes	no	no
2332	no	yes	no	no	no
2333	yes	no	no	yes	no
2334	no	yes	no	no	no
2335	yes	no	yes	yes	yes
2336	yes	yes	yes	yes	yes
2337	no	yes	no	no	no
2338	no	yes	no	no	yes
2339	no	yes	no	no	no
2340	no	yes	yes	yes	yes
2341	yes	yes	yes	no	no
2342	yes	yes	yes	no	no
2343	no	yes	yes	yes	yes
2344	yes	no	yes	no	yes
2345	no	yes	no	no	no
2346	yes	yes	no	yes	no
2347	yes	yes	yes	yes	yes
2348	no	yes	no	no	no
2349	yes	no	yes	no	yes
2350	yes	yes	yes	yes	yes
2351	no	yes	no	no	no
2352	yes	yes	yes	yes	no
2353	yes	no	yes	no	yes
2354	yes	yes	no	yes	yes
2355	no	yes	no	no	no
2356	yes	yes	no	yes	yes
2357	yes	no	yes	yes	yes
2358	yes	no	yes	yes	yes
2359	no	yes	no	no	no
2360	yes	no	yes	no	yes
2361	no	yes	yes	yes	no
2362	no	yes	yes	no	no
2363	yes	yes	no	no	no
2364	yes	no	no	yes	yes
2365	yes	yes	yes	yes	no
2366	yes	yes	no	yes	yes
2367	yes	no	yes	yes	yes
2368	yes	yes	yes	yes	yes
2369	yes	no	yes	no	yes
2370	no	yes	yes	no	no
2371	yes	no	yes	yes	yes
2372	no	yes	no	no	no
2373	yes	yes	yes	no	no
2374	yes	yes	no	no	yes
2375	yes	no	yes	yes	yes
2376	yes	yes	yes	yes	yes
2377	yes	no	no	no	no
2378	yes	no	yes	no	no
2379	yes	yes	no	yes	yes
2380	yes	yes	yes	yes	yes
2381	no	yes	no	no	no
2382	no	yes	no	no	no
2383	yes	yes	no	no	yes
2384	no	yes	yes	yes	yes
2385	yes	no	no	yes	no
2386	no	no	yes	yes	yes
2387	yes	no	no	yes	yes
2388	no	yes	no	no	no
2389	no	yes	yes	no	no
2390	yes	yes	yes	yes	no
2391	yes	no	no	yes	yes
2392	yes	yes	yes	yes	yes
2393	no	yes	no	no	no
2394	yes	no	yes	yes	yes
2395	yes	no	no	yes	yes
2396	yes	yes	no	no	no
2397	yes	yes	yes	no	no
2398	no	yes	yes	yes	no
2399	yes	no	yes	yes	yes
2400	yes	yes	no	yes	no
2401	no	yes	no	no	yes
2402	yes	no	yes	yes	yes
2403	yes	no	yes	yes	yes
2404	no	yes	no	no	no
2405	no	yes	no	yes	no
2406	no	yes	no	no	no
2407	yes	no	yes	yes	no
2408	no	yes	no	no	no
2409	yes	yes	yes	no	no
2410	no	yes	no	no	no
2411	yes	yes	no	yes	no
2412	yes	yes	yes	yes	no
2413	no	no	yes	no	yes
2414	yes	yes	yes	no	no
2415	no	yes	no	no	no
2416	no	yes	no	no	no
2417	no	yes	no	yes	no
2418	no	yes	no	no	no
2419	no	yes	no	no	no
2420	yes	no	yes	yes	yes
2421	no	yes	no	no	no
2422	yes	yes	yes	yes	yes
2423	yes	yes	yes	yes	no
2424	yes	no	yes	yes	yes
2425	yes	yes	no	no	no
2426	yes	no	yes	yes	no
2427	yes	yes	yes	yes	yes
2428	no	yes	yes	no	no
2429	yes	yes	no	no	no
2430	yes	no	yes	yes	no
2431	yes	yes	no	no	no
2432	no	yes	yes	yes	yes
2433	yes	yes	no	no	yes
2434	yes	no	yes	yes	yes
2435	yes	yes	yes	no	no
2436	yes	yes	yes	no	no
2437	yes	no	yes	yes	no
2438	yes	no	no	no	no
2439	no	yes	no	no	no
2440	yes	no	yes	yes	no
2441	yes	yes	no	no	no
2442	yes	no	yes	yes	yes
2443	yes	yes	no	no	no
2444	yes	yes	yes	yes	yes
2445	no	yes	yes	yes	no
2446	yes	yes	no	no	no
2447	yes	yes	yes	yes	yes
2448	yes	yes	no	no	no
2449	no	yes	no	no	no
2450	yes	no	no	yes	yes
2451	no	yes	no	no	no
2452	yes	yes	no	no	no
2453	yes	yes	yes	yes	yes
2454	yes	yes	no	yes	no
2455	yes	yes	no	yes	no
2456	no	no	yes	no	no
2457	no	yes	yes	no	yes
2458	no	yes	yes	no	yes
2459	no	yes	no	no	no
2460	no	yes	no	no	yes
2461	yes	no	no	no	no
2462	no	yes	yes	no	yes
2463	no	yes	no	yes	no
2464	no	yes	no	yes	no
2465	no	no	no	no	no
2466	yes	no	yes	yes	yes
2467	no	yes	no	yes	no
2468	no	yes	yes	no	no
2469	no	yes	yes	no	no
2470	no	yes	yes	no	no
2471	no	yes	no	no	no
2472	no	yes	no	no	no
2473	yes	yes	no	yes	yes
2474	yes	yes	no	no	no
2475	no	yes	yes	no	yes
2476	yes	yes	no	yes	yes
2477	no	no	no	yes	yes
2478	yes	yes	no	yes	yes
2479	no	yes	no	yes	no
2480	yes	no	yes	yes	yes
2481	yes	no	yes	yes	yes
2482	no	yes	yes	no	no
2483	yes	no	no	yes	no
2484	yes	yes	no	yes	no
2485	yes	yes	no	no	no
2486	no	yes	no	no	no
2487	yes	no	no	yes	yes
2488	no	yes	no	no	no
2489	yes	no	yes	no	no
2490	no	yes	no	no	no
2491	yes	no	no	yes	yes
2492	no	no	no	no	no
2493	yes	yes	no	yes	no
2494	yes	yes	no	yes	yes
2495	yes	no	yes	yes	yes
2496	no	yes	no	no	no
2497	yes	no	yes	yes	yes
2498	no	yes	yes	no	yes
2499	no	yes	no	yes	yes
2500	no	yes	no	yes	yes
2501	yes	yes	no	yes	no
2502	yes	no	yes	yes	yes
2503	yes	yes	no	yes	yes
2504	yes	yes	yes	yes	yes
2505	no	yes	yes	no	no
2506	no	yes	yes	no	no
2507	yes	yes	no	yes	no
2508	yes	yes	yes	yes	yes
2509	yes	no	yes	yes	yes
2510	yes	no	yes	yes	no
2511	no	yes	no	no	no
2512	yes	no	no	yes	no
2513	yes	no	yes	yes	no
2514	no	yes	no	yes	yes
2515	no	yes	no	no	no
2516	no	no	yes	no	yes
2517	no	yes	yes	yes	yes
2518	yes	yes	yes	no	no
2519	yes	yes	yes	yes	yes
2520	no	yes	no	no	yes
2521	yes	no	yes	yes	yes
2522	yes	no	no	yes	yes
2523	yes	yes	yes	yes	yes
2524	no	yes	yes	yes	yes
2525	yes	yes	yes	yes	yes
2526	yes	yes	yes	yes	yes
2527	yes	yes	yes	no	yes
2528	no	yes	yes	yes	no
2529	no	yes	yes	no	yes
2530	no	yes	no	yes	yes
2531	yes	yes	no	no	no
2532	yes	no	yes	yes	yes
2533	yes	yes	no	no	yes
2534	no	yes	yes	no	no
2535	yes	no	no	yes	no
2536	yes	no	no	yes	yes
2537	yes	yes	no	yes	no
2538	yes	yes	no	no	no
2539	yes	yes	no	no	yes
2540	yes	no	no	no	no
2541	yes	no	yes	yes	yes
2542	yes	yes	yes	no	no
2543	no	yes	no	no	no
2544	yes	yes	yes	no	no
2545	no	yes	no	yes	no
2546	yes	yes	no	yes	no
2547	no	no	yes	no	yes
2548	yes	yes	yes	yes	yes
2549	yes	no	yes	yes	yes
2550	no	no	no	no	no
2551	yes	yes	yes	yes	yes
2552	no	yes	no	yes	yes
2553	no	yes	no	yes	no
2554	yes	no	yes	no	no
2555	no	yes	yes	no	no
2556	no	yes	no	no	no
2557	yes	no	no	yes	no
2558	yes	yes	yes	no	yes
2559	no	yes	no	yes	no
2560	yes	yes	no	no	no
2561	yes	no	yes	no	yes
2562	yes	yes	yes	no	yes
2563	yes	yes	no	yes	yes
2564	yes	no	yes	yes	yes
2565	yes	no	yes	yes	yes
2566	yes	no	yes	no	yes
2567	yes	yes	no	yes	no
2568	yes	no	yes	yes	yes
2569	no	yes	no	no	no
2570	yes	no	no	no	yes
2571	yes	no	yes	yes	yes
2572	yes	yes	yes	yes	yes
2573	no	yes	no	yes	no
2574	no	no	yes	yes	yes
2575	yes	yes	no	yes	no
2576	yes	yes	no	no	no
2577	yes	yes	no	no	no
2578	no	yes	no	no	no
2579	yes	no	yes	yes	yes
2580	yes	yes	yes	no	yes
2581	yes	no	yes	no	yes
2582	no	yes	yes	no	no
2583	no	yes	yes	no	no
2584	yes	yes	no	yes	yes
2585	yes	yes	no	yes	yes
2586	no	yes	no	yes	no
2587	yes	no	yes	yes	no
2588	yes	yes	no	yes	no
2589	yes	yes	no	yes	yes
2590	no	yes	no	yes	no
2591	no	yes	yes	yes	no
2592	no	yes	no	no	no
2593	yes	yes	yes	yes	yes
2594	yes	yes	no	yes	no
2595	no	yes	no	yes	no
2596	yes	no	no	yes	yes
2597	no	no	yes	no	no
2598	no	yes	no	no	no
2599	yes	no	no	no	no
2600	yes	yes	no	no	no
2601	no	yes	yes	no	yes
2602	yes	yes	no	yes	no
2603	no	yes	no	no	yes
2604	no	yes	no	no	no
2605	no	yes	no	no	no
2606	yes	yes	yes	no	no
2607	no	yes	yes	yes	no
2608	yes	yes	yes	yes	yes
2609	yes	yes	no	no	no
2610	no	yes	yes	no	no
2611	yes	yes	no	yes	yes
2612	no	yes	no	no	no
2613	yes	yes	no	yes	yes
2614	no	no	yes	yes	yes
2615	no	yes	yes	no	yes
2616	yes	no	yes	no	yes
2617	yes	no	no	yes	yes
2618	yes	yes	yes	yes	yes
2619	no	yes	yes	no	no
2620	yes	yes	no	yes	no
2621	yes	yes	no	yes	yes
2622	no	yes	yes	no	yes
2623	yes	yes	yes	yes	no
2624	no	yes	no	no	no
2625	yes	yes	no	no	no
2626	yes	yes	no	no	yes
2627	yes	yes	no	yes	yes
2628	no	no	yes	no	yes
2629	no	no	no	yes	no
2630	yes	yes	no	no	yes
2631	no	yes	no	no	no
2632	no	yes	yes	no	no
2633	yes	yes	no	no	yes
2634	yes	no	yes	no	no
2635	yes	yes	no	yes	yes
2636	yes	no	no	yes	no
2637	yes	yes	yes	yes	yes
2638	yes	yes	yes	no	no
2639	yes	yes	yes	yes	yes
2640	yes	yes	yes	yes	no
2641	yes	yes	yes	no	yes
2642	yes	no	no	no	no
2643	yes	yes	no	no	no
2644	yes	no	no	yes	no
2645	no	yes	no	no	no
2646	yes	yes	no	no	no
2647	no	yes	yes	yes	yes
2648	yes	no	yes	no	no
2649	yes	no	yes	yes	no
2650	no	no	yes	yes	yes
2651	no	yes	yes	yes	yes
2652	yes	no	yes	yes	yes
2653	yes	yes	yes	no	no
2654	yes	no	no	yes	no
2655	no	yes	no	no	no
2656	yes	yes	yes	no	no
2657	yes	yes	no	yes	no
2658	yes	no	yes	yes	yes
2659	yes	yes	yes	yes	yes
2660	yes	no	no	yes	no
2661	no	yes	yes	yes	no
2662	no	yes	no	no	yes
2663	yes	yes	yes	yes	no
2664	yes	yes	yes	yes	yes
2665	yes	yes	no	yes	no
2666	yes	no	yes	yes	yes
2667	no	no	yes	no	yes
2668	yes	yes	no	yes	no
2669	yes	yes	no	yes	yes
2670	yes	no	no	no	yes
2671	no	yes	no	no	no
2672	no	no	yes	no	no
2673	yes	no	yes	yes	yes
2674	yes	no	yes	yes	yes
2675	yes	no	yes	yes	yes
2676	no	yes	no	no	no
2677	yes	no	yes	yes	yes
2678	yes	no	yes	no	no
2679	yes	yes	yes	no	no
2680	no	yes	no	no	no
2681	yes	yes	yes	yes	yes
2682	no	no	yes	yes	yes
2683	no	yes	no	no	yes
2684	no	yes	no	no	no
2685	yes	no	no	yes	yes
2686	no	yes	no	no	no
2687	no	yes	yes	yes	yes
2688	yes	no	yes	yes	no
2689	yes	no	yes	yes	yes
2690	yes	no	yes	yes	yes
2691	yes	no	yes	yes	no
2692	no	yes	no	no	no
2693	yes	no	no	no	yes
2694	yes	no	yes	yes	yes
2695	yes	yes	yes	no	no
2696	yes	yes	no	yes	yes
2697	yes	yes	no	no	no
2698	yes	yes	no	no	no
2699	no	yes	no	no	no
2700	yes	yes	no	no	yes
2701	yes	yes	no	yes	no
2702	yes	no	yes	yes	yes
2703	no	no	no	yes	no
2704	yes	no	yes	yes	yes
2705	yes	yes	no	yes	no
2706	no	yes	no	no	no
2707	no	yes	no	yes	no
2708	yes	no	no	yes	no
2709	yes	yes	no	no	no
2710	no	yes	yes	yes	no
2711	yes	no	yes	yes	yes
2712	no	yes	yes	no	no
2713	yes	yes	yes	no	yes
2714	no	yes	yes	yes	yes
2715	yes	yes	yes	yes	no
2716	yes	yes	yes	no	no
2717	yes	yes	yes	yes	no
2718	yes	no	no	yes	yes
2719	no	yes	no	no	yes
2720	yes	no	no	yes	no
2721	yes	yes	no	yes	yes
2722	yes	no	no	yes	yes
2723	no	no	yes	yes	yes
2724	yes	no	yes	yes	yes
2725	yes	yes	yes	yes	yes
2726	yes	no	yes	yes	yes
2727	yes	no	yes	yes	yes
2728	yes	yes	no	yes	yes
2729	yes	no	no	yes	no
2730	yes	yes	yes	yes	yes
2731	yes	yes	yes	yes	yes
2732	yes	no	yes	no	yes
2733	no	yes	yes	no	yes
2734	yes	yes	no	yes	no
2735	yes	no	yes	no	yes
2736	no	no	no	yes	no
2737	no	yes	yes	no	no
2738	yes	yes	no	no	no
2739	no	yes	no	yes	no
2740	yes	no	no	yes	yes
2741	yes	yes	no	yes	no
2742	yes	no	no	no	yes
2743	yes	yes	yes	yes	yes
2744	yes	no	yes	yes	yes
2745	yes	no	no	no	no
2746	yes	no	no	no	no
2747	yes	yes	no	yes	no
2748	yes	no	yes	yes	yes
2749	yes	yes	yes	yes	yes
2750	no	yes	no	no	no
2751	no	yes	no	no	no
2752	no	yes	no	no	no
2753	no	yes	no	no	yes
2754	no	yes	no	no	no
2755	yes	yes	yes	yes	yes
2756	yes	no	yes	yes	yes
2757	yes	yes	no	no	no
2758	no	yes	no	no	no
2759	no	no	no	no	no
2760	yes	no	no	yes	no
2761	yes	yes	no	yes	no
2762	yes	yes	yes	yes	no
2763	no	yes	yes	yes	yes
2764	no	yes	no	no	no
2765	no	yes	no	yes	no
2766	yes	no	yes	yes	yes
2767	yes	yes	yes	no	yes
2768	no	yes	no	no	no
2769	yes	no	no	yes	no
2770	yes	no	no	yes	yes
2771	yes	yes	no	yes	yes
2772	no	yes	no	no	no
2773	yes	yes	yes	yes	no
2774	no	no	yes	yes	yes
2775	no	no	no	no	yes
2776	yes	yes	yes	no	no
2777	no	yes	no	yes	no
2778	yes	yes	no	no	no
2779	yes	yes	yes	no	no
2780	yes	yes	no	no	yes
2781	yes	no	yes	yes	no
2782	no	yes	no	no	no
2783	yes	yes	yes	no	yes
2784	yes	yes	yes	yes	yes
2785	yes	no	no	yes	no
2786	no	yes	no	no	yes
2787	yes	yes	no	no	yes
2788	yes	no	yes	no	no
2789	no	yes	no	no	no
2790	no	yes	yes	no	yes
2791	yes	yes	no	no	no
2792	yes	yes	no	no	no
2793	yes	no	yes	yes	yes
2794	no	yes	yes	no	no
2795	yes	yes	no	yes	no
2796	no	yes	yes	yes	yes
2797	yes	no	yes	no	yes
2798	no	yes	yes	yes	no
2799	yes	yes	yes	yes	no
2800	yes	no	no	no	no
2801	yes	yes	no	no	no
2802	yes	yes	yes	yes	no
2803	yes	yes	yes	yes	yes
2804	yes	yes	no	no	no
2805	yes	yes	no	no	no
2806	yes	no	yes	no	no
2807	no	yes	no	no	no
2808	yes	no	yes	yes	no
2809	yes	yes	no	yes	yes
2810	yes	yes	yes	no	no
2811	no	yes	no	no	yes
2812	no	yes	no	no	yes
2813	yes	yes	no	yes	no
2814	yes	no	yes	no	yes
2815	yes	no	yes	no	no
2816	no	no	yes	yes	yes
2817	no	yes	no	yes	no
2818	yes	yes	yes	no	no
2819	no	yes	no	no	no
2820	no	yes	no	yes	yes
2821	yes	no	yes	yes	yes
2822	yes	no	yes	yes	no
2823	no	yes	no	no	no
2824	yes	yes	no	no	yes
2825	yes	no	no	no	no
2826	yes	no	yes	yes	yes
2827	yes	no	yes	yes	yes
2828	yes	yes	yes	no	no
2829	yes	yes	yes	yes	no
2830	yes	no	yes	yes	yes
2831	no	yes	no	yes	no
2832	yes	yes	no	yes	yes
2833	no	yes	no	no	yes
2834	yes	no	yes	yes	yes
2835	yes	yes	yes	yes	yes
2836	no	yes	yes	no	yes
2837	yes	yes	no	no	no
2838	no	yes	no	no	no
2839	yes	yes	yes	no	no
2840	yes	yes	no	yes	no
2841	yes	no	yes	yes	yes
2842	no	yes	no	no	no
2843	yes	no	no	yes	yes
2844	yes	no	no	no	no
2845	yes	no	yes	yes	yes
2846	yes	no	no	yes	no
2847	yes	yes	no	no	yes
2848	yes	yes	no	no	no
2849	yes	no	no	no	yes
2850	yes	yes	no	yes	yes
2851	yes	yes	yes	no	yes
2852	yes	yes	yes	yes	yes
2853	no	yes	yes	no	yes
2854	yes	yes	no	yes	no
2855	yes	no	yes	yes	yes
2856	yes	no	no	no	yes
2857	yes	no	yes	yes	yes
2858	no	yes	no	no	no
2859	yes	yes	yes	yes	no
2860	yes	yes	yes	yes	yes
2861	no	yes	no	no	no
2862	yes	yes	yes	no	no
2863	yes	yes	yes	yes	yes
2864	no	yes	no	yes	no
2865	yes	yes	no	no	yes
2866	yes	yes	yes	yes	yes
2867	no	no	yes	no	yes
2868	yes	no	no	no	no
2869	no	yes	no	no	no
2870	yes	yes	no	yes	yes
2871	yes	yes	yes	yes	yes
2872	yes	yes	no	yes	yes
2873	yes	no	yes	no	yes
2874	yes	no	yes	yes	yes
2875	no	yes	no	yes	no
2876	yes	yes	no	no	yes
2877	yes	yes	yes	no	no
2878	yes	no	yes	yes	no
2879	yes	yes	yes	yes	yes
2880	yes	yes	no	no	no
2881	yes	yes	yes	no	yes
2882	no	yes	yes	no	no
2883	no	no	yes	yes	yes
2884	no	yes	no	no	no
2885	yes	no	no	yes	yes
2886	no	yes	yes	yes	no
2887	yes	yes	yes	yes	yes
2888	yes	no	no	yes	no
2889	yes	yes	yes	yes	no
2890	no	no	no	no	no
2891	no	yes	no	no	no
2892	no	yes	yes	yes	no
2893	yes	yes	no	yes	no
2894	yes	yes	no	yes	yes
2895	yes	yes	yes	yes	no
2896	yes	no	yes	yes	yes
2897	no	no	no	no	no
2898	no	yes	no	yes	no
2899	yes	yes	no	yes	yes
2900	yes	no	yes	yes	yes
2901	no	yes	no	no	no
2902	no	yes	no	no	no
2903	yes	yes	yes	yes	no
2904	yes	yes	no	no	no
2905	no	yes	yes	no	no
2906	yes	yes	no	yes	no
2907	yes	yes	no	no	yes
2908	no	yes	yes	yes	no
2909	yes	yes	yes	yes	yes
2910	no	yes	no	no	no
2911	no	yes	no	no	no
2912	yes	no	yes	yes	yes
2913	yes	yes	no	yes	yes
2914	yes	yes	no	yes	no
2915	no	yes	yes	no	yes
2916	no	yes	yes	no	no
2917	yes	yes	yes	yes	yes
2918	no	yes	yes	yes	yes
2919	no	yes	yes	no	no
2920	no	yes	no	yes	yes
2921	yes	yes	yes	no	no
2922	yes	yes	yes	yes	yes
2923	yes	no	no	no	yes
2924	no	yes	no	no	yes
2925	yes	yes	yes	yes	no
2926	no	yes	yes	no	no
2927	yes	yes	no	yes	no
2928	yes	yes	yes	yes	yes
2929	yes	yes	no	yes	no
2930	no	no	yes	no	no
2931	yes	yes	no	no	no
2932	yes	yes	no	yes	no
2933	yes	yes	no	no	no
2934	no	no	no	no	yes
2935	yes	yes	no	yes	no
2936	yes	yes	no	yes	no
2937	yes	yes	no	no	yes
2938	yes	yes	no	yes	yes
2939	no	yes	no	no	no
2940	yes	no	no	no	no
2941	no	yes	no	yes	no
2942	yes	yes	yes	yes	yes
2943	yes	yes	no	yes	yes
2944	yes	no	no	yes	yes
2945	yes	no	no	yes	no
2946	yes	yes	yes	no	no
2947	yes	no	yes	yes	yes
2948	no	yes	no	no	no
2949	yes	yes	no	no	no
2950	no	yes	no	no	yes
2951	yes	yes	yes	no	no
2952	yes	yes	no	no	yes
2953	no	yes	no	yes	no
2954	yes	yes	yes	yes	no
2955	yes	yes	no	no	no
2956	yes	yes	no	yes	yes
2957	yes	yes	no	yes	yes
2958	no	yes	no	no	no
2959	yes	yes	no	yes	no
2960	no	yes	yes	no	no
2961	yes	yes	yes	yes	no
2962	yes	yes	no	no	no
2963	yes	yes	yes	yes	yes
2964	no	yes	no	no	no
2965	no	yes	no	no	no
2966	no	no	no	no	yes
2967	yes	yes	no	no	no
2968	no	yes	yes	yes	yes
2969	yes	yes	no	yes	yes
2970	yes	no	yes	yes	yes
2971	no	yes	no	yes	yes
2972	yes	yes	no	no	no
2973	yes	no	no	no	no
2974	yes	no	yes	yes	yes
2975	no	yes	yes	no	no
2976	no	yes	no	no	no
2977	yes	yes	no	yes	no
2978	no	yes	no	yes	yes
2979	no	yes	no	yes	no
2980	no	yes	no	yes	no
2981	no	yes	no	no	no
2982	yes	no	yes	yes	yes
2983	yes	yes	no	no	yes
2984	no	yes	no	no	yes
2985	no	no	yes	yes	yes
2986	no	yes	no	no	yes
2987	yes	no	no	yes	yes
2988	no	yes	no	no	no
2989	no	yes	no	no	no
2990	no	yes	yes	yes	yes
2991	yes	yes	yes	yes	yes
2992	no	yes	no	no	no
2993	yes	yes	no	no	yes
2994	yes	yes	no	yes	no
2995	no	yes	no	yes	no
2996	yes	yes	yes	yes	no
2997	no	yes	no	yes	yes
2998	yes	yes	no	yes	yes
2999	no	yes	no	no	no
3000	yes	no	no	yes	yes
3001	yes	no	yes	yes	yes
3002	yes	yes	yes	yes	no
3003	yes	yes	no	no	no
3004	yes	yes	no	no	yes
3005	yes	no	yes	yes	yes
3006	no	no	yes	yes	no
3007	no	yes	yes	no	yes
3008	no	yes	no	no	yes
3009	no	yes	no	no	no
3010	yes	yes	no	yes	no
3011	no	no	yes	no	no
3012	yes	yes	no	yes	no
3013	yes	no	yes	no	no
3014	no	yes	no	no	no
3015	yes	no	yes	yes	no
3016	yes	yes	yes	yes	yes
3017	yes	no	no	no	yes
3018	yes	no	yes	no	no
3019	yes	no	no	no	no
3020	yes	no	yes	yes	yes
3021	no	yes	yes	yes	yes
3022	no	no	no	yes	yes
3023	yes	no	yes	yes	yes
3024	no	yes	yes	no	yes
3025	no	yes	no	no	yes
3026	no	yes	no	no	no
3027	yes	yes	no	yes	no
3028	yes	yes	no	no	yes
3029	no	yes	no	no	no
3030	no	no	no	no	no
3031	yes	yes	yes	yes	no
3032	yes	no	no	yes	yes
3033	yes	no	yes	yes	yes
3034	yes	no	yes	yes	yes
3035	yes	yes	no	no	no
3036	yes	no	yes	yes	yes
3037	no	no	yes	yes	yes
3038	no	yes	yes	no	no
3039	yes	no	no	no	yes
3040	yes	yes	no	no	no
3041	yes	no	yes	yes	yes
3042	no	no	yes	yes	yes
3043	no	yes	no	no	no
3044	no	yes	no	no	no
3045	no	no	no	no	no
3046	yes	yes	no	no	no
3047	no	yes	yes	yes	yes
3048	no	no	yes	no	yes
3049	no	yes	yes	yes	no
3050	yes	no	yes	yes	yes
3051	yes	no	no	yes	no
3052	yes	yes	no	no	yes
3053	no	yes	no	no	no
3054	yes	yes	no	yes	no
3055	yes	no	yes	no	no
3056	no	yes	yes	no	no
3057	yes	no	yes	yes	no
3058	yes	yes	no	no	no
3059	no	yes	yes	yes	yes
3060	yes	no	yes	yes	yes
3061	yes	yes	yes	no	no
3062	no	no	yes	no	no
3063	yes	no	yes	yes	no
3064	yes	yes	no	no	no
3065	no	yes	yes	no	yes
3066	yes	yes	no	no	no
3067	no	yes	no	no	yes
3068	yes	yes	no	yes	yes
3069	yes	yes	no	no	no
3070	no	no	yes	no	no
3071	no	yes	yes	no	no
3072	no	no	yes	yes	no
3073	no	yes	no	yes	no
3074	no	yes	no	no	no
3075	no	yes	no	no	yes
3076	no	yes	no	yes	no
3077	yes	no	yes	yes	yes
3078	yes	yes	no	yes	yes
3079	yes	no	yes	yes	yes
3080	no	yes	no	no	no
3081	yes	yes	yes	no	yes
3082	yes	no	no	no	no
3083	no	yes	no	yes	no
3084	yes	yes	no	yes	no
3085	yes	no	no	no	yes
3086	yes	yes	yes	yes	yes
3087	yes	no	yes	yes	yes
3088	yes	yes	no	yes	yes
3089	no	yes	no	no	no
3090	no	yes	yes	no	yes
3091	yes	yes	yes	yes	no
3092	yes	no	no	yes	no
3093	yes	yes	yes	yes	yes
3094	yes	no	yes	yes	yes
3095	yes	yes	yes	yes	yes
3096	yes	yes	no	yes	no
3097	no	no	yes	yes	no
3098	no	yes	no	no	yes
3099	yes	yes	no	no	no
3100	yes	yes	no	yes	no
3101	no	yes	no	no	no
3102	yes	no	no	no	no
3103	yes	no	no	yes	no
3104	yes	yes	no	no	yes
3105	yes	no	yes	yes	yes
3106	yes	no	no	no	yes
3107	yes	no	yes	yes	yes
3108	no	yes	yes	yes	no
3109	no	yes	no	no	no
3110	yes	no	yes	no	yes
3111	no	yes	no	no	no
3112	yes	no	yes	no	yes
3113	yes	yes	no	yes	yes
3114	yes	yes	yes	yes	yes
3115	no	yes	yes	no	yes
3116	yes	yes	no	yes	no
3117	no	yes	no	no	no
3118	yes	yes	yes	no	yes
3119	yes	no	yes	yes	yes
3120	no	yes	no	no	yes
3121	no	no	yes	no	no
3122	yes	yes	no	yes	yes
3123	yes	yes	yes	yes	no
3124	yes	yes	yes	yes	yes
3125	yes	no	yes	yes	no
3126	no	no	yes	no	no
3127	yes	yes	no	yes	no
3128	no	yes	no	yes	no
3129	no	yes	yes	yes	no
3130	yes	yes	yes	yes	yes
3131	no	yes	no	no	no
3132	yes	yes	yes	yes	no
3133	yes	no	no	yes	no
3134	no	yes	no	no	no
3135	no	no	yes	no	no
3136	yes	yes	yes	no	yes
3137	yes	yes	yes	no	yes
3138	no	yes	no	no	no
3139	yes	no	yes	no	yes
3140	yes	yes	no	yes	no
3141	yes	yes	no	yes	yes
3142	yes	yes	yes	no	no
3143	no	yes	no	no	no
3144	yes	no	yes	yes	yes
3145	yes	no	yes	yes	yes
3146	no	yes	yes	yes	yes
3147	yes	yes	yes	yes	no
3148	yes	yes	no	no	no
3149	no	yes	yes	yes	yes
3150	no	no	yes	no	yes
3151	yes	no	yes	no	yes
3152	yes	no	yes	yes	no
3153	yes	yes	yes	no	yes
3154	no	yes	no	no	no
3155	yes	no	yes	yes	no
3156	no	no	no	no	yes
3157	yes	yes	yes	yes	yes
3158	yes	no	yes	yes	yes
3159	yes	no	no	yes	no
3160	no	yes	yes	no	yes
3161	yes	yes	yes	yes	yes
3162	yes	yes	no	yes	no
3163	yes	yes	no	yes	yes
3164	no	yes	no	yes	yes
3165	yes	yes	no	yes	yes
3166	no	no	no	no	yes
3167	yes	yes	no	no	no
3168	no	yes	yes	no	no
3169	yes	no	yes	no	yes
3170	no	yes	no	no	no
3171	no	yes	no	yes	no
3172	no	yes	no	no	yes
3173	no	yes	yes	yes	no
3174	yes	yes	yes	yes	no
3175	yes	no	yes	yes	yes
3176	yes	yes	yes	yes	no
3177	no	no	no	yes	yes
3178	yes	yes	no	yes	no
3179	yes	yes	no	no	no
3180	no	yes	yes	yes	no
3181	no	yes	no	no	no
3182	no	yes	no	no	no
3183	yes	yes	yes	yes	no
3184	yes	no	yes	no	no
3185	yes	no	no	no	no
3186	yes	no	no	yes	yes
3187	yes	no	yes	yes	yes
3188	yes	yes	no	no	no
3189	no	yes	yes	yes	yes
3190	no	yes	yes	no	yes
3191	no	no	yes	yes	yes
3192	yes	yes	no	yes	yes
3193	yes	yes	yes	yes	yes
3194	yes	no	yes	yes	yes
3195	yes	yes	yes	no	yes
3196	yes	no	yes	no	yes
3197	yes	yes	no	yes	no
3198	no	yes	no	no	yes
3199	yes	no	yes	no	no
3200	yes	no	yes	no	no
3201	no	yes	no	no	no
3202	yes	no	yes	yes	no
3203	yes	yes	yes	no	no
3204	no	yes	yes	yes	yes
3205	no	yes	yes	yes	yes
3206	no	no	yes	no	no
3207	yes	no	yes	yes	yes
3208	yes	no	no	yes	no
3209	no	yes	no	yes	no
3210	yes	no	no	no	no
3211	no	yes	no	no	no
3212	yes	yes	yes	yes	no
3213	yes	no	yes	yes	no
3214	no	yes	yes	no	yes
3215	yes	no	yes	yes	yes
3216	yes	yes	no	yes	no
3217	no	no	yes	no	no
3218	no	no	yes	yes	yes
3219	no	no	yes	yes	yes
3220	yes	yes	no	yes	no
3221	yes	yes	no	yes	no
3222	no	yes	yes	yes	no
3223	no	yes	no	no	yes
3224	no	yes	no	yes	no
3225	no	yes	yes	no	yes
3226	no	no	yes	no	no
3227	yes	no	yes	yes	yes
3228	no	yes	no	no	no
3229	yes	no	no	yes	yes
3230	yes	no	yes	yes	yes
3231	yes	yes	yes	no	no
3232	no	yes	no	no	no
3233	yes	no	yes	yes	yes
3234	yes	yes	no	no	no
3235	no	yes	no	no	no
3236	yes	yes	no	no	no
3237	no	yes	no	no	no
3238	no	yes	yes	yes	yes
3239	yes	no	no	no	no
3240	yes	yes	yes	yes	no
3241	yes	yes	no	no	no
3242	yes	no	yes	no	no
3243	no	yes	yes	no	no
3244	yes	yes	no	yes	no
3245	yes	no	yes	no	no
3246	no	yes	no	no	no
3247	yes	yes	yes	yes	no
3248	no	yes	no	no	no
3249	no	yes	yes	yes	yes
3250	yes	no	yes	yes	yes
3251	no	yes	no	yes	no
3252	yes	yes	yes	yes	yes
3253	yes	yes	no	no	no
3254	yes	yes	yes	no	no
3255	yes	yes	no	yes	yes
3256	yes	yes	no	yes	yes
3257	yes	yes	yes	yes	no
3258	yes	yes	no	yes	yes
3259	yes	no	no	yes	yes
3260	yes	no	yes	yes	yes
3261	no	no	no	no	no
3262	no	yes	no	yes	yes
3263	yes	yes	yes	yes	no
3264	yes	yes	no	yes	yes
3265	no	yes	yes	no	no
3266	yes	no	yes	yes	yes
3267	yes	yes	yes	no	no
3268	yes	no	yes	yes	no
3269	yes	yes	yes	yes	yes
3270	no	yes	no	no	yes
3271	yes	no	yes	yes	no
3272	no	yes	no	no	no
3273	yes	no	yes	no	no
3274	yes	yes	yes	yes	no
3275	yes	no	no	yes	no
3276	yes	no	yes	yes	yes
3277	yes	yes	no	yes	no
3278	yes	yes	yes	yes	yes
3279	no	yes	no	yes	no
3280	yes	no	yes	yes	yes
3281	yes	yes	no	no	no
3282	yes	yes	yes	no	no
3283	no	no	yes	no	yes
3284	yes	no	yes	yes	yes
3285	yes	no	no	yes	yes
3286	yes	no	yes	yes	yes
3287	yes	yes	yes	yes	yes
3288	yes	no	no	yes	yes
3289	yes	no	yes	yes	yes
3290	no	yes	yes	no	yes
3291	no	no	yes	no	no
3292	yes	yes	no	yes	no
3293	yes	yes	no	no	no
3294	yes	no	no	yes	yes
3295	yes	yes	no	no	yes
3296	yes	yes	yes	yes	no
3297	yes	yes	yes	no	yes
3298	yes	yes	no	yes	yes
3299	no	yes	no	no	no
3300	yes	yes	yes	yes	yes
3301	no	yes	no	no	no
3302	yes	yes	no	yes	yes
3303	yes	no	yes	yes	yes
3304	yes	yes	no	no	no
3305	yes	yes	yes	yes	no
3306	no	yes	no	no	no
3307	no	yes	no	no	no
3308	yes	yes	yes	no	no
3309	no	yes	no	yes	no
3310	no	yes	yes	yes	yes
3311	yes	yes	no	no	no
3312	no	yes	yes	yes	no
3313	yes	yes	no	no	no
3314	yes	yes	yes	yes	yes
3315	yes	yes	no	yes	no
3316	yes	yes	no	no	no
3317	yes	no	yes	yes	no
3318	no	yes	no	yes	no
3319	yes	yes	yes	yes	yes
3320	yes	no	yes	yes	yes
3321	yes	yes	yes	no	no
3322	no	no	yes	yes	yes
3323	yes	yes	yes	yes	no
3324	yes	no	yes	yes	yes
3325	no	yes	yes	no	no
3326	yes	yes	yes	yes	yes
3327	yes	no	no	yes	yes
3328	no	no	yes	no	yes
3329	no	yes	no	no	no
3330	yes	yes	no	no	no
3331	yes	yes	yes	yes	no
3332	yes	yes	yes	no	yes
3333	yes	yes	no	yes	no
3334	no	yes	no	yes	no
3335	yes	no	yes	yes	yes
3336	yes	yes	no	yes	no
3337	yes	yes	no	yes	yes
3338	yes	yes	no	no	no
3339	yes	yes	no	no	no
3340	yes	no	yes	no	yes
3341	yes	no	yes	yes	yes
3342	yes	no	yes	yes	yes
3343	no	no	yes	yes	yes
3344	yes	no	yes	yes	yes
3345	no	yes	yes	no	no
3346	yes	yes	yes	yes	yes
3347	no	yes	no	no	no
3348	yes	no	yes	yes	yes
3349	no	yes	no	no	yes
3350	yes	no	yes	yes	yes
3351	yes	yes	yes	no	yes
3352	yes	no	no	yes	yes
3353	yes	yes	yes	yes	no
3354	yes	no	yes	yes	no
3355	yes	no	yes	yes	yes
3356	yes	no	yes	no	no
3357	no	yes	yes	yes	yes
3358	yes	yes	yes	yes	no
3359	yes	yes	yes	no	no
3360	yes	no	yes	yes	no
3361	yes	yes	no	no	no
3362	yes	yes	yes	no	no
3363	no	no	yes	yes	yes
3364	yes	yes	no	yes	no
3365	no	yes	no	no	no
3366	no	yes	yes	yes	yes
3367	no	yes	yes	yes	no
3368	yes	yes	no	yes	no
3369	yes	no	no	yes	yes
3370	no	yes	yes	no	yes
3371	no	yes	yes	no	yes
3372	yes	yes	yes	no	no
3373	yes	no	yes	yes	yes
3374	yes	no	yes	yes	no
3375	yes	no	yes	yes	yes
3376	no	yes	yes	yes	no
3377	yes	yes	no	yes	no
3378	no	yes	no	yes	no
3379	no	yes	no	no	no
3380	yes	no	no	yes	no
3381	no	yes	yes	no	yes
3382	yes	yes	no	no	yes
3383	yes	yes	no	no	no
3384	yes	yes	no	no	yes
3385	yes	yes	yes	yes	yes
3386	yes	no	yes	no	no
3387	yes	yes	no	no	no
3388	yes	yes	no	yes	no
3389	yes	no	yes	no	no
3390	no	yes	no	yes	no
3391	no	yes	no	no	no
3392	no	yes	no	no	no
3393	no	no	yes	no	yes
3394	yes	yes	yes	yes	yes
3395	no	no	no	no	no
3396	yes	yes	yes	yes	no
3397	yes	no	yes	yes	yes
3398	no	yes	no	no	no
3399	yes	yes	no	no	no
3400	no	no	yes	no	no
3401	no	yes	no	no	no
3402	no	yes	yes	no	no
3403	no	yes	no	no	no
3404	yes	yes	no	no	yes
3405	yes	no	no	yes	yes
3406	yes	yes	no	yes	yes
3407	no	yes	no	no	yes
3408	no	yes	yes	no	yes
3409	no	yes	yes	no	yes
3410	no	no	yes	no	no
3411	yes	no	yes	yes	yes
3412	yes	no	yes	no	no
3413	yes	yes	yes	yes	yes
3414	yes	yes	no	no	no
3415	yes	no	yes	yes	yes
3416	yes	yes	yes	yes	no
3417	no	yes	yes	no	yes
3418	yes	yes	no	no	no
3419	yes	yes	yes	yes	no
3420	yes	no	no	yes	yes
3421	no	yes	yes	no	no
3422	yes	yes	yes	yes	yes
3423	no	yes	no	yes	no
3424	yes	yes	yes	yes	yes
3425	yes	no	no	no	no
3426	yes	yes	no	no	no
3427	yes	no	yes	yes	yes
3428	yes	no	yes	yes	no
3429	no	yes	no	no	no
3430	yes	no	yes	yes	yes
3431	yes	no	no	yes	yes
3432	yes	yes	no	yes	no
3433	no	yes	no	no	no
3434	yes	no	yes	yes	yes
3435	yes	no	yes	yes	yes
3436	yes	yes	no	no	yes
3437	no	yes	no	no	yes
3438	yes	yes	no	yes	yes
3439	no	no	yes	no	no
3440	yes	no	yes	yes	yes
3441	yes	no	yes	yes	yes
3442	no	yes	yes	no	no
3443	yes	yes	yes	yes	yes
3444	no	yes	no	yes	no
3445	yes	no	no	yes	yes
3446	no	yes	no	yes	no
3447	yes	yes	no	yes	no
3448	yes	yes	yes	yes	no
3449	yes	no	yes	yes	yes
3450	yes	yes	no	no	no
3451	no	no	yes	yes	yes
3452	no	yes	no	no	no
3453	yes	yes	no	yes	no
3454	yes	yes	no	yes	yes
3455	no	yes	yes	no	no
3456	yes	no	yes	no	yes
3457	yes	no	yes	yes	yes
3458	yes	yes	yes	yes	yes
3459	yes	no	yes	yes	no
3460	no	no	yes	no	no
3461	yes	no	yes	no	no
3462	no	no	yes	no	yes
3463	yes	no	yes	no	yes
3464	yes	yes	no	yes	no
3465	no	yes	no	no	no
3466	yes	yes	yes	yes	yes
3467	yes	no	yes	yes	yes
3468	no	yes	no	no	no
3469	no	no	yes	no	no
3470	no	yes	no	no	no
3471	yes	yes	no	yes	no
3472	yes	yes	no	yes	no
3473	yes	yes	no	yes	no
3474	no	no	no	no	no
3475	yes	yes	yes	yes	yes
3476	yes	yes	yes	yes	yes
3477	yes	no	no	yes	no
3478	yes	no	yes	no	no
3479	yes	yes	no	yes	no
3480	yes	no	yes	yes	yes
3481	yes	no	yes	no	yes
3482	yes	yes	yes	yes	yes
3483	yes	yes	yes	no	no
3484	yes	yes	no	no	no
3485	yes	yes	no	yes	yes
3486	yes	yes	yes	no	no
3487	yes	no	yes	yes	yes
3488	yes	no	no	yes	no
3489	no	yes	no	no	no
3490	no	yes	no	no	no
3491	yes	no	yes	yes	yes
3492	yes	yes	no	yes	no
3493	yes	no	yes	yes	yes
3494	yes	yes	no	no	no
3495	no	yes	yes	yes	yes
3496	no	no	no	yes	no
3497	yes	yes	yes	yes	yes
3498	no	yes	no	yes	no
3499	no	yes	no	yes	no
3500	no	yes	yes	no	no
3501	yes	no	yes	yes	yes
3502	yes	no	yes	yes	yes
3503	no	yes	no	no	no
3504	yes	yes	no	yes	no
3505	no	no	no	yes	no
3506	yes	no	yes	yes	yes
3507	yes	no	no	yes	yes
3508	yes	yes	no	yes	no
3509	yes	yes	yes	no	no
3510	no	yes	yes	yes	no
3511	yes	yes	no	no	no
3512	no	yes	yes	no	no
3513	yes	no	yes	no	no
3514	yes	no	yes	yes	yes
3515	yes	no	yes	yes	yes
3516	no	no	no	no	no
3517	yes	yes	no	yes	yes
3518	no	yes	no	no	yes
3519	yes	no	no	yes	yes
3520	yes	yes	no	yes	no
3521	no	yes	no	no	no
3522	no	yes	no	yes	yes
3523	no	yes	no	no	no
3524	no	no	no	yes	no
3525	yes	yes	no	no	no
3526	yes	no	no	yes	yes
3527	no	yes	yes	yes	yes
3528	no	yes	no	no	no
3529	yes	yes	no	yes	no
3530	yes	no	yes	no	yes
3531	yes	yes	no	no	no
3532	no	yes	yes	yes	no
3533	no	yes	no	no	no
3534	yes	yes	no	no	no
3535	no	yes	no	no	yes
3536	yes	yes	no	no	no
3537	no	yes	no	no	no
3538	no	yes	yes	no	yes
3539	no	yes	no	no	no
3540	no	yes	no	yes	yes
3541	yes	no	yes	yes	yes
3542	yes	yes	yes	yes	yes
3543	yes	no	no	no	no
3544	yes	yes	no	yes	no
3545	yes	yes	no	no	no
3546	no	yes	yes	no	no
3547	yes	no	no	yes	yes
3548	yes	yes	yes	no	no
3549	no	no	no	no	no
3550	yes	yes	no	yes	no
3551	no	yes	no	yes	no
3552	no	yes	no	yes	no
3553	yes	no	yes	yes	no
3554	no	yes	no	yes	no
3555	no	yes	no	no	no
3556	no	no	yes	no	no
3557	yes	yes	no	yes	no
3558	yes	yes	yes	yes	no
3559	yes	no	yes	yes	yes
3560	no	yes	no	no	no
3561	yes	yes	no	yes	no
3562	yes	yes	yes	no	no
3563	yes	yes	no	yes	yes
3564	yes	no	no	yes	no
3565	yes	no	yes	yes	yes
3566	yes	yes	yes	yes	yes
3567	yes	yes	no	yes	no
3568	yes	yes	yes	no	no
3569	yes	no	yes	yes	yes
3570	no	yes	no	no	no
3571	yes	no	yes	no	no
3572	yes	no	yes	yes	yes
3573	yes	yes	no	no	no
3574	yes	no	no	yes	no
3575	no	yes	yes	yes	no
3576	no	yes	yes	no	no
3577	no	yes	no	no	no
3578	yes	yes	yes	yes	yes
3579	no	yes	yes	no	no
3580	yes	no	yes	yes	yes
3581	yes	yes	yes	yes	yes
3582	no	yes	no	no	no
3583	no	yes	no	no	no
3584	yes	yes	no	yes	no
3585	yes	yes	no	yes	no
3586	yes	no	no	yes	yes
3587	no	yes	yes	yes	yes
3588	yes	yes	no	no	no
3589	yes	no	yes	yes	yes
3590	no	yes	no	no	no
3591	no	no	no	yes	yes
3592	no	yes	no	no	no
3593	no	no	no	no	no
3594	no	yes	yes	no	no
3595	no	yes	no	no	yes
3596	no	yes	no	no	yes
3597	yes	yes	no	yes	no
3598	yes	yes	yes	no	yes
3599	yes	yes	yes	yes	yes
3600	yes	yes	no	no	yes
3601	yes	yes	yes	no	no
3602	yes	yes	no	yes	no
3603	yes	no	yes	yes	yes
3604	no	yes	no	no	no
3605	no	yes	no	yes	yes
3606	no	yes	yes	no	no
3607	no	yes	yes	no	no
3608	no	yes	no	no	no
3609	no	yes	no	no	yes
3610	yes	yes	no	no	no
3611	yes	no	yes	yes	yes
3612	yes	yes	yes	yes	yes
3613	yes	yes	no	yes	no
3614	no	yes	yes	no	no
3615	yes	no	yes	no	yes
3616	no	no	yes	yes	yes
3617	no	yes	no	yes	no
3618	no	yes	no	yes	yes
3619	yes	no	no	yes	no
3620	yes	no	yes	yes	yes
3621	no	yes	no	no	no
3622	no	yes	yes	no	no
3623	no	no	yes	no	yes
3624	yes	yes	yes	yes	no
3625	no	no	yes	yes	no
3626	yes	yes	no	no	no
3627	no	yes	no	no	yes
3628	yes	yes	no	yes	no
3629	yes	yes	yes	no	no
3630	no	yes	no	yes	yes
3631	yes	no	no	yes	no
3632	yes	no	no	yes	no
3633	yes	no	yes	yes	no
3634	no	no	no	no	yes
3635	no	yes	no	yes	yes
3636	yes	yes	no	no	yes
3637	yes	yes	no	no	no
3638	yes	yes	yes	no	yes
3639	yes	no	yes	no	no
3640	yes	yes	yes	yes	no
3641	no	yes	yes	no	no
3642	no	yes	yes	yes	no
3643	yes	no	yes	no	yes
3644	yes	yes	yes	yes	no
3645	no	yes	no	no	yes
3646	yes	yes	yes	yes	no
3647	yes	yes	yes	yes	yes
3648	yes	no	yes	no	no
3649	yes	yes	no	yes	yes
3650	yes	yes	yes	no	no
3651	yes	yes	no	no	no
3652	yes	yes	no	yes	no
3653	yes	yes	no	yes	yes
3654	yes	yes	no	yes	yes
3655	yes	yes	no	yes	no
3656	yes	yes	no	yes	yes
3657	yes	no	no	yes	yes
3658	no	yes	no	no	yes
3659	no	no	no	no	no
3660	yes	yes	no	no	no
3661	yes	no	no	no	no
3662	yes	yes	yes	yes	no
3663	yes	yes	no	no	no
3664	yes	yes	yes	no	yes
3665	no	yes	yes	yes	no
3666	yes	no	yes	yes	no
3667	no	yes	yes	no	yes
3668	yes	yes	no	yes	yes
3669	yes	no	no	yes	no
3670	no	yes	no	no	no
3671	yes	yes	no	yes	no
3672	no	yes	no	no	no
3673	yes	yes	no	no	no
3674	yes	yes	yes	no	no
3675	no	no	no	no	no
3676	no	yes	no	no	no
3677	no	yes	no	no	yes
3678	yes	no	no	yes	no
3679	yes	no	yes	no	no
3680	yes	yes	no	yes	no
3681	yes	no	yes	no	yes
3682	yes	yes	no	yes	no
3683	no	no	no	no	no
3684	yes	yes	no	yes	yes
3685	no	yes	no	yes	no
3686	no	yes	yes	no	yes
3687	yes	no	no	no	yes
3688	no	yes	yes	no	no
3689	no	yes	yes	no	no
3690	no	yes	no	yes	no
3691	yes	yes	no	no	no
3692	yes	yes	no	yes	no
3693	yes	yes	no	yes	no
3694	yes	yes	yes	yes	no
3695	yes	no	yes	yes	yes
3696	yes	no	yes	yes	no
3697	no	yes	yes	no	no
3698	no	yes	no	no	yes
3699	yes	yes	yes	yes	no
3700	no	yes	yes	no	no
3701	yes	no	no	yes	yes
3702	no	yes	no	no	yes
3703	no	yes	no	yes	yes
3704	no	yes	no	no	no
3705	no	yes	no	no	no
3706	yes	no	no	yes	yes
3707	yes	yes	no	no	no
3708	no	yes	yes	no	yes
3709	no	yes	yes	yes	yes
3710	yes	yes	yes	no	yes
3711	no	yes	no	no	yes
3712	yes	yes	yes	yes	no
3713	yes	no	yes	yes	yes
3714	yes	yes	yes	yes	no
3715	yes	yes	yes	no	no
3716	no	yes	yes	no	no
3717	no	yes	yes	yes	no
3718	yes	no	no	yes	yes
3719	no	yes	no	no	no
3720	no	yes	yes	yes	no
3721	no	yes	no	no	no
3722	yes	yes	yes	no	no
3723	yes	yes	no	yes	no
3724	yes	no	no	yes	yes
3725	yes	no	no	yes	no
3726	yes	no	yes	yes	no
3727	yes	no	yes	yes	yes
3728	no	yes	no	yes	no
3729	yes	no	yes	yes	no
3730	yes	yes	no	yes	no
3731	no	yes	no	no	yes
3732	no	yes	no	no	yes
3733	yes	yes	no	no	yes
3734	no	yes	no	no	yes
3735	yes	yes	no	no	yes
3736	yes	yes	no	no	no
3737	yes	yes	yes	no	no
3738	yes	yes	yes	yes	yes
3739	no	yes	no	no	no
3740	no	yes	no	no	no
3741	no	yes	yes	no	no
3742	no	yes	no	no	no
3743	yes	yes	no	no	no
3744	yes	yes	yes	yes	no
3745	no	no	yes	yes	yes
3746	no	yes	no	yes	no
3747	no	yes	no	no	no
3748	no	yes	no	yes	no
3749	yes	yes	no	no	no
3750	yes	yes	yes	no	no
3751	yes	no	yes	yes	yes
3752	yes	no	yes	yes	yes
3753	no	yes	yes	no	no
3754	yes	no	yes	yes	no
3755	yes	yes	no	yes	no
3756	yes	no	yes	yes	yes
3757	yes	no	no	yes	no
3758	yes	yes	no	no	no
3759	yes	yes	no	yes	yes
3760	yes	yes	no	yes	no
3761	yes	yes	no	no	no
3762	yes	yes	no	yes	no
3763	yes	yes	no	yes	no
3764	yes	no	no	yes	yes
3765	yes	yes	no	no	yes
3766	no	yes	no	yes	no
3767	yes	yes	yes	yes	no
3768	no	yes	no	no	no
3769	yes	yes	no	yes	no
3770	yes	yes	yes	yes	no
3771	yes	yes	no	no	yes
3772	no	yes	no	no	no
3773	no	yes	no	yes	yes
3774	yes	no	yes	no	yes
3775	yes	no	no	yes	no
3776	yes	yes	yes	yes	yes
3777	yes	yes	yes	no	no
3778	no	yes	no	no	no
3779	yes	no	yes	no	no
3780	yes	no	no	yes	no
3781	yes	yes	yes	no	no
3782	no	yes	no	yes	no
3783	no	yes	yes	yes	no
3784	yes	yes	no	yes	yes
3785	yes	no	no	yes	yes
3786	no	yes	no	no	no
3787	yes	yes	yes	no	no
3788	yes	no	yes	yes	yes
3789	yes	yes	yes	yes	yes
3790	no	yes	no	yes	yes
3791	no	no	yes	no	no
3792	no	yes	no	no	no
3793	yes	no	no	no	no
3794	no	yes	no	no	no
3795	yes	yes	no	no	no
3796	yes	yes	no	yes	no
3797	yes	yes	no	no	no
3798	no	yes	yes	no	yes
3799	yes	no	no	yes	yes
3800	no	yes	no	yes	no
3801	yes	no	no	no	yes
3802	yes	no	no	yes	no
3803	no	yes	yes	no	yes
3804	no	yes	no	no	no
3805	yes	no	yes	yes	yes
3806	yes	no	yes	yes	yes
3807	yes	yes	no	yes	no
3808	yes	no	no	yes	no
3809	yes	yes	yes	no	no
3810	yes	yes	yes	yes	no
3811	no	yes	yes	no	no
3812	yes	yes	no	no	no
3813	no	yes	yes	no	no
3814	yes	no	yes	no	no
3815	no	yes	no	no	no
3816	yes	yes	no	yes	no
3817	no	yes	no	no	no
3818	yes	yes	yes	yes	yes
3819	no	yes	no	no	no
3820	no	no	no	no	no
3821	yes	yes	no	no	no
3822	yes	yes	yes	yes	no
3823	no	yes	no	no	no
3824	no	yes	no	no	no
3825	yes	yes	yes	yes	yes
3826	yes	yes	no	yes	no
3827	yes	yes	no	no	no
3828	yes	yes	no	no	no
3829	no	yes	no	no	no
3830	no	yes	no	no	no
3831	no	yes	no	no	yes
3832	yes	yes	yes	yes	yes
3833	yes	no	yes	no	yes
3834	yes	no	yes	no	no
3835	no	yes	no	no	no
3836	no	yes	no	no	no
3837	yes	yes	no	yes	no
3838	yes	yes	no	yes	no
3839	no	yes	no	no	yes
3840	yes	yes	no	no	yes
3841	yes	no	no	no	no
3842	yes	yes	yes	yes	yes
3843	yes	yes	no	no	yes
3844	no	yes	no	yes	no
3845	no	yes	no	yes	no
3846	yes	yes	no	yes	no
3847	yes	yes	no	no	yes
3848	no	yes	no	no	no
3849	yes	no	yes	yes	no
3850	no	yes	no	no	no
3851	yes	no	no	yes	yes
3852	yes	no	yes	yes	no
3853	yes	yes	no	yes	no
3854	no	yes	yes	no	yes
3855	yes	yes	no	no	no
3856	no	no	yes	no	yes
3857	yes	yes	yes	no	yes
3858	no	no	yes	no	yes
3859	yes	yes	no	no	no
3860	yes	yes	no	yes	yes
3861	no	no	yes	no	no
3862	no	yes	yes	yes	no
3863	yes	yes	no	yes	yes
3864	yes	no	yes	no	yes
3865	yes	yes	yes	yes	no
3866	no	yes	no	no	no
3867	no	yes	no	no	yes
3868	yes	yes	no	yes	yes
3869	no	yes	no	no	no
3870	yes	yes	no	yes	yes
3871	yes	no	yes	yes	yes
3872	no	yes	no	yes	no
3873	yes	no	no	yes	no
3874	no	yes	yes	yes	yes
3875	yes	no	yes	no	no
3876	no	yes	yes	no	no
3877	no	yes	no	no	no
3878	no	yes	no	no	no
3879	yes	yes	yes	yes	yes
3880	no	yes	no	no	no
3881	yes	no	yes	yes	no
3882	yes	yes	no	no	no
3883	yes	no	no	yes	no
3884	no	yes	yes	yes	yes
3885	yes	yes	yes	no	yes
3886	no	yes	no	no	yes
3887	no	yes	yes	yes	yes
3888	yes	yes	no	no	no
3889	yes	no	no	yes	no
3890	yes	yes	no	yes	no
3891	yes	yes	yes	yes	yes
3892	yes	yes	no	yes	yes
3893	yes	yes	no	yes	no
3894	no	yes	yes	yes	yes
3895	yes	yes	no	no	no
3896	yes	yes	no	yes	no
3897	yes	yes	no	yes	no
3898	yes	no	yes	yes	no
3899	no	no	yes	no	no
3900	no	no	no	no	no
3901	yes	yes	no	no	no
3902	yes	yes	yes	yes	no
3903	no	yes	yes	no	no
3904	yes	yes	yes	yes	yes
3905	yes	yes	yes	no	yes
3906	yes	yes	no	no	no
3907	no	yes	no	no	no
3908	no	yes	no	no	no
3909	yes	yes	no	no	no
3910	yes	no	yes	yes	no
3911	yes	yes	no	no	no
3912	no	yes	yes	no	yes
3913	yes	yes	yes	yes	yes
3914	yes	no	no	yes	no
3915	yes	yes	yes	no	no
3916	yes	yes	yes	yes	yes
3917	no	yes	yes	no	no
3918	no	no	yes	no	no
3919	yes	no	yes	yes	no
3920	yes	yes	no	yes	no
3921	no	yes	yes	no	yes
3922	no	yes	yes	no	no
3923	yes	no	yes	yes	yes
3924	no	yes	no	yes	no
3925	yes	yes	yes	yes	yes
3926	yes	no	yes	yes	yes
3927	yes	yes	no	no	no
3928	yes	yes	yes	no	yes
3929	yes	yes	yes	yes	yes
3930	yes	yes	no	yes	no
3931	no	yes	no	no	no
3932	yes	yes	no	no	no
3933	no	yes	no	no	no
3934	yes	yes	yes	yes	yes
3935	yes	no	no	yes	no
3936	yes	yes	yes	no	yes
3937	no	yes	no	yes	yes
3938	yes	no	yes	yes	yes
3939	no	yes	no	yes	no
3940	yes	yes	no	yes	yes
3941	yes	no	no	yes	yes
3942	no	yes	yes	no	no
3943	no	yes	no	no	no
3944	no	yes	no	no	no
3945	no	yes	yes	no	yes
3946	yes	no	yes	no	no
3947	no	yes	yes	no	no
3948	no	yes	no	no	no
3949	no	yes	no	no	no
3950	yes	yes	yes	no	yes
3951	yes	yes	no	no	yes
3952	no	yes	no	no	no
3953	yes	no	no	yes	yes
3954	no	yes	no	no	no
3955	yes	yes	yes	no	yes
3956	yes	yes	no	yes	no
3957	yes	no	yes	yes	yes
3958	yes	yes	no	no	yes
3959	no	yes	no	no	yes
3960	yes	yes	no	yes	yes
3961	yes	yes	no	no	no
3962	no	yes	no	yes	no
3963	yes	no	no	yes	yes
3964	yes	yes	yes	no	no
3965	yes	no	no	no	no
3966	yes	yes	no	yes	no
3967	no	yes	yes	yes	yes
3968	no	yes	no	no	no
3969	yes	yes	no	yes	yes
3970	no	yes	no	no	no
3971	no	yes	yes	yes	no
3972	yes	no	no	yes	yes
3973	yes	yes	yes	no	yes
3974	yes	yes	yes	no	yes
3975	no	yes	no	no	no
3976	yes	no	yes	yes	yes
3977	no	yes	no	no	no
3978	no	yes	no	no	no
3979	no	no	no	yes	yes
3980	yes	yes	no	no	no
3981	yes	yes	yes	yes	no
3982	no	no	yes	no	no
3983	no	yes	no	no	no
3984	yes	yes	yes	yes	yes
3985	yes	yes	no	yes	no
3986	yes	no	yes	no	no
3987	no	yes	no	no	no
3988	no	yes	no	no	no
3989	no	no	no	no	no
3990	yes	yes	no	no	no
3991	no	yes	no	no	no
3992	yes	yes	yes	yes	yes
3993	yes	no	yes	yes	yes
3994	yes	yes	yes	yes	yes
3995	yes	no	no	yes	no
3996	yes	no	no	no	yes
3997	yes	yes	no	yes	yes
3998	no	yes	no	yes	no
3999	no	yes	yes	no	no
4000	yes	yes	no	yes	yes
4001	yes	yes	no	no	no
4002	yes	yes	no	no	no
4003	yes	yes	no	yes	yes
4004	yes	no	yes	yes	yes
4005	yes	yes	no	yes	no
4006	yes	no	yes	yes	no
4007	no	yes	yes	no	no
4008	yes	no	yes	yes	yes
4009	yes	yes	no	yes	yes
4010	yes	yes	no	no	no
4011	yes	no	no	no	no
4012	yes	yes	no	yes	yes
4013	no	yes	no	no	no
4014	no	no	no	yes	yes
4015	yes	yes	no	no	yes
4016	yes	yes	no	no	no
4017	yes	no	no	yes	no
4018	yes	yes	yes	yes	yes
4019	no	yes	no	no	no
4020	yes	yes	no	yes	no
4021	yes	no	no	no	no
4022	yes	yes	no	yes	no
4023	yes	yes	yes	no	no
4024	yes	no	no	yes	no
4025	no	yes	yes	yes	no
4026	yes	no	no	no	yes
4027	yes	yes	no	no	yes
4028	yes	yes	no	no	no
4029	no	yes	yes	yes	yes
4030	yes	yes	no	yes	no
4031	no	yes	no	no	no
4032	no	yes	no	yes	no
4033	no	yes	no	no	no
4034	yes	no	yes	yes	yes
4035	no	yes	yes	no	yes
4036	yes	yes	yes	yes	yes
4037	no	yes	yes	yes	no
4038	no	yes	no	no	no
4039	no	yes	no	yes	no
4040	no	no	no	no	no
4041	yes	yes	no	no	no
4042	yes	yes	no	yes	yes
4043	no	yes	yes	no	no
4044	no	yes	no	no	no
4045	yes	yes	no	no	no
4046	no	yes	no	yes	no
4047	no	yes	yes	no	yes
4048	yes	yes	no	no	no
4049	yes	no	no	yes	yes
4050	yes	no	yes	yes	no
4051	no	yes	no	no	no
4052	yes	no	yes	yes	yes
4053	yes	yes	yes	yes	no
4054	yes	yes	yes	yes	no
4055	no	yes	no	no	no
4056	yes	yes	no	no	no
4057	yes	yes	no	no	yes
4058	yes	no	no	yes	yes
4059	yes	yes	no	no	no
4060	yes	yes	no	yes	no
4061	yes	yes	no	no	no
4062	yes	yes	no	no	yes
4063	yes	no	yes	yes	no
4064	yes	no	yes	yes	yes
4065	no	yes	no	no	no
4066	no	yes	no	yes	yes
4067	no	yes	no	no	no
4068	yes	yes	no	yes	no
4069	yes	yes	yes	yes	no
4070	no	yes	no	no	no
4071	no	yes	yes	no	no
4072	no	no	no	yes	yes
4073	yes	yes	no	yes	no
4074	yes	yes	no	yes	yes
4075	yes	no	yes	no	no
4076	no	yes	no	no	no
4077	no	no	no	yes	yes
4078	no	yes	yes	no	no
4079	yes	no	yes	yes	yes
4080	yes	no	yes	no	yes
4081	yes	no	yes	yes	yes
4082	no	yes	no	no	no
4083	yes	yes	no	no	yes
4084	yes	yes	no	yes	no
4085	yes	yes	no	yes	yes
4086	no	yes	no	no	no
4087	yes	yes	no	no	no
4088	no	yes	no	no	no
4089	no	yes	yes	no	no
4090	no	yes	no	no	yes
4091	no	yes	no	no	no
4092	no	yes	no	no	no
4093	yes	yes	no	no	yes
4094	no	yes	yes	yes	no
4095	yes	yes	no	no	no
4096	yes	yes	no	yes	yes
4097	no	yes	no	no	no
4098	no	no	yes	yes	no
4099	yes	yes	yes	yes	no
4100	yes	yes	no	yes	yes
4101	yes	yes	yes	yes	yes
4102	no	yes	no	no	yes
4103	yes	yes	no	yes	no
4104	yes	yes	no	yes	no
4105	yes	yes	yes	no	no
4106	no	yes	yes	no	no
4107	yes	yes	yes	yes	no
4108	no	yes	yes	no	no
4109	yes	no	yes	no	no
4110	yes	yes	no	no	no
4111	yes	no	yes	yes	yes
4112	yes	yes	no	no	no
4113	no	yes	no	no	no
4114	yes	no	yes	yes	yes
4115	no	no	yes	no	yes
4116	yes	yes	no	yes	yes
4117	yes	yes	no	yes	yes
4118	yes	yes	no	yes	no
4119	no	yes	no	no	no
4120	yes	yes	yes	yes	no
4121	yes	yes	no	no	no
4122	no	no	no	no	yes
4123	yes	no	no	yes	yes
4124	yes	yes	no	yes	no
4125	no	yes	no	no	no
4126	yes	no	no	yes	yes
4127	yes	no	no	no	no
4128	yes	yes	no	yes	no
4129	yes	no	no	no	no
4130	no	yes	no	no	no
4131	yes	yes	no	yes	yes
4132	yes	no	no	yes	yes
4133	no	yes	no	no	no
4134	yes	no	yes	yes	no
4135	yes	no	no	yes	no
4136	yes	yes	no	yes	no
4137	no	yes	yes	no	no
4138	no	yes	no	no	no
4139	no	yes	no	no	no
4140	no	yes	yes	yes	no
4141	yes	no	yes	no	no
4142	yes	yes	no	yes	no
4143	no	yes	no	yes	no
4144	no	yes	no	no	no
4145	yes	no	yes	yes	yes
4146	yes	yes	yes	yes	no
4147	no	yes	no	yes	no
4148	yes	no	no	yes	no
4149	yes	no	yes	yes	yes
4150	yes	yes	no	no	no
4151	yes	yes	yes	yes	no
4152	yes	yes	no	yes	no
4153	yes	no	yes	yes	yes
4154	yes	no	yes	no	yes
4155	no	yes	no	yes	yes
4156	yes	no	no	yes	no
4157	yes	yes	yes	no	no
4158	no	yes	no	no	no
4159	yes	no	yes	no	no
4160	no	yes	no	yes	no
4161	no	yes	no	no	no
4162	no	yes	no	no	no
4163	yes	yes	no	no	no
4164	yes	yes	no	no	no
4165	yes	yes	yes	yes	yes
4166	yes	yes	no	no	no
4167	yes	no	no	yes	no
4168	no	yes	no	no	no
4169	yes	no	yes	yes	yes
4170	yes	yes	yes	yes	no
4171	no	yes	yes	yes	yes
4172	no	yes	yes	no	no
4173	yes	yes	yes	yes	yes
4174	yes	yes	no	yes	yes
4175	no	yes	no	no	no
4176	yes	yes	no	yes	no
4177	no	yes	no	no	no
4178	yes	no	no	yes	no
4179	yes	no	yes	yes	no
4180	yes	yes	no	yes	no
4181	yes	no	yes	no	yes
4182	yes	no	yes	yes	yes
4183	no	yes	no	yes	no
4184	yes	no	yes	yes	yes
4185	yes	no	yes	yes	yes
4186	no	yes	yes	no	no
4187	yes	yes	no	yes	yes
4188	no	no	yes	no	no
4189	yes	yes	no	no	no
4190	no	yes	no	yes	no
4191	yes	no	yes	no	yes
4192	yes	no	yes	yes	yes
4193	yes	yes	no	yes	no
4194	yes	no	yes	no	no
4195	yes	no	no	yes	yes
4196	no	yes	no	no	no
4197	yes	yes	no	no	no
4198	yes	yes	no	no	no
4199	yes	yes	no	no	no
4200	no	yes	no	yes	no
4201	yes	yes	yes	no	no
4202	no	yes	no	no	no
4203	yes	no	yes	no	yes
4204	yes	yes	no	yes	yes
4205	no	yes	no	no	no
4206	yes	yes	yes	yes	no
4207	yes	yes	no	no	no
4208	no	yes	no	yes	no
4209	yes	no	no	yes	no
4210	yes	yes	no	no	yes
4211	no	yes	no	no	no
4212	yes	yes	yes	no	yes
4213	yes	yes	yes	yes	no
4214	no	yes	no	yes	no
4215	yes	no	yes	yes	yes
4216	no	yes	yes	yes	yes
4217	no	yes	yes	no	yes
4218	yes	yes	no	no	yes
4219	yes	yes	no	no	no
4220	no	no	no	no	no
4221	yes	yes	no	yes	no
4222	yes	yes	no	no	no
4223	yes	yes	no	yes	yes
4224	yes	yes	no	no	no
4225	no	yes	no	yes	no
4226	yes	no	yes	yes	no
4227	no	yes	yes	no	no
4228	no	yes	no	no	no
4229	yes	no	no	yes	yes
4230	yes	no	no	no	no
4231	yes	yes	no	yes	yes
4232	yes	yes	yes	yes	yes
4233	no	yes	no	no	no
4234	no	yes	yes	yes	yes
4235	yes	yes	no	yes	yes
4236	yes	yes	no	yes	no
4237	yes	yes	no	no	no
4238	yes	yes	no	yes	no
4239	yes	yes	no	yes	no
4240	yes	yes	yes	yes	yes
4241	yes	no	no	yes	no
4242	yes	yes	no	no	no
4243	no	yes	no	no	no
4244	no	yes	no	no	no
4245	yes	yes	no	no	no
4246	yes	no	yes	yes	yes
4247	yes	yes	no	yes	no
4248	yes	yes	no	no	no
4249	yes	yes	no	no	no
4250	no	yes	no	no	no
4251	no	no	no	yes	no
4252	yes	no	yes	yes	no
4253	no	yes	no	no	yes
4254	no	yes	no	no	no
4255	yes	no	yes	yes	yes
4256	no	yes	yes	no	yes
4257	yes	no	yes	yes	yes
4258	no	yes	no	no	no
4259	no	yes	no	no	yes
4260	yes	yes	no	yes	no
4261	yes	no	yes	yes	yes
4262	yes	no	no	yes	yes
4263	yes	no	yes	yes	no
4264	yes	no	no	yes	yes
4265	no	yes	no	yes	no
4266	yes	yes	yes	yes	no
4267	no	yes	yes	yes	yes
4268	yes	no	yes	no	yes
4269	no	yes	no	no	yes
4270	no	no	yes	no	no
4271	yes	yes	no	no	no
4272	no	yes	yes	no	no
4273	yes	yes	no	no	no
4274	yes	yes	no	yes	no
4275	yes	no	yes	yes	yes
4276	yes	yes	no	yes	no
4277	no	yes	no	yes	yes
4278	no	yes	yes	yes	no
4279	yes	yes	no	yes	no
4280	yes	yes	yes	no	no
4281	yes	yes	no	no	yes
4282	no	yes	no	yes	no
4283	yes	yes	no	no	no
4284	no	yes	yes	yes	no
4285	yes	no	yes	yes	yes
4286	yes	no	no	no	no
4287	no	yes	yes	no	no
4288	no	yes	no	no	no
4289	no	no	yes	yes	no
4290	no	yes	yes	yes	no
4291	yes	no	yes	yes	yes
4292	no	yes	no	yes	no
4293	yes	yes	no	no	no
4294	yes	yes	no	no	yes
4295	yes	yes	no	yes	yes
4296	yes	yes	no	yes	no
4297	no	yes	no	yes	no
4298	no	yes	yes	no	no
4299	yes	yes	no	yes	yes
4300	no	yes	no	no	no
4301	yes	no	no	yes	yes
4302	yes	no	no	yes	yes
4303	no	yes	no	yes	no
4304	no	no	yes	no	no
4305	yes	yes	no	no	yes
4306	no	yes	yes	yes	yes
4307	yes	no	yes	yes	yes
4308	no	yes	yes	yes	no
4309	no	yes	no	no	no
4310	no	no	no	yes	no
4311	yes	yes	no	yes	no
4312	yes	yes	no	yes	no
4313	yes	yes	yes	yes	yes
4314	yes	yes	no	no	yes
4315	yes	yes	yes	yes	yes
4316	yes	yes	no	no	no
4317	yes	no	yes	yes	yes
4318	yes	yes	no	yes	no
4319	yes	yes	no	yes	no
4320	yes	yes	no	yes	no
4321	yes	yes	yes	no	no
4322	yes	yes	no	no	no
4323	yes	no	yes	yes	yes
4324	yes	yes	no	no	no
4325	no	yes	no	no	no
4326	yes	no	yes	yes	no
4327	no	yes	yes	no	yes
4328	no	yes	no	no	no
4329	no	no	no	no	yes
4330	yes	yes	no	yes	no
4331	yes	no	no	yes	yes
4332	yes	yes	no	no	no
4333	yes	no	yes	yes	yes
4334	yes	no	no	yes	no
4335	yes	yes	yes	yes	yes
4336	no	yes	yes	yes	no
4337	yes	yes	no	yes	no
4338	no	no	no	no	no
4339	no	yes	no	yes	no
4340	yes	yes	no	no	no
4341	no	no	no	no	no
4342	no	yes	no	no	no
4343	no	yes	no	yes	no
4344	yes	yes	no	no	no
4345	no	yes	no	no	no
4346	no	no	no	no	no
4347	yes	yes	yes	yes	yes
4348	yes	yes	yes	no	yes
4349	no	yes	yes	yes	yes
4350	yes	yes	yes	yes	no
4351	yes	yes	yes	yes	no
4352	yes	no	no	yes	yes
4353	no	no	yes	no	yes
4354	yes	no	yes	yes	yes
4355	yes	yes	yes	no	no
4356	no	yes	yes	no	no
4357	yes	yes	no	yes	yes
4358	no	yes	no	no	no
4359	yes	no	no	yes	no
4360	no	no	yes	no	no
4361	no	no	yes	yes	yes
4362	yes	yes	no	no	yes
4363	no	no	no	no	yes
4364	no	yes	no	no	no
4365	yes	no	no	yes	yes
4366	no	yes	no	no	no
4367	yes	no	no	no	no
4368	yes	yes	no	yes	no
4369	yes	no	yes	yes	no
4370	yes	yes	yes	no	yes
4371	no	yes	yes	no	no
4372	yes	yes	no	yes	no
4373	yes	yes	no	yes	no
4374	yes	yes	yes	yes	yes
4375	yes	no	yes	yes	yes
4376	yes	yes	yes	no	no
4377	yes	no	yes	yes	yes
4378	yes	yes	no	yes	yes
4379	no	yes	no	no	no
4380	yes	no	yes	no	yes
4381	no	no	no	no	yes
4382	yes	yes	yes	no	no
4383	no	yes	no	no	no
4384	yes	yes	yes	yes	yes
4385	no	yes	yes	yes	no
4386	no	yes	no	yes	no
4387	no	yes	yes	no	yes
4388	yes	yes	no	no	no
4389	yes	yes	no	no	no
4390	yes	no	yes	yes	yes
4391	yes	no	no	no	yes
4392	yes	yes	yes	yes	no
4393	yes	yes	yes	yes	yes
4394	yes	yes	no	yes	yes
4395	yes	yes	no	yes	no
4396	no	yes	no	no	no
4397	yes	no	yes	yes	yes
4398	no	yes	no	no	no
4399	yes	yes	no	no	no
4400	yes	yes	no	yes	no
4401	yes	no	yes	no	no
4402	no	yes	no	yes	no
4403	yes	yes	no	yes	yes
4404	no	yes	no	no	no
4405	no	yes	yes	no	yes
4406	no	yes	yes	yes	yes
4407	no	yes	yes	yes	yes
4408	yes	no	no	no	yes
4409	yes	no	yes	yes	yes
4410	no	yes	yes	no	no
4411	yes	no	yes	yes	no
4412	no	yes	no	no	no
4413	no	yes	no	yes	yes
4414	yes	yes	yes	no	yes
4415	yes	yes	yes	yes	yes
4416	no	no	no	yes	yes
4417	no	yes	no	no	no
4418	no	yes	no	no	no
4419	no	yes	yes	no	no
4420	yes	no	yes	yes	yes
4421	yes	yes	no	no	no
4422	yes	no	yes	yes	yes
4423	yes	no	yes	yes	yes
4424	yes	yes	yes	yes	no
4425	no	yes	no	no	no
4426	no	yes	no	no	yes
4427	no	no	no	yes	no
4428	no	yes	no	yes	no
4429	yes	no	no	yes	no
4430	yes	no	no	yes	yes
4431	no	yes	no	no	no
4432	yes	yes	no	no	no
4433	no	yes	no	no	no
4434	no	yes	no	no	no
4435	yes	yes	no	yes	yes
4436	yes	no	yes	yes	yes
4437	no	yes	no	no	no
4438	yes	yes	yes	no	no
4439	yes	yes	no	yes	yes
4440	yes	no	no	yes	no
4441	no	yes	no	no	no
4442	no	no	no	no	no
4443	no	yes	yes	no	no
4444	no	yes	no	no	no
4445	yes	no	yes	no	no
4446	no	yes	yes	no	no
4447	no	yes	no	yes	yes
4448	no	yes	no	no	no
4449	no	yes	no	no	yes
4450	yes	no	no	no	no
4451	no	yes	no	yes	no
4452	no	no	no	no	yes
4453	no	yes	no	no	yes
4454	yes	yes	yes	yes	yes
4455	yes	yes	no	no	yes
4456	yes	no	no	yes	no
4457	yes	yes	no	yes	yes
4458	yes	no	yes	yes	no
4459	no	yes	yes	yes	yes
4460	no	yes	no	no	no
4461	yes	yes	no	yes	no
4462	yes	yes	yes	yes	no
4463	yes	yes	yes	yes	yes
4464	no	yes	no	no	no
4465	yes	yes	no	no	no
4466	no	yes	yes	no	no
4467	yes	no	no	yes	no
4468	no	yes	no	yes	no
4469	yes	no	yes	yes	yes
4470	yes	yes	yes	yes	no
4471	no	yes	no	no	no
4472	yes	yes	no	yes	no
4473	yes	no	yes	yes	yes
4474	no	yes	no	no	no
4475	yes	no	no	yes	yes
4476	no	yes	yes	yes	no
4477	no	yes	no	yes	yes
4478	yes	yes	no	yes	no
4479	yes	yes	no	yes	no
4480	no	yes	no	no	no
4481	yes	no	yes	no	no
4482	yes	yes	no	no	no
4483	yes	yes	no	no	no
4484	no	yes	no	no	no
4485	no	yes	no	no	yes
4486	no	yes	no	yes	yes
4487	yes	yes	no	yes	no
4488	no	yes	no	yes	yes
4489	no	yes	no	yes	yes
4490	no	yes	yes	no	no
4491	yes	yes	no	no	no
4492	no	no	yes	no	no
4493	no	yes	no	no	no
4494	no	yes	no	no	no
4495	yes	no	yes	no	no
4496	no	yes	yes	yes	no
4497	no	yes	no	no	no
4498	yes	yes	yes	yes	yes
4499	yes	no	no	yes	no
4500	yes	yes	yes	no	no
4501	yes	no	no	no	no
4502	no	yes	no	no	yes
4503	yes	yes	no	no	no
4504	yes	yes	no	yes	no
4505	yes	yes	no	yes	no
4506	yes	yes	no	yes	yes
4507	yes	no	yes	yes	yes
4508	yes	yes	yes	yes	no
4509	no	yes	no	no	yes
4510	no	no	yes	yes	no
4511	yes	yes	yes	yes	yes
4512	no	yes	no	no	no
4513	no	yes	no	yes	yes
4514	yes	no	yes	no	no
4515	yes	yes	yes	no	no
4516	no	yes	no	yes	yes
4517	yes	yes	yes	no	no
4518	yes	yes	no	no	no
4519	yes	yes	yes	no	no
4520	yes	yes	no	yes	no
4521	yes	yes	no	yes	yes
4522	no	yes	yes	no	yes
4523	yes	yes	yes	yes	no
4524	no	no	no	no	no
4525	yes	no	yes	no	no
4526	yes	no	yes	yes	yes
4527	yes	yes	no	no	yes
4528	yes	no	yes	yes	yes
4529	yes	no	yes	yes	no
4530	no	yes	no	yes	no
4531	no	yes	yes	no	no
4532	yes	yes	no	no	no
4533	yes	yes	no	yes	no
4534	yes	yes	no	no	no
4535	yes	yes	yes	yes	yes
4536	yes	yes	no	yes	yes
4537	yes	no	no	yes	yes
4538	no	yes	no	no	no
4539	no	yes	no	no	no
4540	yes	no	yes	yes	no
4541	no	no	yes	no	no
4542	yes	yes	no	yes	no
4543	no	yes	no	no	no
4544	no	yes	no	yes	no
4545	no	yes	no	no	no
4546	yes	no	yes	yes	yes
4547	yes	no	no	yes	yes
4548	no	yes	no	no	yes
4549	yes	yes	no	no	no
4550	yes	yes	no	yes	no
4551	no	no	no	no	no
4552	yes	yes	no	yes	no
4553	yes	yes	no	yes	no
4554	yes	no	no	yes	yes
4555	no	no	yes	yes	yes
4556	no	yes	no	no	no
4557	no	yes	no	no	no
4558	no	yes	no	no	no
4559	yes	yes	no	no	yes
4560	yes	no	yes	no	no
4561	no	yes	no	yes	no
4562	yes	yes	yes	yes	no
4563	no	yes	no	yes	yes
4564	no	yes	yes	yes	no
4565	yes	yes	no	yes	no
4566	no	yes	yes	no	no
4567	yes	no	no	yes	no
4568	no	no	yes	yes	no
4569	yes	no	yes	yes	no
4570	no	yes	yes	yes	yes
4571	no	yes	no	no	no
4572	yes	yes	no	yes	yes
4573	yes	yes	no	no	no
4574	no	yes	no	no	no
4575	no	yes	no	no	no
4576	yes	no	no	yes	yes
4577	no	no	yes	no	yes
4578	yes	yes	no	yes	no
4579	no	yes	no	no	no
4580	yes	yes	yes	no	no
4581	no	yes	no	no	no
4582	yes	yes	no	yes	no
4583	yes	no	yes	yes	yes
4584	no	yes	no	no	no
4585	yes	yes	no	yes	yes
4586	yes	yes	yes	yes	no
4587	yes	yes	no	yes	yes
4588	yes	no	yes	yes	no
4589	yes	no	yes	no	no
4590	yes	no	yes	yes	yes
4591	yes	yes	yes	yes	yes
4592	no	yes	no	no	no
4593	no	yes	no	no	no
4594	yes	yes	no	yes	no
4595	no	yes	no	no	no
4596	yes	yes	yes	yes	no
4597	yes	yes	yes	yes	yes
4598	yes	yes	no	yes	no
4599	yes	yes	yes	yes	yes
4600	no	yes	no	no	no
4601	yes	yes	yes	no	no
4602	no	yes	yes	yes	yes
4603	no	yes	yes	no	no
4604	no	no	no	yes	yes
4605	yes	no	yes	yes	yes
4606	no	yes	no	no	yes
4607	yes	no	no	yes	no
4608	no	yes	no	no	no
4609	yes	yes	no	yes	no
4610	yes	yes	no	no	yes
4611	yes	yes	no	yes	no
4612	yes	yes	yes	yes	yes
4613	yes	yes	no	no	no
4614	yes	no	no	yes	yes
4615	yes	yes	no	yes	no
4616	yes	yes	yes	yes	yes
4617	yes	yes	yes	yes	yes
4618	yes	yes	yes	no	yes
4619	no	yes	no	no	no
4620	yes	yes	no	yes	yes
4621	yes	yes	no	no	no
4622	no	yes	no	no	no
4623	yes	yes	yes	yes	yes
4624	no	no	yes	no	no
4625	no	yes	no	no	no
4626	no	yes	no	no	no
4627	yes	yes	no	no	no
4628	no	no	no	yes	yes
4629	yes	yes	yes	yes	yes
4630	no	yes	no	yes	no
4631	yes	yes	no	no	no
4632	no	yes	no	no	no
4633	yes	yes	no	no	no
4634	yes	yes	yes	yes	no
4635	no	yes	no	no	no
4636	yes	yes	yes	yes	yes
4637	no	yes	no	no	no
4638	yes	no	no	yes	yes
4639	no	yes	yes	no	no
4640	yes	yes	yes	yes	yes
4641	yes	no	no	yes	yes
4642	yes	no	no	no	no
4643	no	yes	no	yes	no
4644	yes	yes	yes	yes	yes
4645	yes	no	no	yes	yes
4646	yes	yes	no	yes	no
4647	yes	no	yes	yes	no
4648	yes	yes	no	yes	no
4649	yes	no	yes	yes	yes
4650	no	yes	yes	yes	yes
4651	no	yes	no	no	yes
4652	yes	no	yes	yes	no
4653	yes	no	yes	yes	no
4654	no	yes	no	no	no
4655	yes	yes	no	yes	no
4656	yes	yes	no	no	yes
4657	no	no	no	no	no
4658	no	yes	no	no	no
4659	yes	yes	yes	yes	yes
4660	no	yes	no	no	no
4661	yes	no	no	yes	yes
4662	no	yes	no	no	no
4663	yes	yes	no	yes	no
4664	no	yes	no	no	no
4665	yes	yes	no	yes	yes
4666	yes	yes	no	yes	no
4667	no	yes	yes	yes	yes
4668	yes	yes	no	yes	no
4669	yes	no	yes	yes	no
4670	yes	yes	no	yes	no
4671	yes	yes	yes	yes	yes
4672	yes	yes	yes	no	yes
4673	yes	no	yes	no	no
4674	yes	yes	no	yes	yes
4675	no	yes	yes	no	yes
4676	yes	yes	yes	yes	yes
4677	yes	yes	yes	yes	no
4678	yes	yes	yes	yes	no
4679	no	yes	no	no	no
4680	no	yes	no	yes	no
4681	no	yes	yes	no	no
4682	yes	yes	no	yes	no
4683	no	yes	yes	yes	no
4684	yes	yes	no	yes	no
4685	yes	yes	no	yes	yes
4686	no	yes	yes	yes	yes
4687	no	yes	yes	no	no
4688	no	yes	no	no	no
4689	yes	yes	no	no	yes
4690	yes	yes	no	no	no
4691	yes	yes	yes	yes	no
4692	no	yes	no	yes	yes
4693	no	yes	yes	no	no
4694	yes	yes	no	no	no
4695	yes	yes	no	no	no
4696	yes	yes	yes	yes	no
4697	no	yes	yes	no	no
4698	no	no	yes	yes	no
4699	yes	yes	yes	yes	no
4700	yes	yes	yes	yes	no
4701	yes	no	yes	yes	yes
4702	yes	yes	no	yes	no
4703	yes	no	yes	no	no
4704	yes	yes	no	yes	no
4705	yes	yes	no	no	no
4706	no	yes	no	yes	no
4707	yes	yes	yes	yes	no
4708	no	yes	yes	no	no
4709	yes	yes	no	no	no
4710	yes	yes	no	no	no
4711	yes	yes	no	no	no
4712	no	yes	yes	no	no
4713	yes	yes	no	yes	yes
4714	no	yes	yes	no	yes
4715	yes	yes	no	yes	no
4716	no	yes	no	yes	yes
4717	yes	no	no	yes	yes
4718	yes	yes	no	yes	no
4719	yes	yes	no	yes	no
4720	yes	no	no	no	no
4721	yes	no	no	yes	yes
4722	no	yes	no	no	no
4723	yes	yes	no	yes	no
4724	yes	yes	yes	no	yes
4725	yes	yes	no	yes	yes
4726	no	yes	no	yes	yes
4727	no	yes	no	yes	no
4728	yes	yes	no	no	no
4729	yes	yes	no	yes	yes
4730	yes	yes	yes	yes	yes
4731	yes	yes	yes	yes	yes
4732	no	yes	no	no	no
4733	no	yes	no	no	yes
4734	yes	yes	no	yes	yes
4735	no	yes	yes	yes	yes
4736	no	yes	no	no	no
4737	yes	yes	no	no	no
4738	yes	yes	no	no	no
4739	yes	no	yes	yes	no
4740	no	yes	yes	yes	yes
4741	yes	yes	yes	yes	yes
4742	yes	yes	yes	yes	no
4743	no	no	yes	no	no
4744	yes	yes	no	no	no
4745	no	yes	no	no	no
4746	yes	yes	no	yes	yes
4747	yes	yes	no	yes	no
4748	yes	no	yes	yes	yes
4749	no	yes	yes	no	no
4750	no	no	no	yes	yes
4751	no	yes	no	no	no
4752	no	no	yes	yes	yes
4753	yes	no	yes	yes	yes
4754	no	yes	no	no	no
4755	no	yes	yes	yes	no
4756	yes	no	yes	yes	no
4757	yes	yes	yes	no	yes
4758	no	yes	yes	no	no
4759	no	yes	yes	no	no
4760	yes	yes	no	yes	yes
4761	yes	yes	yes	yes	no
4762	yes	yes	no	no	yes
4763	no	yes	no	no	no
4764	no	yes	no	yes	yes
4765	yes	yes	no	no	yes
4766	yes	yes	yes	no	no
4767	yes	yes	yes	yes	yes
4768	yes	no	yes	yes	yes
4769	no	yes	no	no	no
4770	no	yes	yes	yes	no
4771	no	yes	yes	no	no
4772	yes	no	yes	no	no
4773	yes	yes	no	yes	no
4774	yes	yes	no	no	no
4775	no	no	yes	yes	yes
4776	yes	no	no	yes	yes
4777	no	yes	no	no	no
4778	no	yes	no	no	no
4779	yes	yes	no	yes	no
4780	no	no	no	no	yes
4781	no	yes	no	no	no
4782	yes	yes	no	yes	yes
4783	yes	yes	no	no	no
4784	no	yes	no	no	yes
4785	no	no	no	yes	no
4786	yes	yes	yes	yes	no
4787	yes	yes	no	yes	no
4788	yes	yes	yes	yes	yes
4789	yes	yes	no	no	no
4790	no	yes	yes	no	no
4791	yes	no	yes	yes	yes
4792	yes	no	no	no	no
4793	yes	yes	no	no	no
4794	no	yes	no	no	no
4795	yes	yes	yes	no	yes
4796	yes	yes	yes	yes	yes
4797	no	yes	no	no	no
4798	yes	yes	yes	no	no
4799	yes	no	no	yes	no
4800	yes	yes	yes	yes	yes
4801	yes	yes	no	yes	yes
4802	no	yes	no	no	no
4803	no	yes	yes	no	no
4804	yes	yes	no	no	no
4805	yes	yes	no	no	no
4806	yes	yes	no	yes	no
4807	no	yes	no	no	no
4808	no	yes	no	no	no
4809	yes	yes	no	no	no
4810	no	no	yes	no	no
4811	no	yes	no	no	no
4812	yes	no	yes	yes	yes
4813	no	yes	no	no	no
4814	yes	no	yes	yes	yes
4815	yes	yes	no	yes	no
4816	yes	yes	no	no	no
4817	yes	yes	no	yes	no
4818	no	yes	yes	no	yes
4819	yes	yes	no	no	yes
4820	yes	no	yes	yes	no
4821	no	yes	yes	no	no
4822	yes	yes	no	no	no
4823	no	yes	yes	no	no
4824	no	yes	yes	yes	no
4825	yes	yes	no	no	no
4826	yes	yes	no	yes	no
4827	yes	yes	no	yes	yes
4828	no	yes	yes	no	no
4829	yes	yes	no	yes	no
4830	yes	no	no	no	yes
4831	yes	yes	no	no	yes
4832	yes	yes	yes	yes	yes
4833	yes	no	yes	yes	no
4834	no	yes	no	yes	no
4835	yes	yes	yes	yes	yes
4836	yes	yes	yes	yes	no
4837	no	no	yes	no	yes
4838	yes	yes	no	yes	yes
4839	no	yes	no	no	yes
4840	yes	no	no	yes	no
4841	yes	yes	no	yes	yes
4842	yes	yes	yes	no	no
4843	yes	yes	yes	yes	no
4844	no	yes	yes	no	yes
4845	no	yes	no	no	no
4846	yes	yes	no	no	yes
4847	yes	yes	no	yes	no
4848	no	yes	yes	no	no
4849	no	no	no	yes	no
4850	yes	yes	no	yes	no
4851	yes	yes	no	yes	yes
4852	yes	no	yes	no	yes
4853	yes	no	yes	yes	yes
4854	yes	no	yes	yes	yes
4855	yes	yes	yes	yes	no
4856	yes	no	yes	no	no
4857	yes	yes	yes	no	no
4858	yes	yes	no	no	yes
4859	no	yes	yes	no	no
4860	yes	yes	yes	yes	yes
4861	yes	yes	no	yes	yes
4862	yes	yes	no	yes	no
4863	yes	yes	no	no	yes
4864	yes	yes	yes	no	no
4865	yes	yes	no	no	yes
4866	yes	yes	yes	yes	no
4867	no	no	no	no	yes
4868	no	yes	no	no	yes
4869	no	no	no	no	no
4870	yes	yes	no	no	no
4871	yes	yes	yes	yes	yes
4872	no	yes	yes	yes	yes
4873	yes	yes	yes	yes	no
4874	no	yes	no	no	no
4875	no	no	no	yes	yes
4876	no	yes	no	no	no
4877	yes	yes	yes	yes	no
4878	no	no	yes	no	no
4879	yes	yes	no	no	yes
4880	yes	yes	yes	no	no
4881	yes	yes	yes	yes	yes
4882	no	yes	yes	no	no
4883	no	yes	no	yes	yes
4884	no	yes	yes	no	yes
4885	yes	yes	yes	yes	yes
4886	yes	yes	no	no	yes
4887	no	yes	yes	no	no
4888	yes	yes	no	no	yes
4889	yes	no	yes	yes	yes
4890	yes	no	no	yes	yes
4891	no	yes	no	no	no
4892	no	no	yes	yes	yes
4893	yes	no	yes	yes	yes
4894	no	no	yes	yes	yes
4895	yes	yes	yes	yes	yes
4896	no	no	no	no	yes
4897	yes	no	yes	yes	yes
4898	yes	no	yes	no	yes
4899	no	yes	no	no	no
4900	yes	yes	yes	yes	yes
4901	yes	yes	yes	yes	yes
4902	no	yes	no	yes	no
4903	no	yes	yes	no	no
4904	yes	no	no	yes	yes
4905	no	yes	no	no	yes
4906	yes	no	yes	yes	yes
4907	yes	yes	no	yes	no
4908	yes	no	yes	yes	yes
4909	no	yes	yes	yes	yes
4910	yes	yes	no	yes	yes
4911	yes	yes	yes	yes	yes
4912	yes	yes	no	yes	yes
4913	yes	no	yes	yes	no
4914	no	yes	no	no	no
4915	yes	no	no	no	no
4916	no	yes	no	yes	no
4917	yes	no	yes	yes	yes
4918	yes	yes	no	no	no
4919	no	no	yes	no	yes
4920	yes	yes	yes	no	yes
4921	yes	yes	no	yes	no
4922	yes	no	yes	yes	yes
4923	no	yes	no	no	yes
4924	no	yes	no	no	yes
4925	yes	yes	yes	no	yes
4926	yes	no	yes	no	yes
4927	no	yes	yes	yes	no
4928	no	yes	no	no	no
4929	yes	yes	yes	no	yes
4930	no	yes	no	no	no
4931	no	yes	no	no	no
4932	yes	yes	no	yes	no
4933	no	yes	no	no	no
4934	no	yes	no	no	yes
4935	yes	no	yes	yes	no
4936	yes	no	yes	no	yes
4937	yes	yes	yes	no	no
4938	no	yes	yes	no	yes
4939	yes	yes	yes	no	yes
4940	no	yes	no	no	no
4941	no	no	yes	yes	no
4942	yes	no	yes	yes	yes
4943	yes	yes	yes	yes	no
4944	yes	no	yes	yes	no
4945	yes	yes	no	no	no
4946	no	yes	no	no	no
4947	yes	no	yes	no	yes
4948	yes	yes	yes	yes	no
4949	yes	yes	yes	no	no
4950	no	yes	yes	no	yes
4951	yes	yes	no	yes	yes
4952	no	yes	no	no	no
4953	yes	yes	yes	yes	no
4954	yes	yes	no	yes	yes
4955	yes	yes	yes	no	yes
4956	yes	yes	no	no	no
4957	no	yes	yes	yes	yes
4958	no	yes	yes	no	no
4959	yes	yes	no	no	no
4960	yes	yes	yes	yes	yes
4961	no	yes	yes	no	no
4962	no	yes	no	yes	no
4963	no	yes	no	no	no
4964	yes	yes	yes	yes	no
4965	no	no	yes	no	yes
4966	no	yes	no	no	no
4967	yes	yes	yes	yes	yes
4968	yes	no	yes	yes	yes
4969	no	yes	no	no	yes
4970	no	yes	no	no	no
4971	yes	yes	no	no	yes
4972	yes	yes	no	no	yes
4973	yes	yes	yes	no	no
4974	no	yes	no	no	yes
4975	yes	yes	no	no	no
4976	yes	yes	no	no	no
4977	yes	yes	no	no	yes
4978	yes	yes	yes	yes	yes
4979	no	yes	no	no	yes
4980	yes	yes	no	yes	yes
4981	no	yes	yes	no	no
4982	no	yes	no	no	no
4983	no	yes	yes	no	no
4984	yes	yes	no	no	yes
4985	yes	yes	yes	no	no
4986	yes	no	no	yes	yes
4987	yes	no	no	no	yes
4988	yes	yes	yes	no	no
4989	yes	yes	yes	no	yes
4990	yes	no	no	yes	yes
4991	no	yes	no	no	no
4992	no	yes	no	yes	no
4993	yes	yes	no	yes	no
4994	no	no	no	no	yes
4995	yes	yes	yes	yes	yes
4996	yes	yes	yes	no	no
4997	yes	yes	no	no	yes
4998	yes	yes	no	no	yes
4999	yes	yes	no	yes	no
5000	no	yes	yes	no	no
5001	no	yes	yes	yes	yes
5002	yes	no	yes	yes	yes
5003	yes	yes	no	yes	no
5004	yes	yes	yes	yes	no
5005	no	yes	no	no	no
5006	no	no	no	no	no
5007	no	yes	no	no	no
5008	yes	no	yes	yes	yes
5009	no	no	no	no	no
5010	yes	yes	no	no	no
5011	yes	yes	no	yes	yes
5012	no	yes	no	no	no
5013	yes	no	yes	yes	yes
5014	yes	no	yes	yes	yes
5015	yes	yes	yes	yes	no
5016	yes	yes	yes	yes	yes
5017	yes	yes	no	yes	yes
5018	no	yes	no	no	yes
5019	no	yes	yes	no	no
5020	no	yes	no	no	no
5021	yes	yes	yes	no	yes
5022	yes	no	no	yes	yes
5023	yes	yes	yes	yes	yes
5024	no	yes	no	no	no
5025	yes	no	yes	no	yes
5026	yes	no	yes	yes	yes
5027	yes	yes	yes	no	yes
5028	no	yes	yes	no	yes
5029	yes	yes	no	no	yes
5030	yes	yes	yes	yes	no
5031	yes	yes	yes	no	no
5032	no	yes	no	yes	no
5033	no	yes	no	yes	yes
5034	no	no	no	no	yes
5035	yes	yes	yes	yes	no
5036	yes	no	yes	no	no
5037	no	yes	yes	yes	no
5038	yes	no	yes	yes	no
5039	yes	yes	no	no	yes
5040	no	yes	no	no	yes
5041	yes	yes	no	no	no
5042	yes	yes	yes	no	yes
5043	no	no	no	no	no
5044	no	yes	yes	yes	no
5045	no	yes	no	no	no
5046	no	yes	no	no	no
5047	yes	no	no	yes	yes
5048	yes	yes	no	yes	yes
5049	yes	no	yes	yes	yes
5050	yes	yes	yes	no	no
5051	yes	yes	yes	yes	yes
5052	yes	no	no	yes	yes
5053	yes	no	no	no	no
5054	yes	yes	yes	no	yes
5055	yes	yes	no	no	no
5056	no	no	yes	no	yes
5057	yes	yes	yes	no	no
5058	yes	yes	no	no	yes
5059	yes	yes	no	yes	no
5060	no	yes	yes	no	no
5061	no	yes	no	no	no
5062	yes	no	no	no	no
5063	no	yes	no	no	no
5064	yes	yes	no	yes	yes
5065	yes	no	yes	yes	no
5066	no	yes	yes	no	yes
5067	yes	yes	yes	no	no
5068	yes	yes	yes	yes	yes
5069	no	yes	no	yes	no
5070	yes	yes	yes	yes	yes
5071	no	no	no	no	no
5072	yes	yes	no	no	no
5073	yes	yes	no	no	no
5074	yes	yes	yes	yes	yes
5075	no	yes	yes	no	no
5076	yes	no	yes	yes	yes
5077	no	yes	no	no	no
5078	yes	yes	yes	yes	yes
5079	no	no	no	no	yes
5080	no	yes	no	yes	yes
5081	yes	yes	yes	yes	no
5082	yes	yes	yes	no	yes
5083	no	yes	no	no	no
5084	yes	yes	yes	no	no
5085	yes	yes	no	yes	no
5086	yes	no	yes	no	yes
5087	no	yes	yes	yes	no
5088	yes	yes	no	no	no
5089	no	yes	yes	no	yes
5090	yes	yes	no	no	no
5091	yes	yes	yes	yes	no
5092	yes	yes	no	no	no
5093	no	no	no	yes	no
5094	no	yes	no	yes	no
5095	yes	no	no	yes	yes
5096	no	yes	yes	no	no
5097	yes	no	yes	yes	no
5098	no	yes	no	no	no
5099	no	no	no	no	yes
5100	yes	yes	no	no	no
5101	no	yes	no	no	yes
5102	no	yes	no	no	no
5103	yes	no	yes	yes	yes
5104	no	yes	yes	yes	yes
5105	yes	no	yes	no	no
5106	yes	yes	no	no	yes
5107	yes	yes	no	yes	yes
5108	no	yes	no	no	no
5109	no	yes	yes	no	yes
5110	yes	no	yes	yes	yes
5111	yes	yes	yes	yes	no
5112	no	no	no	no	no
5113	no	no	yes	no	yes
5114	yes	yes	yes	yes	yes
5115	no	yes	no	yes	yes
5116	no	yes	no	no	no
5117	yes	no	yes	no	no
5118	yes	yes	no	no	no
5119	no	yes	yes	yes	no
5120	no	yes	no	no	no
5121	no	yes	yes	yes	no
5122	yes	yes	no	no	no
5123	yes	yes	no	no	no
5124	yes	no	no	yes	no
5125	no	yes	no	no	no
5126	yes	yes	yes	yes	yes
5127	yes	no	yes	yes	no
5128	yes	no	yes	yes	yes
5129	yes	yes	yes	no	yes
5130	no	yes	yes	no	no
5131	yes	yes	no	yes	yes
5132	no	no	yes	no	yes
5133	yes	no	yes	yes	yes
5134	yes	no	yes	yes	no
5135	yes	no	no	no	yes
5136	yes	no	no	no	no
5137	yes	no	yes	yes	yes
5138	yes	no	yes	yes	no
5139	yes	yes	no	no	no
5140	no	yes	no	no	no
5141	no	yes	no	yes	no
5142	no	yes	no	no	no
5143	yes	no	yes	yes	no
5144	yes	yes	yes	no	yes
5145	no	yes	yes	no	no
5146	yes	no	yes	yes	no
5147	no	yes	no	no	no
5148	yes	yes	no	no	no
5149	no	no	yes	yes	yes
5150	yes	no	no	yes	yes
5151	yes	yes	yes	no	no
5152	yes	yes	no	yes	yes
5153	yes	yes	yes	yes	yes
5154	yes	no	no	no	no
5155	no	yes	no	no	no
5156	no	yes	no	yes	yes
5157	no	yes	no	no	no
5158	no	yes	yes	no	no
5159	yes	yes	no	no	no
5160	yes	no	no	yes	yes
5161	no	no	yes	no	yes
5162	no	yes	no	no	yes
5163	no	yes	no	no	yes
5164	no	yes	yes	no	yes
5165	yes	yes	yes	yes	no
5166	no	yes	no	no	no
5167	no	yes	yes	no	yes
5168	yes	yes	no	no	no
5169	yes	no	yes	yes	no
5170	no	yes	yes	no	no
5171	no	yes	yes	yes	yes
5172	no	yes	no	no	no
5173	no	yes	yes	yes	no
5174	yes	yes	no	yes	no
5175	yes	yes	no	yes	no
5176	yes	yes	yes	yes	yes
5177	yes	no	yes	yes	no
5178	yes	yes	no	no	no
5179	yes	no	yes	yes	no
5180	no	no	no	no	no
5181	no	yes	yes	no	no
5182	yes	no	yes	yes	yes
5183	no	yes	no	no	yes
5184	yes	yes	no	no	no
5185	yes	yes	no	yes	yes
5186	no	yes	yes	no	no
5187	yes	yes	no	yes	yes
5188	no	yes	no	no	yes
5189	no	yes	yes	yes	no
5190	no	yes	no	no	no
5191	no	yes	no	no	no
5192	yes	no	yes	no	yes
5193	no	yes	yes	yes	no
5194	no	yes	no	no	no
5195	yes	no	no	no	no
5196	no	yes	no	no	no
5197	no	yes	no	no	no
5198	no	yes	no	yes	no
5199	yes	yes	no	no	no
5200	yes	yes	no	yes	yes
5201	no	no	no	no	no
5202	yes	yes	yes	yes	no
5203	no	yes	no	yes	no
5204	yes	yes	yes	yes	no
5205	no	no	no	no	yes
5206	no	yes	no	no	no
5207	yes	no	no	yes	no
5208	no	yes	no	no	no
5209	yes	no	yes	yes	no
5210	no	yes	no	no	no
5211	no	yes	no	no	yes
5212	yes	yes	no	yes	yes
5213	yes	yes	yes	yes	yes
5214	no	yes	yes	yes	yes
5215	yes	no	no	no	yes
5216	yes	yes	no	yes	no
5217	yes	no	yes	yes	yes
5218	no	yes	no	no	no
5219	no	yes	no	no	no
5220	yes	yes	no	no	no
5221	no	yes	yes	yes	yes
5222	yes	yes	yes	yes	yes
5223	yes	yes	no	no	no
5224	yes	no	yes	yes	yes
5225	yes	yes	no	yes	yes
5226	no	yes	no	no	yes
5227	no	yes	no	no	no
5228	yes	yes	no	no	no
5229	no	yes	yes	no	no
5230	yes	no	yes	yes	yes
5231	no	yes	yes	no	no
5232	yes	yes	no	no	no
5233	yes	yes	no	no	no
5234	yes	no	yes	yes	no
5235	no	yes	no	no	no
5236	no	yes	no	yes	yes
5237	yes	no	yes	yes	yes
5238	yes	no	yes	yes	yes
5239	yes	no	yes	yes	yes
5240	yes	yes	no	no	no
5241	yes	yes	no	yes	no
5242	no	yes	yes	no	no
5243	yes	yes	no	yes	yes
5244	no	yes	no	no	no
5245	yes	yes	no	yes	yes
5246	yes	yes	no	yes	no
5247	no	no	no	yes	no
5248	no	yes	yes	no	yes
5249	no	yes	no	yes	yes
5250	no	yes	no	no	yes
5251	no	yes	yes	no	no
5252	no	yes	yes	no	no
5253	no	yes	no	yes	no
5254	yes	no	yes	yes	yes
5255	no	no	no	yes	no
5256	yes	no	yes	no	no
5257	yes	yes	no	yes	yes
5258	no	yes	yes	yes	yes
5259	no	yes	no	no	no
5260	yes	yes	no	no	no
5261	yes	yes	no	no	no
5262	yes	yes	no	yes	no
5263	no	no	no	yes	no
5264	yes	yes	no	no	no
5265	yes	yes	no	yes	no
5266	yes	yes	no	yes	no
5267	no	no	no	no	no
5268	yes	yes	no	no	no
5269	yes	yes	yes	yes	yes
5270	yes	no	yes	no	yes
5271	no	yes	no	no	no
5272	yes	no	yes	yes	yes
5273	yes	yes	no	yes	no
5274	yes	yes	yes	no	no
5275	yes	yes	no	no	no
5276	yes	yes	no	no	no
5277	yes	no	no	yes	no
5278	yes	yes	yes	no	yes
5279	no	no	yes	no	yes
5280	yes	yes	no	no	no
5281	yes	no	yes	yes	yes
5282	yes	yes	no	yes	no
5283	yes	yes	yes	no	yes
5284	yes	yes	yes	yes	yes
5285	yes	yes	no	yes	no
5286	yes	yes	no	yes	no
5287	yes	yes	yes	yes	no
5288	yes	yes	no	no	yes
5289	yes	yes	no	no	no
5290	yes	yes	no	no	no
5291	yes	yes	no	no	yes
5292	yes	yes	yes	no	yes
5293	yes	no	yes	yes	yes
5294	no	yes	yes	no	no
5295	yes	no	yes	no	no
5296	yes	no	no	yes	yes
5297	yes	yes	yes	no	no
5298	no	yes	no	yes	no
5299	yes	yes	no	yes	no
5300	no	yes	yes	no	yes
5301	no	no	yes	no	no
5302	no	no	no	yes	no
5303	no	yes	no	no	no
5304	no	yes	yes	yes	no
5305	no	yes	no	no	no
5306	yes	yes	no	yes	no
5307	no	yes	no	no	yes
5308	yes	yes	no	yes	no
5309	no	no	yes	yes	yes
5310	yes	yes	no	yes	yes
5311	no	yes	no	yes	yes
5312	no	yes	yes	yes	no
5313	yes	yes	no	yes	no
5314	yes	no	yes	yes	yes
5315	yes	no	no	no	no
5316	no	yes	no	no	no
5317	yes	yes	no	no	no
5318	no	yes	no	no	no
5319	yes	no	yes	yes	yes
5320	yes	yes	yes	yes	no
5321	yes	yes	yes	yes	no
5322	yes	no	yes	yes	no
5323	yes	yes	no	yes	no
5324	no	yes	yes	yes	no
5325	yes	yes	no	yes	yes
5326	yes	yes	yes	yes	yes
5327	yes	yes	yes	yes	yes
5328	yes	no	yes	yes	no
5329	yes	yes	no	yes	no
5330	yes	no	yes	yes	yes
5331	yes	yes	no	yes	yes
5332	yes	no	yes	yes	yes
5333	no	yes	no	yes	yes
5334	yes	yes	no	no	yes
5335	yes	yes	yes	no	no
5336	yes	yes	no	yes	yes
5337	yes	yes	no	no	no
5338	yes	yes	no	yes	no
5339	yes	yes	yes	no	yes
5340	no	yes	no	no	no
5341	yes	yes	no	no	no
5342	no	yes	no	no	yes
5343	no	no	no	no	no
5344	yes	no	yes	yes	yes
5345	no	yes	yes	yes	no
5346	yes	no	yes	yes	yes
5347	yes	yes	no	no	no
5348	yes	yes	no	no	no
5349	yes	yes	yes	yes	yes
5350	no	yes	no	no	no
5351	no	yes	no	no	no
5352	yes	no	yes	no	no
5353	yes	yes	no	no	no
5354	yes	no	yes	yes	yes
5355	yes	yes	no	yes	no
5356	yes	no	yes	no	no
5357	yes	yes	no	no	no
5358	no	no	yes	no	no
5359	yes	no	no	yes	yes
5360	yes	yes	no	no	yes
5361	yes	no	yes	yes	no
5362	yes	yes	no	yes	no
5363	no	yes	no	no	no
5364	yes	yes	no	yes	no
5365	yes	no	no	no	no
5366	yes	yes	no	no	no
5367	no	no	no	no	no
5368	yes	yes	no	yes	no
5369	yes	yes	yes	no	yes
5370	yes	yes	yes	no	no
5371	yes	no	yes	yes	yes
5372	yes	yes	no	yes	no
5373	no	yes	no	yes	no
5374	yes	yes	no	no	yes
5375	no	no	no	no	no
5376	yes	no	yes	yes	yes
5377	yes	yes	no	no	no
5378	yes	yes	yes	no	no
5379	no	yes	yes	no	yes
5380	no	no	no	no	no
5381	yes	yes	no	no	no
5382	no	yes	no	no	no
5383	no	no	yes	no	yes
5384	yes	yes	no	no	yes
5385	no	no	yes	no	no
5386	yes	no	no	yes	yes
5387	yes	no	yes	yes	no
5388	yes	yes	yes	yes	no
5389	yes	no	yes	yes	yes
5390	yes	no	yes	no	no
5391	yes	no	yes	yes	yes
5392	yes	no	yes	yes	yes
5393	yes	yes	no	no	yes
5394	yes	yes	yes	yes	no
5395	yes	no	no	yes	no
5396	yes	no	no	yes	yes
5397	yes	yes	no	yes	no
5398	no	yes	no	no	yes
5399	yes	yes	yes	yes	yes
5400	yes	yes	no	yes	yes
5401	no	yes	yes	yes	yes
5402	yes	yes	yes	no	no
5403	no	yes	no	no	no
5404	yes	yes	yes	no	no
5405	yes	no	yes	yes	yes
5406	yes	yes	yes	no	no
5407	yes	yes	no	yes	no
5408	no	yes	no	no	no
5409	yes	yes	yes	yes	yes
5410	yes	yes	no	no	no
5411	yes	yes	yes	yes	yes
5412	yes	yes	no	no	no
5413	yes	no	yes	yes	yes
5414	yes	yes	yes	no	yes
5415	no	yes	no	no	no
5416	no	yes	no	no	no
5417	no	yes	no	no	yes
5418	yes	no	yes	yes	yes
5419	no	yes	no	no	no
5420	no	yes	no	no	no
5421	yes	no	no	yes	yes
5422	no	yes	no	no	no
5423	no	yes	yes	no	yes
5424	yes	yes	no	yes	no
5425	yes	no	no	yes	yes
5426	no	no	no	no	no
5427	no	no	yes	no	yes
5428	no	no	no	no	yes
5429	no	yes	no	no	no
5430	yes	no	yes	yes	no
5431	yes	no	no	yes	yes
5432	no	yes	no	no	yes
5433	no	yes	no	no	yes
5434	yes	yes	no	no	no
5435	no	yes	yes	no	no
5436	no	yes	yes	no	no
5437	yes	yes	no	yes	no
5438	yes	yes	yes	yes	yes
5439	yes	no	no	yes	no
5440	no	yes	no	no	no
5441	yes	yes	yes	yes	yes
5442	no	yes	yes	no	no
5443	yes	no	yes	yes	no
5444	yes	no	yes	no	no
5445	yes	yes	no	no	no
5446	yes	yes	no	no	no
5447	yes	yes	no	yes	yes
5448	no	yes	yes	no	yes
5449	yes	yes	yes	yes	no
5450	yes	yes	no	yes	no
5451	no	yes	no	yes	yes
5452	yes	yes	yes	yes	yes
5453	yes	yes	yes	yes	yes
5454	yes	yes	no	yes	no
5455	no	no	no	yes	yes
5456	yes	yes	no	yes	yes
5457	yes	yes	yes	no	no
5458	yes	yes	yes	yes	no
5459	no	yes	no	yes	no
5460	no	yes	no	no	no
5461	no	yes	no	yes	no
5462	yes	no	yes	yes	no
5463	yes	yes	yes	yes	no
5464	yes	no	yes	yes	yes
5465	no	no	no	yes	no
5466	no	yes	no	no	no
5467	yes	yes	yes	no	no
5468	no	yes	no	no	no
5469	no	yes	no	no	no
5470	yes	yes	no	no	no
5471	no	yes	no	yes	no
5472	no	yes	no	no	no
5473	yes	no	no	yes	no
5474	yes	yes	no	no	yes
5475	yes	yes	yes	yes	yes
5476	no	yes	yes	yes	no
5477	yes	yes	no	yes	yes
5478	yes	yes	no	yes	yes
5479	yes	yes	yes	no	no
5480	yes	yes	no	no	no
5481	no	yes	no	no	no
5482	no	yes	no	yes	no
5483	no	yes	no	no	no
5484	no	no	no	no	no
5485	no	no	no	yes	yes
5486	yes	no	no	yes	no
5487	no	yes	no	no	no
5488	no	yes	no	yes	no
5489	no	yes	no	yes	no
5490	yes	yes	no	yes	no
5491	no	yes	no	no	yes
5492	yes	no	no	yes	yes
5493	yes	yes	no	yes	yes
5494	yes	yes	yes	yes	no
5495	no	yes	no	yes	no
5496	no	yes	no	no	no
5497	yes	no	yes	yes	no
5498	yes	yes	yes	yes	yes
5499	no	yes	yes	yes	yes
5500	yes	yes	no	yes	yes
5501	yes	no	no	no	no
5502	yes	no	no	yes	yes
5503	yes	yes	yes	no	no
5504	no	yes	no	no	no
5505	yes	yes	no	no	no
5506	yes	no	no	yes	no
5507	no	yes	yes	no	yes
5508	no	yes	no	yes	yes
5509	no	no	yes	yes	no
5510	yes	no	yes	no	no
5511	yes	yes	no	no	no
5512	yes	yes	no	yes	yes
5513	yes	yes	no	no	no
5514	no	yes	no	no	no
5515	no	yes	yes	no	yes
5516	no	yes	no	no	yes
5517	no	yes	no	no	yes
5518	yes	yes	no	yes	no
5519	yes	no	yes	yes	no
5520	yes	yes	no	no	yes
5521	no	yes	no	no	no
5522	yes	no	no	no	no
5523	yes	yes	no	yes	yes
5524	yes	yes	yes	no	no
5525	yes	no	no	no	no
5526	yes	yes	yes	no	no
5527	yes	no	no	no	no
5528	yes	no	yes	yes	no
5529	no	yes	no	yes	yes
5530	yes	no	yes	no	yes
5531	yes	yes	no	no	no
5532	no	no	no	no	yes
5533	yes	yes	no	no	no
5534	yes	yes	no	yes	yes
5535	no	yes	no	no	no
5536	no	yes	yes	yes	yes
5537	yes	yes	no	yes	yes
5538	no	yes	yes	yes	yes
5539	yes	yes	no	yes	yes
5540	no	yes	no	yes	no
5541	yes	yes	yes	no	no
5542	no	no	no	no	no
5543	yes	no	no	yes	no
5544	yes	yes	no	yes	no
5545	no	yes	no	no	no
5546	yes	no	no	yes	yes
5547	yes	yes	no	yes	no
5548	yes	yes	no	yes	no
5549	yes	yes	no	no	no
5550	no	no	yes	no	no
5551	no	yes	no	yes	yes
5552	yes	yes	yes	yes	no
5553	yes	yes	yes	yes	yes
5554	no	yes	no	no	no
5555	yes	yes	yes	yes	yes
5556	yes	yes	no	yes	no
5557	yes	yes	no	no	no
5558	no	yes	no	no	no
5559	yes	no	yes	yes	no
5560	yes	no	no	no	no
5561	no	yes	no	no	no
5562	yes	no	yes	no	yes
5563	no	yes	yes	no	no
5564	yes	yes	yes	yes	no
5565	yes	yes	no	yes	yes
5566	yes	yes	no	no	no
5567	no	no	no	no	no
5568	no	yes	no	no	no
5569	yes	yes	no	no	no
5570	yes	yes	no	yes	no
5571	yes	yes	no	yes	no
5572	yes	yes	no	yes	no
5573	yes	yes	no	yes	yes
5574	yes	yes	yes	yes	no
5575	no	yes	no	yes	no
5576	yes	yes	yes	yes	yes
5577	no	yes	no	yes	no
5578	yes	no	yes	yes	no
5579	no	yes	no	yes	no
5580	yes	yes	no	no	yes
5581	yes	yes	yes	no	yes
5582	no	yes	yes	no	no
5583	no	yes	yes	no	no
5584	yes	no	no	no	no
5585	yes	no	no	yes	no
5586	yes	yes	yes	no	no
5587	yes	no	yes	yes	yes
5588	no	yes	no	no	no
5589	yes	yes	no	yes	no
5590	no	yes	yes	yes	yes
5591	no	yes	yes	yes	yes
5592	no	yes	no	no	no
5593	yes	no	yes	no	no
5594	yes	no	no	yes	no
5595	no	no	yes	yes	no
5596	no	yes	yes	no	no
5597	no	yes	yes	no	yes
5598	no	yes	yes	no	no
5599	no	yes	yes	no	no
5600	yes	no	no	no	no
5601	no	no	no	no	no
5602	yes	yes	no	yes	no
5603	yes	no	no	no	yes
5604	no	no	yes	no	yes
5605	yes	no	no	no	yes
5606	yes	yes	no	yes	no
5607	no	no	no	no	yes
5608	no	yes	yes	no	no
5609	no	yes	no	no	yes
5610	yes	no	no	yes	yes
5611	yes	no	no	no	yes
5612	yes	yes	no	no	no
5613	yes	yes	no	yes	no
5614	yes	yes	no	yes	no
5615	yes	yes	no	yes	no
5616	no	no	no	no	no
5617	no	yes	no	no	yes
5618	yes	no	yes	yes	no
5619	yes	yes	no	no	no
5620	yes	no	no	no	no
5621	yes	no	no	no	yes
5622	yes	no	no	no	no
5623	yes	yes	yes	yes	no
5624	no	yes	no	no	no
5625	yes	no	no	no	no
5626	no	yes	yes	yes	no
5627	no	yes	no	no	no
5628	yes	yes	no	yes	no
5629	yes	yes	no	no	no
5630	no	yes	no	no	yes
5631	yes	yes	no	yes	no
5632	no	yes	yes	no	no
5633	yes	yes	no	no	yes
5634	yes	yes	yes	no	yes
5635	no	yes	yes	yes	no
5636	yes	yes	no	no	no
5637	no	no	no	yes	yes
5638	yes	yes	no	no	no
5639	no	yes	no	yes	no
5640	yes	yes	yes	yes	no
5641	yes	yes	no	no	no
5642	no	yes	yes	yes	yes
5643	no	yes	yes	no	yes
5644	no	yes	no	no	no
5645	no	yes	no	no	no
5646	no	yes	no	no	no
5647	yes	yes	no	no	no
5648	no	yes	no	no	no
5649	yes	yes	no	yes	no
5650	yes	no	yes	no	no
5651	yes	yes	no	yes	no
5652	no	yes	no	no	no
5653	no	yes	no	no	no
5654	yes	yes	yes	no	no
5655	yes	no	yes	yes	yes
5656	no	yes	yes	no	no
5657	yes	no	no	yes	yes
5658	no	yes	yes	yes	yes
5659	no	no	yes	yes	no
5660	no	yes	yes	no	no
5661	yes	yes	yes	no	yes
5662	no	yes	yes	no	no
5663	no	yes	yes	yes	no
5664	yes	yes	no	no	yes
5665	no	yes	yes	no	no
5666	yes	yes	yes	no	yes
5667	yes	yes	yes	no	no
5668	yes	yes	no	yes	yes
5669	no	yes	yes	no	no
5670	yes	yes	no	yes	no
5671	no	yes	yes	no	no
5672	yes	yes	no	yes	yes
5673	no	yes	no	no	no
5674	no	yes	yes	yes	no
5675	yes	yes	yes	yes	yes
5676	yes	yes	no	no	no
5677	yes	yes	no	no	no
5678	no	yes	no	no	no
5679	yes	yes	no	yes	no
5680	yes	no	yes	yes	yes
5681	no	yes	no	no	no
5682	no	yes	no	no	no
5683	yes	no	no	yes	no
5684	yes	yes	no	yes	no
5685	yes	no	yes	yes	yes
5686	yes	yes	no	no	no
5687	no	yes	yes	no	no
5688	yes	yes	yes	yes	no
5689	no	yes	no	yes	no
5690	no	yes	no	no	no
5691	yes	yes	yes	yes	yes
5692	yes	yes	no	no	no
5693	no	yes	no	no	no
5694	yes	no	no	yes	no
5695	no	yes	no	yes	yes
5696	yes	yes	yes	yes	yes
5697	yes	yes	yes	yes	yes
5698	yes	yes	no	no	no
5699	no	yes	no	no	no
5700	yes	no	yes	yes	no
5701	yes	no	no	yes	no
5702	no	yes	yes	no	no
5703	no	yes	yes	yes	no
5704	no	yes	no	no	yes
5705	no	yes	no	no	no
5706	no	yes	no	yes	no
5707	yes	yes	no	yes	yes
5708	yes	yes	no	yes	no
5709	no	yes	no	no	no
5710	yes	yes	yes	no	no
5711	yes	yes	yes	yes	no
5712	yes	no	yes	yes	yes
5713	yes	no	yes	yes	no
5714	no	yes	yes	no	yes
5715	no	no	yes	yes	no
5716	yes	no	yes	yes	yes
5717	no	yes	no	no	no
5718	no	yes	no	yes	yes
5719	no	no	no	yes	yes
5720	yes	yes	no	no	yes
5721	yes	no	yes	yes	no
5722	no	yes	no	yes	no
5723	no	yes	no	no	no
5724	yes	no	no	no	no
5725	no	no	yes	yes	yes
5726	no	yes	yes	yes	no
5727	no	no	no	yes	yes
5728	no	yes	no	no	yes
5729	yes	yes	no	no	yes
5730	no	yes	yes	no	no
5731	yes	yes	yes	yes	yes
5732	yes	yes	yes	yes	no
5733	no	yes	no	yes	yes
5734	yes	no	yes	yes	yes
5735	yes	no	yes	yes	no
5736	no	yes	yes	no	no
5737	yes	yes	no	yes	yes
5738	yes	yes	no	yes	no
5739	yes	yes	no	no	no
5740	yes	yes	no	no	yes
5741	yes	yes	yes	no	no
5742	yes	no	no	yes	yes
5743	no	no	no	no	no
5744	yes	no	yes	yes	yes
5745	yes	no	no	no	no
5746	yes	yes	no	yes	yes
5747	no	yes	no	no	yes
5748	yes	yes	no	yes	no
5749	yes	yes	no	no	yes
5750	yes	yes	no	no	yes
5751	yes	yes	no	yes	no
5752	yes	yes	yes	no	no
5753	yes	no	no	yes	yes
5754	yes	yes	no	yes	yes
5755	yes	no	no	no	no
5756	no	yes	no	yes	no
5757	yes	yes	yes	yes	no
5758	no	yes	no	yes	no
5759	yes	yes	no	no	no
5760	yes	yes	no	yes	yes
5761	yes	yes	no	no	yes
5762	no	yes	yes	no	yes
5763	no	yes	no	no	no
5764	no	yes	no	no	no
5765	yes	no	yes	yes	yes
5766	no	yes	no	no	no
5767	no	yes	yes	no	no
5768	no	yes	no	no	no
5769	yes	no	yes	yes	yes
5770	yes	no	no	yes	no
5771	yes	yes	no	yes	no
5772	yes	yes	no	yes	no
5773	yes	yes	no	no	yes
5774	no	yes	no	no	no
5775	yes	yes	yes	yes	yes
5776	yes	yes	yes	yes	no
5777	yes	yes	no	no	no
5778	no	yes	no	no	no
5779	no	yes	no	no	yes
5780	no	yes	no	yes	no
5781	yes	no	no	yes	yes
5782	yes	no	yes	yes	yes
5783	yes	yes	yes	yes	no
5784	yes	yes	yes	yes	no
5785	yes	no	yes	yes	yes
5786	no	yes	no	no	no
5787	yes	no	yes	yes	yes
5788	yes	no	no	yes	no
5789	yes	no	no	yes	no
5790	no	yes	no	no	no
5791	no	yes	no	yes	no
5792	no	yes	yes	yes	yes
5793	yes	yes	no	yes	no
5794	no	yes	no	no	no
5795	yes	yes	no	yes	no
5796	yes	no	yes	yes	yes
5797	no	yes	no	yes	no
5798	yes	yes	yes	no	no
5799	no	yes	no	no	no
5800	yes	no	yes	yes	no
5801	no	no	no	yes	yes
5802	no	no	no	yes	no
5803	no	yes	yes	no	no
5804	yes	yes	no	no	no
5805	no	no	yes	yes	no
5806	yes	no	no	yes	yes
5807	yes	yes	no	yes	no
5808	yes	yes	yes	yes	yes
5809	yes	no	yes	yes	no
5810	no	yes	no	no	no
5811	yes	yes	no	no	no
5812	yes	no	yes	yes	yes
5813	no	no	no	no	no
5814	yes	yes	no	yes	no
5815	yes	no	yes	yes	no
5816	yes	yes	yes	yes	no
5817	yes	yes	yes	no	no
5818	yes	no	no	yes	yes
5819	yes	no	no	no	yes
5820	yes	no	no	yes	no
5821	yes	no	yes	yes	yes
5822	yes	yes	no	yes	yes
5823	no	no	no	no	yes
5824	yes	no	yes	no	no
5825	no	yes	no	no	no
5826	no	yes	no	no	no
5827	no	yes	no	no	yes
5828	yes	yes	no	no	no
5829	no	yes	no	no	no
5830	yes	no	yes	yes	no
5831	yes	yes	no	no	yes
5832	yes	no	yes	yes	no
5833	yes	yes	no	yes	no
5834	no	yes	yes	yes	yes
5835	yes	no	yes	no	no
5836	yes	no	yes	yes	yes
5837	no	no	no	no	no
5838	yes	yes	yes	no	yes
5839	yes	yes	yes	yes	yes
5840	no	yes	no	no	no
5841	yes	yes	no	no	no
5842	no	yes	no	no	yes
5843	no	yes	yes	yes	yes
5844	yes	yes	yes	yes	no
5845	no	yes	no	no	no
5846	yes	no	no	no	yes
5847	no	yes	no	no	no
5848	no	yes	yes	yes	yes
5849	yes	yes	no	yes	yes
5850	yes	no	no	yes	no
5851	no	yes	no	no	no
5852	yes	yes	yes	yes	yes
5853	yes	yes	no	yes	yes
5854	no	no	yes	no	no
5855	yes	yes	no	no	no
5856	yes	yes	yes	yes	yes
5857	yes	yes	yes	no	no
5858	yes	no	no	no	yes
5859	yes	yes	no	yes	no
5860	yes	yes	no	no	no
5861	yes	yes	yes	yes	no
5862	yes	yes	no	no	no
5863	no	yes	yes	no	no
5864	no	yes	no	no	no
5865	no	yes	no	yes	no
5866	no	yes	no	no	yes
5867	yes	yes	no	yes	no
5868	yes	no	yes	no	no
5869	yes	yes	no	no	no
5870	yes	yes	no	yes	no
5871	no	yes	no	no	yes
5872	no	yes	yes	no	yes
5873	yes	no	yes	no	no
5874	yes	no	yes	no	yes
5875	no	yes	yes	yes	yes
5876	yes	no	yes	yes	yes
5877	no	yes	no	no	no
5878	yes	no	yes	yes	yes
5879	no	yes	no	no	no
5880	yes	yes	yes	yes	yes
5881	yes	yes	no	yes	no
5882	yes	yes	no	no	no
5883	yes	yes	no	no	no
5884	yes	no	no	no	no
5885	yes	yes	no	no	no
5886	no	yes	no	no	no
5887	yes	yes	no	yes	no
5888	yes	no	yes	yes	yes
5889	yes	yes	yes	yes	no
5890	yes	yes	yes	yes	no
5891	no	yes	no	no	no
5892	yes	no	yes	no	yes
5893	yes	yes	no	no	no
5894	no	yes	no	yes	no
5895	no	yes	no	yes	no
5896	yes	no	yes	yes	yes
5897	yes	yes	yes	yes	yes
5898	no	yes	no	no	no
5899	yes	yes	yes	yes	yes
5900	yes	yes	yes	yes	yes
5901	yes	yes	yes	no	no
5902	yes	yes	no	yes	no
5903	yes	yes	no	yes	yes
5904	yes	yes	no	no	yes
5905	no	yes	no	no	no
5906	no	yes	no	no	no
5907	yes	yes	yes	yes	no
5908	yes	no	no	yes	no
5909	yes	yes	no	no	no
5910	no	no	yes	yes	yes
5911	no	yes	yes	no	yes
5912	yes	no	yes	yes	yes
5913	no	yes	no	no	no
5914	yes	yes	yes	no	no
5915	yes	yes	yes	no	yes
5916	yes	yes	yes	yes	yes
5917	no	yes	no	no	yes
5918	yes	no	yes	no	no
5919	no	yes	no	no	no
5920	yes	no	yes	yes	yes
5921	yes	no	no	no	yes
5922	yes	no	no	yes	yes
5923	no	yes	yes	yes	yes
5924	yes	no	yes	yes	yes
5925	no	no	yes	no	no
5926	yes	yes	yes	no	no
5927	no	no	no	no	no
5928	no	yes	no	yes	yes
5929	no	no	no	yes	no
5930	no	yes	no	yes	no
5931	no	yes	no	no	no
5932	no	yes	no	no	no
5933	no	no	no	no	yes
5934	yes	yes	yes	no	no
5935	no	no	no	no	no
5936	yes	no	no	no	yes
5937	no	yes	no	no	no
5938	no	yes	no	yes	yes
5939	yes	yes	no	yes	no
5940	no	no	no	yes	no
5941	yes	yes	yes	yes	no
5942	yes	yes	no	no	no
5943	no	yes	no	yes	yes
5944	yes	no	yes	yes	yes
5945	yes	yes	no	no	yes
5946	no	yes	no	no	yes
5947	yes	no	no	no	no
5948	no	yes	yes	no	no
5949	no	yes	yes	no	no
5950	no	yes	no	no	yes
5951	no	yes	no	no	no
5952	yes	yes	no	yes	yes
5953	yes	no	no	yes	yes
5954	yes	yes	yes	yes	no
5955	yes	yes	no	yes	yes
5956	yes	yes	yes	no	no
5957	yes	yes	no	yes	yes
5958	no	no	yes	yes	yes
5959	yes	no	yes	no	no
5960	yes	yes	no	yes	yes
5961	yes	yes	no	yes	no
5962	no	yes	yes	no	no
5963	yes	no	yes	yes	yes
5964	no	yes	yes	no	no
5965	yes	yes	yes	yes	no
5966	yes	yes	yes	yes	no
5967	no	no	yes	no	yes
5968	no	yes	yes	no	no
5969	no	no	yes	no	yes
5970	no	yes	no	yes	no
5971	yes	no	yes	yes	yes
5972	yes	yes	no	yes	yes
5973	yes	yes	yes	yes	no
5974	yes	yes	no	no	no
5975	yes	no	no	no	yes
5976	no	yes	no	no	yes
5977	yes	no	yes	yes	no
5978	yes	no	yes	yes	no
5979	yes	yes	yes	no	no
5980	yes	yes	yes	no	no
5981	no	yes	yes	no	yes
5982	yes	yes	yes	no	yes
5983	no	yes	yes	yes	no
5984	no	yes	no	no	no
5985	yes	yes	no	no	no
5986	no	yes	no	no	no
5987	yes	no	no	yes	no
5988	yes	yes	no	no	no
5989	yes	no	no	yes	yes
5990	no	yes	no	yes	no
5991	yes	no	yes	yes	yes
5992	no	no	no	yes	yes
5993	yes	no	no	no	yes
5994	yes	no	yes	no	no
5995	no	yes	yes	no	no
5996	no	no	no	no	no
5997	no	yes	no	no	no
5998	yes	no	yes	no	no
5999	no	yes	yes	no	no
6000	yes	yes	no	yes	no
6001	no	yes	no	no	no
6002	yes	yes	no	yes	yes
6003	no	yes	no	no	yes
6004	yes	yes	no	yes	no
6005	yes	yes	yes	no	no
6006	yes	yes	no	no	no
6007	yes	no	no	yes	yes
6008	yes	yes	no	yes	yes
6009	yes	yes	no	no	no
6010	no	yes	no	no	no
6011	yes	yes	yes	no	no
6012	yes	yes	no	no	no
6013	yes	no	yes	yes	no
6014	no	yes	yes	yes	yes
6015	yes	yes	no	yes	no
6016	yes	no	yes	no	no
6017	no	yes	no	yes	no
6018	no	yes	no	no	no
6019	yes	yes	no	yes	no
6020	yes	yes	no	yes	no
6021	yes	yes	no	yes	no
6022	no	yes	no	no	no
6023	yes	yes	yes	yes	no
6024	yes	yes	no	yes	no
6025	no	yes	no	yes	no
6026	no	yes	no	no	no
6027	no	yes	no	no	no
6028	yes	no	no	yes	no
6029	no	no	yes	yes	yes
6030	yes	no	yes	yes	yes
6031	yes	yes	yes	yes	no
6032	yes	no	yes	yes	yes
6033	no	yes	yes	no	no
6034	yes	no	yes	yes	yes
6035	yes	no	yes	yes	yes
6036	no	no	no	no	yes
6037	yes	yes	no	yes	no
6038	no	yes	yes	no	no
6039	yes	yes	no	yes	yes
6040	yes	yes	no	yes	yes
6041	yes	no	no	yes	no
6042	yes	yes	no	yes	yes
6043	yes	yes	yes	yes	no
6044	no	yes	no	no	yes
6045	yes	yes	yes	no	yes
6046	yes	yes	yes	yes	no
6047	no	yes	no	no	yes
6048	no	no	no	yes	yes
6049	no	yes	no	no	yes
6050	no	yes	yes	yes	no
6051	no	yes	no	no	no
6052	yes	yes	no	yes	yes
6053	yes	yes	yes	yes	no
6054	no	yes	no	no	no
6055	yes	yes	yes	yes	yes
6056	no	yes	no	no	no
6057	yes	no	yes	yes	yes
6058	yes	yes	yes	yes	no
6059	yes	yes	no	yes	no
6060	no	yes	yes	yes	no
6061	yes	yes	yes	no	no
6062	no	yes	no	no	no
6063	no	yes	no	no	no
6064	yes	yes	no	no	no
6065	yes	yes	no	yes	yes
6066	yes	no	no	yes	yes
6067	yes	yes	yes	yes	no
6068	no	yes	yes	no	no
6069	yes	yes	no	no	no
6070	yes	no	yes	yes	yes
6071	yes	yes	yes	yes	yes
6072	no	yes	no	yes	no
6073	no	yes	no	no	no
6074	no	yes	yes	no	no
6075	yes	yes	no	no	no
6076	yes	yes	yes	no	no
6077	no	yes	no	no	no
6078	yes	yes	no	no	no
6079	yes	yes	yes	yes	yes
6080	yes	yes	no	no	no
6081	no	yes	no	no	no
6082	no	yes	no	no	no
6083	no	yes	no	yes	no
6084	no	yes	no	no	no
6085	no	yes	yes	no	no
6086	yes	yes	no	yes	no
6087	no	yes	no	no	no
6088	yes	yes	no	yes	no
6089	no	yes	yes	no	no
6090	yes	no	no	no	no
6091	yes	no	yes	yes	yes
6092	yes	yes	yes	yes	yes
6093	yes	no	no	yes	no
6094	no	yes	no	no	no
6095	no	yes	no	yes	no
6096	yes	yes	no	yes	no
6097	yes	no	yes	yes	yes
6098	no	yes	no	no	yes
6099	yes	yes	no	yes	no
6100	no	yes	no	yes	no
6101	yes	no	yes	yes	yes
6102	no	yes	no	no	yes
6103	no	yes	yes	no	no
6104	yes	yes	yes	yes	yes
6105	yes	yes	no	yes	no
6106	no	yes	no	no	no
6107	yes	yes	no	yes	no
6108	yes	yes	no	no	yes
6109	yes	yes	yes	yes	no
6110	no	yes	no	no	yes
6111	no	no	yes	yes	yes
6112	yes	yes	yes	yes	yes
6113	no	yes	no	no	no
6114	yes	no	yes	yes	yes
6115	yes	yes	no	yes	yes
6116	no	no	no	no	yes
6117	no	yes	yes	no	no
6118	no	yes	no	no	no
6119	no	no	yes	yes	yes
6120	yes	yes	no	no	no
6121	no	yes	no	no	no
6122	no	yes	no	yes	no
6123	yes	yes	no	yes	no
6124	yes	yes	yes	yes	no
6125	yes	no	yes	yes	yes
6126	no	yes	no	yes	no
6127	no	yes	yes	yes	yes
6128	yes	yes	yes	yes	no
6129	yes	yes	yes	no	yes
6130	yes	yes	yes	yes	no
6131	no	no	no	no	no
6132	yes	no	no	no	no
6133	yes	yes	yes	no	no
6134	yes	yes	no	no	no
6135	yes	no	yes	yes	yes
6136	no	yes	yes	no	yes
6137	yes	yes	yes	yes	yes
6138	yes	no	no	yes	yes
6139	yes	yes	no	no	no
6140	no	yes	no	no	no
6141	no	yes	yes	no	no
6142	yes	yes	no	yes	no
6143	yes	yes	yes	yes	yes
6144	yes	no	yes	yes	yes
6145	no	yes	no	yes	no
6146	yes	yes	no	yes	yes
6147	yes	no	yes	yes	yes
6148	yes	yes	no	yes	no
6149	yes	yes	no	yes	yes
6150	yes	no	yes	yes	yes
6151	yes	yes	yes	yes	no
6152	no	yes	no	no	no
6153	no	yes	no	no	yes
6154	yes	yes	no	no	no
6155	yes	no	no	no	no
6156	yes	yes	no	yes	no
6157	yes	yes	no	no	no
6158	yes	yes	no	no	no
6159	no	yes	no	no	no
6160	yes	no	yes	yes	yes
6161	no	yes	no	yes	no
6162	yes	yes	no	yes	no
6163	yes	yes	no	yes	no
6164	no	no	yes	yes	yes
6165	yes	yes	no	no	no
6166	no	yes	no	no	yes
6167	yes	no	yes	no	no
6168	no	yes	no	yes	yes
6169	yes	yes	no	no	yes
6170	no	yes	yes	yes	no
6171	yes	no	no	yes	no
6172	yes	yes	no	yes	yes
6173	no	yes	no	no	no
6174	yes	yes	no	yes	yes
6175	yes	yes	no	no	no
6176	no	yes	no	yes	no
6177	yes	no	yes	no	yes
6178	yes	yes	yes	no	no
6179	yes	no	yes	yes	no
6180	yes	no	yes	yes	yes
6181	yes	yes	yes	no	no
6182	yes	yes	yes	yes	no
6183	yes	no	yes	no	no
6184	no	yes	no	no	yes
6185	yes	yes	no	yes	no
6186	yes	yes	no	yes	no
6187	yes	no	yes	yes	no
6188	yes	no	yes	yes	yes
6189	yes	no	no	yes	no
6190	no	yes	no	yes	no
6191	no	yes	no	no	no
6192	no	yes	yes	yes	yes
6193	no	yes	no	no	no
6194	no	yes	yes	no	no
6195	yes	yes	no	yes	yes
6196	no	no	no	no	no
6197	no	yes	yes	yes	no
6198	yes	no	yes	yes	no
6199	yes	no	no	yes	no
6200	yes	yes	no	yes	no
6201	yes	no	yes	no	no
6202	yes	yes	yes	no	no
6203	yes	yes	no	no	no
6204	yes	no	yes	yes	yes
6205	no	yes	no	no	no
6206	no	yes	yes	no	no
6207	yes	yes	yes	yes	yes
6208	yes	no	yes	yes	yes
6209	yes	yes	no	yes	yes
6210	yes	yes	no	yes	no
6211	yes	no	yes	yes	yes
6212	yes	yes	yes	yes	yes
6213	yes	yes	no	no	no
6214	yes	no	yes	yes	yes
6215	yes	yes	yes	no	yes
6216	yes	no	yes	yes	no
6217	yes	yes	no	yes	no
6218	yes	yes	no	yes	no
6219	yes	yes	yes	yes	yes
6220	no	no	yes	no	no
6221	yes	yes	no	yes	no
6222	yes	no	no	yes	no
6223	yes	no	no	yes	no
6224	yes	no	yes	yes	no
6225	yes	yes	yes	yes	yes
6226	no	yes	no	no	no
6227	no	yes	yes	no	no
6228	yes	yes	yes	no	no
6229	yes	yes	no	yes	no
6230	no	yes	yes	yes	no
6231	no	yes	no	yes	no
6232	yes	yes	yes	yes	yes
6233	no	yes	no	yes	no
6234	no	yes	yes	yes	yes
6235	yes	yes	no	yes	yes
6236	yes	yes	no	yes	no
6237	yes	no	yes	yes	yes
6238	yes	yes	no	yes	no
6239	yes	yes	no	no	no
6240	no	yes	yes	no	no
6241	yes	no	no	yes	no
6242	no	yes	yes	no	yes
6243	yes	yes	yes	no	no
6244	yes	yes	no	no	no
6245	no	yes	no	yes	no
6246	yes	no	yes	yes	yes
6247	yes	yes	no	no	yes
6248	yes	yes	no	yes	yes
6249	yes	yes	yes	no	yes
6250	no	yes	no	no	no
6251	no	yes	yes	no	no
6252	yes	no	yes	yes	yes
6253	yes	yes	yes	yes	yes
6254	no	yes	no	no	no
6255	no	no	yes	no	no
6256	yes	yes	no	yes	no
6257	no	yes	yes	no	no
6258	yes	yes	no	yes	no
6259	no	yes	yes	yes	no
6260	yes	no	yes	no	no
6261	yes	no	yes	yes	yes
6262	yes	yes	no	yes	no
6263	yes	yes	yes	no	yes
6264	no	no	yes	no	yes
6265	yes	no	yes	yes	yes
6266	no	yes	no	yes	no
6267	no	no	yes	no	no
6268	yes	yes	yes	yes	no
6269	yes	no	no	yes	no
6270	yes	no	yes	yes	no
6271	no	no	no	no	no
6272	yes	yes	yes	no	yes
6273	no	yes	no	no	yes
6274	yes	yes	yes	no	no
6275	yes	no	yes	no	yes
6276	yes	no	no	yes	yes
6277	no	yes	yes	yes	yes
6278	no	yes	no	no	no
6279	no	yes	yes	no	no
6280	yes	yes	yes	no	no
6281	yes	yes	yes	no	no
6282	yes	no	yes	yes	yes
6283	yes	yes	no	yes	no
6284	yes	yes	yes	no	no
6285	yes	no	yes	no	yes
6286	no	yes	no	no	yes
6287	no	yes	no	no	no
6288	yes	yes	no	no	no
6289	yes	yes	yes	no	yes
6290	yes	no	yes	yes	yes
6291	no	yes	no	no	no
6292	yes	no	no	yes	no
6293	no	no	no	no	no
6294	yes	no	no	yes	no
6295	yes	no	yes	yes	yes
6296	no	yes	no	yes	no
6297	yes	yes	no	yes	no
6298	yes	yes	no	no	no
6299	no	yes	no	yes	no
6300	yes	no	yes	yes	yes
6301	no	yes	yes	no	no
6302	yes	yes	yes	yes	no
6303	yes	yes	yes	yes	yes
6304	no	yes	no	yes	yes
6305	yes	yes	yes	yes	no
6306	no	yes	no	no	no
6307	yes	no	no	no	no
6308	no	yes	yes	no	no
6309	no	no	no	no	yes
6310	yes	no	no	no	no
6311	no	yes	no	no	no
6312	yes	yes	yes	yes	yes
6313	yes	no	yes	yes	yes
6314	yes	yes	yes	yes	no
6315	yes	yes	no	yes	no
6316	yes	yes	yes	no	no
6317	yes	yes	no	no	yes
6318	yes	yes	no	no	no
6319	no	no	yes	no	yes
6320	yes	yes	yes	yes	yes
6321	yes	no	yes	yes	yes
6322	yes	yes	no	no	no
6323	yes	yes	no	no	no
6324	no	yes	no	yes	no
6325	yes	yes	yes	yes	yes
6326	yes	yes	yes	yes	no
6327	yes	yes	no	no	no
6328	no	yes	no	no	no
6329	no	yes	yes	no	yes
6330	no	yes	no	no	no
6331	no	yes	no	no	no
6332	yes	yes	no	no	yes
6333	no	yes	no	no	no
6334	yes	yes	yes	no	yes
6335	yes	yes	no	yes	no
6336	no	yes	no	no	no
6337	no	yes	no	yes	no
6338	yes	no	yes	yes	yes
6339	no	yes	yes	no	no
6340	yes	yes	no	no	no
6341	no	yes	yes	no	no
6342	no	no	no	yes	yes
6343	no	no	yes	no	yes
6344	yes	no	yes	no	yes
6345	yes	yes	yes	yes	no
6346	yes	yes	no	yes	yes
6347	no	no	yes	yes	yes
6348	yes	yes	yes	yes	no
6349	yes	yes	yes	yes	no
6350	yes	yes	yes	no	yes
6351	yes	yes	no	yes	no
6352	yes	no	yes	yes	yes
6353	yes	no	no	no	yes
6354	yes	yes	yes	yes	no
6355	yes	no	yes	yes	yes
6356	yes	no	yes	yes	yes
6357	no	yes	no	no	no
6358	yes	yes	no	yes	no
6359	no	yes	yes	no	no
6360	yes	no	yes	yes	yes
6361	no	yes	no	no	no
6362	no	no	no	no	yes
6363	yes	yes	no	no	no
6364	no	yes	no	no	no
6365	yes	yes	no	yes	no
6366	no	yes	no	no	no
6367	yes	yes	no	no	yes
6368	no	no	yes	yes	no
6369	no	yes	no	no	yes
6370	no	no	yes	no	yes
6371	no	no	no	yes	no
6372	no	yes	no	yes	no
6373	no	yes	no	no	yes
6374	no	yes	no	yes	no
6375	yes	yes	no	no	no
6376	yes	yes	yes	yes	no
6377	yes	no	yes	yes	yes
6378	no	yes	no	no	no
6379	no	yes	no	yes	yes
6380	yes	yes	yes	no	no
6381	yes	no	yes	yes	yes
6382	no	yes	no	no	no
6383	yes	yes	yes	yes	yes
6384	no	no	no	yes	no
6385	yes	yes	no	no	no
6386	no	no	no	no	yes
6387	no	yes	no	no	no
6388	yes	no	yes	no	yes
6389	yes	no	yes	no	no
6390	yes	yes	no	no	no
6391	no	yes	yes	no	no
6392	yes	no	yes	yes	yes
6393	no	yes	no	no	no
6394	yes	yes	yes	yes	no
6395	yes	yes	no	yes	yes
6396	no	no	yes	no	yes
6397	yes	no	no	yes	yes
6398	yes	no	yes	yes	yes
6399	yes	yes	no	no	no
6400	yes	yes	yes	yes	yes
6401	yes	yes	no	yes	no
6402	no	yes	no	no	no
6403	yes	no	yes	no	no
6404	yes	yes	no	no	yes
6405	yes	yes	no	yes	yes
6406	yes	no	no	yes	yes
6407	yes	no	no	yes	yes
6408	yes	yes	no	yes	yes
6409	no	yes	no	no	no
6410	no	yes	no	no	no
6411	no	yes	no	no	no
6412	no	yes	no	yes	yes
6413	yes	yes	no	yes	no
6414	no	yes	no	yes	no
6415	yes	no	yes	yes	yes
6416	yes	yes	no	no	no
6417	yes	no	yes	yes	yes
6418	yes	yes	no	yes	no
6419	no	no	yes	no	no
6420	no	yes	no	no	yes
6421	yes	yes	no	yes	yes
6422	yes	no	yes	yes	yes
6423	no	no	no	no	no
6424	yes	no	yes	yes	yes
6425	no	yes	yes	no	no
6426	yes	no	yes	yes	yes
6427	yes	yes	yes	no	no
6428	no	yes	no	no	no
6429	yes	no	yes	yes	no
6430	yes	yes	yes	yes	yes
6431	no	yes	yes	no	yes
6432	yes	no	yes	yes	no
6433	no	yes	yes	no	yes
6434	yes	no	yes	no	no
6435	yes	yes	no	no	no
6436	yes	yes	yes	yes	yes
6437	yes	no	yes	yes	yes
6438	yes	yes	yes	yes	no
6439	yes	yes	yes	yes	yes
6440	no	yes	yes	yes	no
6441	no	yes	no	no	no
6442	yes	no	yes	yes	no
6443	no	yes	yes	no	no
6444	no	yes	yes	yes	yes
6445	yes	yes	no	no	yes
6446	yes	yes	no	yes	yes
6447	no	yes	no	no	no
6448	yes	no	yes	no	no
6449	yes	no	no	no	no
6450	yes	yes	no	no	no
6451	no	yes	no	yes	no
6452	no	yes	no	no	yes
6453	no	yes	yes	no	no
6454	no	no	yes	no	no
6455	no	yes	no	no	no
6456	no	yes	no	no	no
6457	yes	yes	no	yes	no
6458	no	yes	no	no	no
6459	yes	no	yes	yes	yes
6460	yes	no	yes	no	no
6461	no	yes	yes	no	no
6462	yes	yes	no	no	no
6463	no	yes	no	yes	no
6464	yes	yes	yes	no	no
6465	yes	yes	yes	yes	yes
6466	no	yes	no	no	no
6467	no	yes	yes	yes	yes
6468	yes	yes	yes	yes	no
6469	no	yes	no	no	no
6470	yes	yes	no	yes	yes
6471	yes	yes	no	yes	no
6472	no	yes	no	no	no
6473	yes	no	yes	yes	no
6474	yes	yes	yes	yes	no
6475	yes	yes	no	yes	no
6476	no	yes	no	no	no
6477	yes	no	yes	no	no
6478	no	yes	no	no	yes
6479	yes	no	no	yes	no
6480	no	no	yes	yes	yes
6481	yes	no	yes	yes	no
6482	yes	no	yes	yes	yes
6483	yes	yes	no	yes	yes
6484	yes	yes	no	yes	no
6485	no	yes	no	yes	yes
6486	yes	no	no	no	yes
6487	yes	yes	no	yes	no
6488	no	yes	yes	no	no
6489	yes	yes	yes	yes	yes
6490	yes	yes	yes	no	no
6491	no	yes	no	yes	yes
6492	yes	yes	no	no	no
6493	yes	yes	yes	no	no
6494	yes	yes	no	no	no
6495	yes	no	yes	yes	yes
6496	no	no	no	no	yes
6497	yes	yes	yes	yes	yes
6498	no	yes	no	yes	yes
6499	no	yes	no	no	no
6500	yes	yes	yes	yes	no
6501	yes	yes	no	no	no
6502	no	yes	yes	no	no
6503	yes	yes	yes	yes	no
6504	yes	no	no	yes	yes
6505	no	yes	no	yes	no
6506	yes	no	no	no	no
6507	yes	yes	yes	no	yes
6508	no	yes	no	no	no
6509	no	yes	no	yes	no
6510	no	yes	yes	no	no
6511	yes	no	no	yes	no
6512	yes	yes	yes	yes	no
6513	no	yes	no	no	no
6514	no	yes	no	no	yes
6515	yes	yes	no	yes	no
6516	no	yes	yes	no	yes
6517	no	yes	no	no	no
6518	no	yes	no	no	no
6519	yes	yes	yes	no	no
6520	yes	yes	yes	yes	no
6521	yes	yes	no	yes	no
6522	yes	no	yes	no	no
6523	no	yes	no	no	no
6524	no	yes	no	no	no
6525	yes	no	yes	yes	yes
6526	yes	yes	no	no	no
6527	no	yes	yes	yes	no
6528	yes	no	yes	yes	yes
6529	yes	no	yes	yes	yes
6530	no	yes	no	yes	no
6531	no	no	yes	yes	no
6532	no	yes	no	no	no
6533	no	yes	no	no	no
6534	no	yes	no	yes	no
6535	yes	yes	yes	yes	no
6536	yes	no	no	yes	no
6537	no	yes	no	yes	no
6538	yes	yes	no	yes	yes
6539	no	yes	no	no	no
6540	no	yes	no	no	no
6541	yes	yes	yes	yes	yes
6542	yes	no	no	yes	no
6543	yes	yes	no	yes	no
6544	no	yes	no	no	no
6545	no	no	yes	yes	yes
6546	no	yes	no	no	no
6547	no	no	yes	no	yes
6548	yes	yes	yes	no	no
6549	yes	yes	no	yes	no
6550	yes	no	no	no	no
6551	yes	no	yes	yes	no
6552	yes	yes	yes	yes	no
6553	yes	yes	yes	no	no
6554	yes	no	no	yes	yes
6555	no	yes	no	no	no
6556	yes	no	no	yes	no
6557	yes	yes	yes	yes	no
6558	yes	yes	yes	yes	no
6559	no	yes	no	no	yes
6560	no	yes	no	no	no
6561	yes	no	no	yes	no
6562	yes	no	yes	yes	no
6563	yes	no	yes	yes	no
6564	no	yes	yes	no	no
6565	yes	yes	yes	yes	yes
6566	yes	yes	yes	no	yes
6567	no	yes	no	no	no
6568	no	yes	yes	no	yes
6569	no	yes	yes	yes	no
6570	yes	yes	no	no	no
6571	yes	yes	no	yes	no
6572	no	no	no	no	yes
6573	no	yes	yes	yes	yes
6574	no	yes	no	no	yes
6575	yes	no	no	no	no
6576	no	no	no	no	yes
6577	yes	yes	no	yes	no
6578	yes	yes	yes	yes	yes
6579	yes	no	yes	no	no
6580	yes	no	no	no	no
6581	yes	yes	no	yes	no
6582	no	yes	no	no	no
6583	no	yes	yes	no	no
6584	yes	no	yes	no	no
6585	no	yes	yes	no	yes
6586	yes	yes	no	yes	yes
6587	yes	yes	yes	yes	no
6588	yes	yes	yes	no	no
6589	yes	no	yes	yes	yes
6590	no	yes	no	no	no
6591	no	yes	yes	yes	no
6592	yes	yes	yes	yes	yes
6593	yes	yes	no	no	no
6594	no	yes	no	yes	yes
6595	yes	yes	yes	yes	yes
6596	no	yes	yes	yes	no
6597	no	yes	no	no	no
6598	yes	no	yes	yes	yes
6599	yes	yes	no	yes	yes
6600	no	yes	no	no	no
6601	yes	yes	yes	yes	no
6602	no	yes	yes	yes	yes
6603	yes	yes	yes	no	no
6604	yes	yes	yes	yes	yes
6605	yes	yes	no	yes	no
6606	yes	no	yes	yes	yes
6607	yes	no	no	no	no
6608	yes	no	yes	yes	yes
6609	yes	no	yes	yes	yes
6610	yes	yes	no	yes	no
6611	yes	no	yes	yes	yes
6612	yes	yes	no	yes	yes
6613	yes	yes	no	yes	no
6614	no	yes	no	yes	no
6615	yes	no	no	no	no
6616	yes	yes	no	yes	yes
6617	yes	no	yes	yes	yes
6618	yes	yes	no	yes	no
6619	no	yes	no	yes	no
6620	yes	yes	yes	yes	no
6621	yes	yes	no	no	no
6622	yes	yes	no	yes	yes
6623	yes	no	yes	yes	yes
6624	yes	no	yes	yes	yes
6625	yes	no	yes	yes	no
6626	yes	yes	yes	no	no
6627	yes	yes	yes	yes	no
6628	yes	no	yes	yes	yes
6629	no	yes	no	yes	no
6630	no	yes	yes	no	no
6631	yes	no	no	no	no
6632	yes	yes	no	no	no
6633	yes	yes	yes	yes	yes
6634	yes	yes	no	yes	yes
6635	yes	no	no	yes	no
6636	no	yes	no	no	no
6637	yes	no	yes	yes	yes
6638	no	yes	yes	yes	yes
6639	no	yes	yes	yes	no
6640	yes	no	no	yes	yes
6641	no	yes	no	no	yes
6642	yes	no	yes	yes	yes
6643	yes	yes	no	yes	no
6644	yes	no	no	yes	yes
6645	no	yes	no	no	no
6646	no	yes	no	no	no
6647	yes	yes	no	no	no
6648	no	no	no	no	yes
6649	no	yes	no	yes	no
6650	yes	no	yes	yes	yes
6651	yes	no	yes	no	yes
6652	yes	no	no	no	no
6653	yes	no	yes	yes	yes
6654	yes	no	yes	yes	no
6655	yes	no	no	yes	no
6656	yes	no	no	yes	no
6657	yes	yes	yes	no	no
6658	no	yes	no	yes	yes
6659	no	yes	no	no	no
6660	no	yes	no	no	no
6661	yes	yes	no	yes	no
6662	yes	no	no	yes	yes
6663	no	yes	yes	no	yes
6664	no	yes	no	no	no
6665	yes	yes	no	no	yes
6666	no	yes	yes	yes	no
6667	yes	yes	no	yes	no
6668	no	no	no	no	yes
6669	yes	no	yes	yes	no
6670	yes	yes	yes	yes	yes
6671	no	yes	yes	no	no
6672	yes	yes	yes	yes	yes
6673	yes	yes	no	no	no
6674	yes	no	yes	no	no
6675	yes	yes	yes	yes	no
6676	no	yes	no	no	no
6677	yes	no	no	yes	yes
6678	no	yes	no	no	no
6679	yes	no	yes	yes	no
6680	no	yes	no	no	yes
6681	yes	yes	no	yes	no
6682	no	no	yes	no	no
6683	yes	no	no	yes	no
6684	no	yes	no	no	yes
6685	no	yes	no	no	yes
6686	no	yes	no	no	no
6687	no	yes	yes	yes	no
6688	yes	no	yes	no	no
6689	yes	no	yes	yes	yes
6690	yes	no	no	yes	yes
6691	yes	yes	yes	no	no
6692	no	yes	yes	yes	no
6693	no	yes	no	no	no
6694	yes	yes	yes	yes	no
6695	yes	yes	no	no	yes
6696	yes	yes	yes	yes	yes
6697	no	yes	no	yes	no
6698	yes	no	yes	yes	yes
6699	no	yes	no	no	no
6700	yes	yes	no	no	no
6701	no	yes	no	no	no
6702	yes	yes	yes	yes	no
6703	yes	yes	no	yes	yes
6704	yes	yes	no	no	no
6705	no	yes	no	no	no
6706	yes	yes	yes	yes	yes
6707	yes	yes	yes	yes	no
6708	no	no	no	yes	no
6709	yes	yes	no	no	no
6710	yes	yes	no	no	no
6711	yes	yes	no	no	no
6712	yes	yes	yes	no	no
6713	yes	yes	no	yes	yes
6714	yes	yes	no	yes	no
6715	yes	no	yes	yes	yes
6716	no	yes	yes	no	yes
6717	yes	yes	no	yes	no
6718	no	yes	no	no	yes
6719	yes	no	yes	yes	no
6720	no	yes	no	no	no
6721	no	yes	no	no	no
6722	yes	yes	no	no	no
6723	no	yes	no	no	no
6724	no	yes	no	no	no
6725	no	yes	no	no	no
6726	no	yes	yes	no	yes
6727	no	yes	no	yes	no
6728	yes	no	yes	yes	no
6729	yes	no	no	yes	no
6730	yes	yes	no	yes	no
6731	yes	yes	no	yes	no
6732	no	yes	no	no	yes
6733	yes	no	no	no	yes
6734	yes	no	no	yes	yes
6735	no	yes	yes	yes	no
6736	yes	yes	no	yes	yes
6737	no	yes	no	no	no
6738	no	yes	yes	no	no
6739	yes	no	no	yes	yes
6740	yes	yes	no	yes	yes
6741	yes	yes	no	yes	no
6742	yes	no	no	no	yes
6743	yes	yes	no	yes	yes
6744	yes	no	no	yes	no
6745	no	yes	yes	no	no
6746	no	yes	no	no	no
6747	no	yes	yes	yes	no
6748	yes	yes	yes	no	no
6749	no	yes	no	no	no
6750	no	yes	yes	no	no
6751	no	yes	yes	no	yes
6752	no	yes	no	yes	no
6753	no	yes	no	no	no
6754	no	no	yes	no	yes
6755	yes	yes	no	no	no
6756	no	yes	yes	no	no
6757	yes	yes	yes	yes	yes
6758	no	yes	no	no	no
6759	no	yes	yes	no	yes
6760	no	yes	yes	no	no
6761	no	yes	no	no	no
6762	no	yes	yes	yes	no
6763	yes	yes	yes	yes	yes
6764	no	yes	no	no	no
6765	no	yes	yes	no	yes
6766	yes	yes	no	yes	yes
6767	yes	yes	no	yes	no
6768	yes	yes	no	yes	yes
6769	no	yes	yes	no	no
6770	yes	yes	yes	no	no
6771	no	yes	no	no	yes
6772	no	yes	yes	no	no
6773	no	yes	yes	yes	no
6774	no	yes	no	no	no
6775	yes	yes	yes	yes	yes
6776	no	yes	yes	no	no
6777	yes	yes	yes	yes	yes
6778	yes	no	no	no	no
6779	yes	yes	yes	no	yes
6780	no	yes	yes	no	yes
6781	no	yes	no	no	yes
6782	no	yes	yes	no	no
6783	yes	yes	no	yes	yes
6784	yes	yes	no	yes	no
6785	yes	yes	no	yes	yes
6786	yes	yes	no	no	yes
6787	no	no	yes	yes	no
6788	no	yes	yes	no	yes
6789	yes	yes	no	no	no
6790	yes	no	no	yes	yes
6791	yes	yes	no	no	yes
6792	no	yes	yes	yes	yes
6793	no	yes	no	no	no
6794	yes	yes	yes	yes	no
6795	yes	yes	no	no	no
6796	no	no	yes	no	no
6797	yes	no	yes	yes	yes
6798	yes	yes	yes	yes	yes
6799	yes	no	yes	yes	yes
6800	yes	yes	yes	yes	yes
6801	no	yes	no	no	no
6802	yes	yes	no	no	no
6803	yes	yes	yes	yes	yes
6804	yes	no	no	yes	yes
6805	yes	no	yes	yes	no
6806	yes	yes	no	no	no
6807	no	yes	no	no	no
6808	no	yes	yes	no	no
6809	no	no	no	yes	no
6810	yes	yes	yes	no	no
6811	no	yes	yes	yes	yes
6812	yes	no	no	yes	yes
6813	no	yes	no	no	yes
6814	yes	yes	yes	yes	yes
6815	no	yes	yes	no	yes
6816	yes	yes	no	no	yes
6817	no	no	yes	no	no
6818	yes	no	yes	yes	yes
6819	yes	no	no	yes	no
6820	yes	yes	no	yes	no
6821	no	yes	yes	no	no
6822	yes	no	no	yes	no
6823	no	yes	yes	no	no
6824	yes	yes	yes	yes	yes
6825	no	yes	no	no	yes
6826	yes	yes	no	no	no
6827	no	yes	no	no	no
6828	yes	yes	yes	yes	yes
6829	no	yes	no	no	no
6830	yes	yes	yes	no	no
6831	yes	yes	no	no	no
6832	yes	no	no	no	no
6833	yes	yes	yes	yes	no
6834	yes	no	yes	yes	yes
6835	no	yes	no	no	no
6836	yes	no	yes	yes	no
6837	yes	no	yes	no	no
6838	no	no	no	no	yes
6839	no	yes	no	yes	no
6840	yes	yes	no	yes	no
6841	no	no	yes	no	no
6842	yes	no	yes	yes	yes
6843	no	yes	no	no	no
6844	yes	yes	yes	yes	no
6845	yes	yes	yes	yes	yes
6846	no	no	no	no	no
6847	no	yes	no	no	yes
6848	no	yes	no	no	no
6849	no	no	no	no	yes
6850	no	yes	yes	no	yes
6851	yes	no	yes	yes	yes
6852	no	yes	no	no	no
6853	no	no	no	yes	yes
6854	yes	yes	yes	yes	yes
6855	yes	yes	no	no	no
6856	yes	no	yes	no	no
6857	no	yes	yes	no	no
6858	no	yes	yes	yes	no
6859	no	no	yes	no	yes
6860	yes	yes	yes	yes	yes
6861	yes	yes	no	yes	no
6862	yes	no	yes	yes	no
6863	yes	no	yes	yes	no
6864	yes	yes	no	yes	yes
6865	yes	yes	yes	yes	yes
6866	yes	no	no	no	yes
6867	no	yes	yes	yes	no
6868	yes	yes	no	no	no
6869	yes	yes	yes	no	yes
6870	no	yes	no	no	no
6871	yes	yes	yes	yes	no
6872	yes	no	yes	yes	yes
6873	no	yes	no	no	no
6874	no	no	no	yes	yes
6875	yes	yes	no	no	no
6876	yes	no	yes	yes	yes
6877	yes	yes	no	no	no
6878	yes	yes	no	yes	no
6879	yes	yes	yes	yes	yes
6880	yes	no	no	yes	yes
6881	yes	yes	yes	no	no
6882	yes	no	yes	no	yes
6883	no	no	no	yes	no
6884	no	yes	no	no	no
6885	no	yes	yes	no	no
6886	no	yes	no	yes	yes
6887	yes	yes	no	yes	no
6888	yes	yes	no	yes	yes
6889	yes	no	yes	yes	yes
6890	no	no	yes	no	no
6891	yes	no	no	yes	no
6892	yes	no	yes	yes	yes
6893	no	yes	no	yes	yes
6894	no	yes	no	no	yes
6895	no	yes	yes	no	no
6896	yes	yes	yes	yes	no
6897	no	yes	no	no	no
6898	no	yes	yes	yes	no
6899	no	yes	no	no	no
6900	yes	yes	no	yes	yes
6901	yes	no	yes	yes	yes
6902	no	yes	no	no	yes
6903	no	yes	no	no	no
6904	no	yes	no	no	yes
6905	yes	no	yes	yes	yes
6906	no	yes	no	yes	no
6907	yes	yes	no	yes	yes
6908	yes	yes	no	yes	yes
6909	no	yes	yes	yes	no
6910	no	no	yes	yes	yes
6911	yes	yes	no	yes	no
6912	yes	yes	no	no	no
6913	no	yes	no	yes	yes
6914	yes	no	no	yes	yes
6915	yes	yes	no	yes	no
6916	yes	yes	yes	no	no
6917	yes	yes	no	yes	no
6918	no	yes	no	no	no
6919	no	yes	no	no	no
6920	yes	yes	no	yes	no
6921	yes	yes	no	no	no
6922	no	yes	yes	yes	yes
6923	yes	no	yes	yes	yes
6924	yes	no	yes	yes	yes
6925	no	yes	no	yes	no
6926	yes	no	yes	yes	no
6927	no	yes	no	no	no
6928	yes	yes	no	yes	no
6929	no	yes	yes	no	no
6930	no	yes	no	no	no
6931	no	no	no	no	yes
6932	yes	yes	yes	yes	no
6933	yes	no	no	no	no
6934	yes	yes	yes	yes	no
6935	yes	yes	yes	yes	yes
6936	yes	yes	yes	no	no
6937	yes	yes	no	yes	yes
6938	yes	yes	no	yes	no
6939	no	yes	yes	no	yes
6940	yes	yes	yes	yes	yes
6941	yes	no	yes	yes	yes
6942	yes	no	yes	no	no
6943	yes	no	yes	no	yes
6944	yes	yes	no	yes	yes
6945	yes	yes	no	no	no
6946	no	yes	no	no	no
6947	yes	no	yes	yes	yes
6948	no	yes	no	no	yes
6949	no	yes	yes	yes	no
6950	no	yes	yes	no	no
6951	no	no	no	yes	yes
6952	yes	no	no	yes	no
6953	no	yes	no	yes	no
6954	yes	yes	no	no	no
6955	yes	yes	yes	no	yes
6956	yes	yes	yes	no	no
6957	no	no	yes	yes	yes
6958	no	yes	no	no	no
6959	no	yes	no	no	yes
6960	yes	no	yes	yes	yes
6961	no	yes	no	yes	no
6962	yes	yes	no	no	no
6963	no	yes	no	no	yes
6964	no	yes	no	no	no
6965	yes	yes	no	no	no
6966	yes	yes	no	yes	yes
6967	no	yes	no	no	no
6968	yes	yes	no	yes	no
6969	yes	yes	no	no	yes
6970	yes	yes	yes	yes	yes
6971	no	yes	yes	no	yes
6972	no	yes	no	no	no
6973	yes	yes	yes	yes	no
6974	yes	yes	yes	no	no
6975	yes	no	no	no	no
6976	yes	yes	yes	yes	yes
6977	no	yes	no	no	yes
6978	yes	yes	no	yes	no
6979	yes	yes	no	yes	yes
6980	yes	no	no	yes	no
6981	no	no	yes	no	yes
6982	no	yes	yes	yes	yes
6983	yes	yes	no	yes	no
6984	yes	no	yes	yes	yes
6985	yes	no	yes	yes	yes
6986	yes	yes	no	no	no
6987	no	yes	no	no	no
6988	yes	yes	no	yes	no
6989	yes	yes	no	yes	no
6990	no	no	yes	yes	no
6991	yes	yes	no	no	no
6992	yes	yes	yes	yes	yes
6993	yes	no	yes	yes	yes
6994	no	yes	no	no	yes
6995	yes	yes	yes	no	no
6996	yes	no	no	no	yes
6997	yes	yes	yes	no	yes
6998	no	yes	yes	no	no
6999	yes	yes	no	no	no
7000	yes	yes	yes	no	yes
7001	yes	yes	no	yes	no
7002	no	yes	no	yes	yes
7003	no	yes	no	no	no
7004	yes	yes	no	no	no
7005	yes	no	yes	yes	yes
7006	yes	no	no	yes	yes
7007	yes	yes	yes	yes	yes
7008	yes	no	no	yes	yes
7009	no	yes	no	no	no
7010	yes	yes	no	yes	no
7011	no	yes	yes	no	no
7012	no	yes	no	yes	yes
7013	no	yes	no	no	no
7014	no	yes	yes	no	no
7015	no	yes	yes	no	yes
7016	no	no	no	yes	no
7017	yes	yes	no	yes	no
7018	yes	no	no	yes	no
7019	yes	yes	yes	yes	no
7020	yes	yes	no	no	yes
7021	no	no	yes	no	yes
7022	no	yes	no	no	no
7023	yes	yes	yes	yes	yes
7024	no	yes	no	no	no
7025	no	yes	yes	no	yes
7026	yes	yes	yes	yes	yes
7027	yes	no	no	yes	yes
7028	yes	yes	no	no	no
7029	no	yes	no	no	no
7030	yes	no	no	no	yes
7031	no	yes	no	no	no
7032	yes	yes	no	no	yes
7033	no	yes	no	no	no
7034	no	yes	no	yes	no
7035	yes	no	yes	yes	yes
7036	yes	yes	no	no	no
7037	no	yes	no	no	no
7038	yes	no	yes	yes	yes
7039	no	yes	no	no	yes
7040	no	no	no	no	yes
7041	yes	no	yes	yes	no
7042	yes	yes	yes	yes	yes
7043	yes	yes	yes	yes	no
7044	no	yes	no	no	yes
7045	no	yes	yes	yes	no
7046	yes	yes	no	no	no
7047	yes	yes	yes	no	no
7048	yes	no	yes	yes	yes
7049	no	yes	yes	no	yes
7050	no	yes	no	no	no
7051	yes	yes	yes	no	no
7052	yes	yes	no	no	yes
7053	no	yes	no	yes	no
7054	no	yes	no	yes	no
7055	no	yes	no	no	no
7056	yes	no	yes	yes	yes
7057	no	no	yes	no	no
7058	no	yes	yes	yes	no
7059	yes	no	yes	yes	yes
7060	yes	no	yes	yes	yes
7061	no	yes	no	no	no
7062	yes	no	yes	yes	yes
7063	yes	yes	no	yes	no
7064	no	yes	no	no	no
7065	no	yes	no	no	no
7066	no	yes	no	yes	yes
7067	yes	no	no	yes	no
7068	no	yes	yes	no	yes
7069	yes	yes	no	yes	yes
7070	yes	yes	no	no	no
7071	no	yes	no	no	no
7072	no	no	no	yes	no
7073	yes	yes	no	no	no
7074	no	yes	yes	no	no
7075	yes	no	no	yes	no
7076	no	yes	no	no	yes
7077	no	yes	yes	no	no
7078	no	yes	yes	no	yes
7079	yes	yes	yes	yes	yes
7080	no	yes	no	yes	yes
7081	yes	no	yes	no	no
7082	no	yes	yes	no	yes
7083	yes	yes	no	yes	yes
7084	no	yes	no	yes	yes
7085	yes	no	yes	yes	yes
7086	yes	yes	no	yes	no
7087	yes	yes	yes	no	no
7088	yes	yes	yes	yes	yes
7089	yes	no	yes	yes	yes
7090	no	yes	no	no	no
7091	yes	no	yes	yes	yes
7092	yes	yes	yes	yes	no
7093	yes	no	no	yes	yes
7094	no	yes	yes	no	yes
7095	yes	no	yes	yes	yes
7096	no	yes	yes	yes	no
7097	yes	yes	yes	yes	no
7098	no	yes	no	yes	no
7099	yes	yes	yes	yes	yes
7100	yes	yes	no	no	no
7101	yes	no	no	yes	no
7102	no	yes	yes	yes	no
7103	yes	yes	no	yes	no
7104	yes	yes	no	no	no
7105	no	yes	no	no	no
7106	no	yes	no	yes	yes
7107	no	yes	no	no	no
7108	yes	yes	yes	yes	yes
7109	yes	yes	no	yes	no
7110	yes	no	no	no	yes
7111	yes	yes	yes	yes	yes
7112	yes	yes	no	yes	yes
7113	no	yes	no	yes	yes
7114	no	yes	yes	no	no
7115	no	yes	no	no	no
7116	no	yes	no	no	yes
7117	yes	no	no	yes	no
7118	no	no	no	yes	yes
7119	yes	yes	no	no	no
7120	yes	yes	no	yes	no
7121	no	yes	no	yes	yes
7122	yes	yes	no	no	no
7123	no	yes	no	no	no
7124	yes	yes	no	yes	yes
7125	yes	yes	no	yes	no
7126	yes	yes	yes	no	yes
7127	yes	yes	no	yes	yes
7128	no	yes	no	no	no
7129	yes	yes	no	no	yes
7130	no	yes	no	no	no
7131	no	yes	no	no	no
7132	yes	yes	yes	no	no
7133	no	yes	yes	no	no
7134	no	yes	yes	no	no
7135	yes	yes	no	no	no
7136	no	no	yes	no	no
7137	yes	no	yes	yes	yes
7138	no	no	yes	yes	yes
7139	no	yes	no	no	no
7140	yes	yes	no	no	yes
7141	yes	yes	no	yes	no
7142	no	yes	no	no	yes
7143	no	yes	yes	yes	yes
7144	yes	no	no	no	no
7145	no	no	yes	yes	yes
7146	no	yes	no	no	no
7147	yes	yes	no	no	no
7148	yes	yes	no	no	no
7149	yes	yes	no	no	no
7150	yes	yes	yes	yes	yes
7151	yes	yes	no	no	no
7152	no	yes	no	no	no
7153	no	yes	yes	no	no
7154	yes	no	yes	yes	no
7155	yes	no	yes	yes	yes
7156	no	no	yes	yes	no
7157	no	no	yes	yes	no
7158	no	yes	yes	yes	no
7159	yes	yes	no	yes	no
7160	no	yes	no	no	no
7161	yes	no	yes	yes	yes
7162	yes	yes	no	no	no
7163	no	yes	no	no	no
7164	yes	yes	no	no	no
7165	no	yes	no	yes	no
7166	yes	no	yes	yes	yes
7167	yes	no	no	yes	yes
7168	yes	no	yes	no	no
7169	no	yes	no	no	yes
7170	yes	yes	yes	yes	yes
7171	no	yes	yes	no	no
7172	no	yes	yes	no	no
7173	yes	yes	no	yes	no
7174	yes	yes	yes	no	no
7175	no	yes	no	no	no
7176	yes	yes	yes	yes	yes
7177	yes	yes	no	yes	no
7178	no	yes	yes	no	no
7179	yes	no	yes	yes	yes
7180	no	no	yes	yes	yes
7181	yes	yes	yes	yes	no
7182	no	yes	yes	no	yes
7183	yes	yes	no	yes	yes
7184	no	yes	no	no	yes
7185	no	yes	no	yes	no
7186	no	yes	no	no	no
7187	yes	no	no	yes	yes
7188	yes	yes	yes	no	no
7189	yes	yes	yes	no	no
7190	no	yes	no	yes	yes
7191	yes	yes	no	no	yes
7192	no	no	yes	yes	yes
7193	yes	no	yes	yes	no
7194	yes	yes	yes	no	yes
7195	yes	yes	no	no	no
7196	no	yes	no	no	no
7197	no	yes	yes	no	no
7198	no	no	yes	yes	no
7199	no	yes	yes	no	no
7200	yes	yes	no	no	no
7201	no	yes	no	yes	yes
7202	no	yes	no	yes	no
7203	no	yes	no	yes	no
7204	yes	no	no	yes	no
7205	yes	yes	yes	yes	yes
7206	yes	no	yes	yes	yes
7207	yes	no	yes	no	no
7208	no	yes	no	no	no
7209	yes	yes	yes	yes	yes
7210	no	yes	yes	no	no
7211	yes	no	no	yes	yes
7212	yes	yes	yes	no	no
7213	no	yes	no	no	no
7214	yes	no	no	no	no
7215	no	yes	yes	no	no
7216	yes	yes	no	no	no
7217	no	yes	no	no	no
7218	no	yes	yes	yes	no
7219	yes	yes	yes	yes	no
7220	yes	yes	yes	no	no
7221	yes	yes	no	yes	no
7222	no	yes	yes	no	no
7223	no	yes	no	no	yes
7224	yes	yes	no	yes	yes
7225	no	yes	no	yes	no
7226	yes	yes	yes	yes	yes
7227	yes	yes	yes	yes	yes
7228	yes	no	yes	yes	no
7229	no	yes	yes	no	no
7230	yes	yes	no	no	yes
7231	no	yes	no	no	no
7232	yes	no	no	no	yes
7233	yes	yes	yes	yes	yes
7234	no	yes	no	no	no
7235	yes	no	no	yes	no
7236	yes	yes	no	yes	yes
7237	yes	no	no	yes	yes
7238	no	no	no	yes	no
7239	no	yes	no	no	no
7240	yes	no	no	no	no
7241	no	yes	no	no	no
7242	yes	yes	no	no	no
7243	yes	yes	yes	no	yes
7244	no	no	no	no	no
7245	yes	yes	no	yes	no
7246	yes	yes	no	no	no
7247	yes	yes	yes	no	no
7248	yes	yes	no	yes	no
7249	yes	yes	yes	no	no
7250	yes	yes	yes	no	yes
7251	yes	yes	no	no	no
7252	yes	yes	yes	no	yes
7253	yes	no	yes	yes	yes
7254	yes	yes	no	yes	yes
7255	yes	yes	yes	no	yes
7256	yes	yes	no	yes	yes
7257	yes	no	yes	yes	yes
7258	yes	yes	no	yes	no
7259	yes	yes	no	no	yes
7260	yes	no	yes	yes	yes
7261	yes	no	yes	no	yes
7262	yes	no	yes	yes	yes
7263	yes	no	yes	yes	yes
7264	yes	no	yes	no	no
7265	no	yes	yes	no	no
7266	yes	yes	yes	yes	no
7267	yes	no	no	yes	yes
7268	yes	yes	yes	yes	yes
7269	yes	no	yes	yes	yes
7270	yes	no	yes	yes	no
7271	yes	no	no	yes	no
7272	yes	no	no	yes	yes
7273	yes	yes	no	yes	yes
7274	yes	yes	no	yes	no
7275	yes	yes	no	yes	no
7276	yes	yes	yes	yes	no
7277	no	yes	no	no	no
7278	yes	yes	yes	yes	no
7279	yes	yes	no	yes	no
7280	yes	no	yes	yes	no
7281	yes	yes	no	no	no
7282	yes	yes	yes	yes	yes
7283	yes	yes	no	no	no
7284	no	yes	no	no	no
7285	no	yes	yes	no	no
7286	yes	yes	no	no	yes
7287	yes	yes	no	no	no
7288	yes	yes	no	no	no
7289	yes	yes	no	no	no
7290	no	yes	yes	no	no
7291	yes	no	no	yes	yes
7292	no	yes	yes	yes	no
7293	yes	no	yes	yes	no
7294	yes	yes	no	yes	no
7295	no	yes	no	no	no
7296	no	yes	no	no	no
7297	yes	yes	yes	no	no
7298	yes	yes	yes	yes	yes
7299	no	yes	yes	yes	no
7300	no	yes	no	no	no
7301	yes	no	yes	yes	no
7302	no	yes	no	no	no
7303	no	yes	no	no	no
7304	no	yes	yes	yes	yes
7305	no	yes	yes	no	no
7306	yes	yes	no	no	no
7307	no	yes	no	yes	yes
7308	yes	yes	yes	yes	no
7309	yes	no	no	no	no
7310	yes	no	no	no	no
7311	no	yes	no	no	no
7312	no	yes	no	no	yes
7313	yes	no	no	yes	no
7314	no	yes	no	no	no
7315	yes	no	yes	yes	yes
7316	yes	yes	no	yes	no
7317	no	yes	no	no	no
7318	yes	yes	yes	no	no
7319	yes	no	yes	yes	yes
7320	yes	no	yes	no	no
7321	yes	no	no	yes	yes
7322	yes	no	yes	no	yes
7323	no	yes	yes	yes	yes
7324	no	yes	yes	no	no
7325	no	yes	no	yes	no
7326	no	yes	no	no	no
7327	yes	yes	no	yes	no
7328	yes	yes	no	yes	no
7329	yes	yes	no	yes	no
7330	yes	yes	yes	no	yes
7331	no	no	no	no	no
7332	yes	yes	yes	no	yes
7333	yes	yes	no	no	no
7334	no	yes	yes	no	no
7335	yes	yes	yes	no	no
7336	yes	yes	no	no	no
7337	no	yes	yes	no	no
7338	no	yes	no	no	yes
7339	no	yes	no	no	no
7340	no	yes	no	no	no
7341	yes	yes	no	no	yes
7342	yes	no	yes	yes	yes
7343	no	yes	no	no	no
7344	yes	yes	yes	no	yes
7345	yes	yes	yes	yes	no
7346	no	yes	no	yes	no
7347	no	yes	no	no	yes
7348	yes	yes	yes	no	no
7349	no	yes	yes	yes	yes
7350	yes	yes	no	yes	yes
7351	no	no	no	no	no
7352	yes	yes	yes	no	yes
7353	no	yes	no	no	yes
7354	no	yes	yes	yes	no
7355	yes	yes	yes	no	no
7356	yes	yes	yes	yes	yes
7357	yes	yes	no	yes	no
7358	yes	no	yes	yes	yes
7359	yes	yes	no	no	no
7360	no	yes	no	no	no
7361	no	yes	no	no	no
7362	yes	yes	yes	no	no
7363	yes	yes	yes	yes	yes
7364	yes	yes	yes	yes	no
7365	no	yes	no	no	yes
7366	no	no	no	no	no
7367	no	yes	no	no	no
7368	yes	yes	yes	no	yes
7369	no	yes	yes	no	yes
7370	yes	yes	no	yes	no
7371	yes	no	no	yes	yes
7372	no	yes	no	no	no
7373	no	yes	no	yes	yes
7374	no	yes	no	no	no
7375	yes	yes	yes	no	no
7376	yes	no	no	yes	yes
7377	yes	yes	no	no	no
7378	yes	no	no	yes	yes
7379	yes	no	yes	no	yes
7380	yes	yes	no	no	no
7381	no	no	no	yes	no
7382	yes	no	no	no	no
7383	no	yes	no	no	no
7384	no	yes	no	no	no
7385	no	yes	yes	no	no
7386	yes	yes	yes	no	no
7387	yes	no	yes	no	no
7388	yes	yes	no	yes	yes
7389	no	yes	no	no	no
7390	yes	yes	yes	no	no
7391	yes	yes	yes	no	yes
7392	yes	yes	no	no	no
7393	no	yes	no	yes	yes
7394	no	yes	no	no	no
7395	yes	no	no	yes	no
7396	yes	no	yes	no	yes
7397	no	yes	no	no	no
7398	yes	no	no	no	no
7399	yes	no	no	yes	yes
7400	yes	yes	no	yes	no
7401	no	yes	no	yes	no
7402	no	yes	no	no	no
7403	no	yes	no	no	no
7404	yes	yes	no	no	no
7405	yes	yes	no	no	no
7406	no	yes	no	no	no
7407	no	no	yes	yes	yes
7408	yes	yes	yes	yes	yes
7409	yes	yes	yes	yes	yes
7410	yes	no	yes	yes	yes
7411	yes	no	no	yes	yes
7412	no	yes	no	yes	yes
7413	no	yes	no	yes	yes
7414	no	yes	no	no	no
7415	yes	yes	no	no	yes
7416	no	yes	no	no	no
7417	yes	yes	no	yes	yes
7418	yes	no	no	no	no
7419	yes	yes	yes	yes	no
7420	yes	yes	no	yes	no
7421	no	yes	no	no	yes
7422	yes	no	yes	no	yes
7423	no	yes	no	no	yes
7424	yes	yes	yes	yes	yes
7425	no	yes	no	no	no
7426	no	yes	no	no	no
7427	yes	yes	no	no	no
7428	yes	yes	yes	no	no
7429	yes	yes	no	yes	no
7430	no	yes	no	yes	no
7431	no	yes	no	yes	no
7432	no	yes	no	no	no
7433	yes	no	no	yes	no
7434	yes	no	yes	yes	yes
7435	yes	yes	yes	yes	yes
7436	no	no	no	no	yes
7437	no	yes	no	no	no
7438	yes	yes	no	yes	yes
7439	yes	no	no	yes	yes
7440	yes	no	yes	yes	yes
7441	yes	yes	yes	no	no
7442	no	yes	no	no	no
7443	yes	yes	no	no	no
7444	yes	yes	no	no	yes
7445	yes	yes	no	no	no
7446	no	no	no	yes	no
7447	yes	yes	yes	yes	yes
7448	no	yes	yes	yes	no
7449	yes	yes	no	yes	no
7450	no	yes	no	no	yes
7451	yes	yes	yes	yes	no
7452	yes	yes	yes	yes	yes
7453	no	yes	yes	no	no
7454	yes	yes	yes	yes	no
7455	no	yes	no	no	no
7456	yes	yes	yes	no	yes
7457	no	no	yes	yes	yes
7458	yes	no	yes	yes	yes
7459	yes	yes	no	yes	yes
7460	yes	no	no	yes	yes
7461	yes	no	no	no	no
7462	no	no	yes	no	yes
7463	yes	yes	yes	yes	no
7464	no	yes	yes	no	no
7465	yes	no	yes	yes	yes
7466	yes	no	no	no	no
7467	yes	yes	yes	yes	no
7468	yes	yes	no	yes	yes
7469	yes	no	yes	yes	yes
7470	no	yes	yes	no	yes
7471	no	yes	no	no	no
7472	no	yes	no	no	no
7473	no	yes	no	yes	no
7474	yes	yes	yes	yes	yes
7475	yes	yes	no	yes	yes
7476	yes	no	no	yes	no
7477	yes	no	no	yes	yes
7478	no	no	yes	no	no
7479	yes	yes	yes	yes	no
7480	yes	no	yes	yes	yes
7481	yes	yes	no	yes	no
7482	yes	no	yes	yes	yes
7483	no	no	no	no	no
7484	yes	yes	no	yes	no
7485	yes	no	yes	yes	yes
7486	no	yes	no	no	no
7487	yes	no	no	no	no
7488	yes	yes	yes	yes	no
7489	yes	yes	no	no	no
7490	yes	yes	yes	yes	no
7491	yes	no	yes	yes	yes
7492	no	yes	no	yes	no
7493	no	yes	no	no	no
7494	yes	no	yes	yes	no
7495	no	yes	yes	yes	no
7496	no	yes	yes	no	yes
7497	no	yes	no	no	no
7498	yes	yes	yes	yes	yes
7499	no	no	yes	yes	yes
7500	no	yes	no	yes	no
7501	no	yes	no	no	no
7502	yes	yes	no	no	no
7503	yes	yes	yes	yes	yes
7504	yes	yes	no	no	no
7505	yes	yes	no	yes	yes
7506	yes	yes	no	yes	yes
7507	no	yes	no	no	yes
7508	yes	yes	yes	yes	no
7509	yes	yes	no	no	yes
7510	yes	yes	yes	no	no
7511	yes	no	yes	yes	yes
7512	no	yes	no	yes	yes
7513	yes	no	yes	no	no
7514	yes	no	yes	yes	yes
7515	yes	no	no	no	no
7516	yes	yes	no	no	no
7517	no	yes	no	yes	no
7518	no	no	no	no	no
7519	no	yes	no	yes	yes
7520	yes	yes	no	yes	yes
7521	no	no	no	no	no
7522	yes	no	no	yes	yes
7523	yes	no	no	yes	no
7524	no	yes	no	no	no
7525	yes	no	no	no	no
7526	no	no	yes	no	no
7527	no	yes	no	yes	no
7528	no	yes	yes	no	no
7529	no	yes	no	no	no
7530	yes	yes	yes	yes	yes
7531	yes	yes	no	no	no
7532	yes	no	no	no	no
7533	yes	yes	no	no	no
7534	yes	yes	no	no	no
7535	yes	yes	no	yes	yes
7536	no	yes	yes	no	no
7537	yes	yes	no	no	yes
7538	yes	yes	no	yes	no
7539	no	no	no	yes	yes
7540	no	yes	no	yes	yes
7541	no	yes	no	no	no
7542	yes	yes	no	no	no
7543	yes	yes	no	yes	yes
7544	yes	yes	no	no	no
7545	no	yes	no	no	no
7546	no	yes	no	yes	no
7547	no	yes	no	yes	no
7548	no	yes	yes	no	no
7549	no	yes	no	no	no
7550	no	yes	no	no	no
7551	yes	no	yes	yes	yes
7552	no	yes	yes	no	no
7553	no	yes	yes	no	no
7554	yes	yes	yes	yes	no
7555	no	no	no	no	no
7556	no	yes	yes	no	yes
7557	no	yes	yes	yes	no
7558	no	no	no	no	no
7559	yes	yes	no	yes	no
7560	yes	no	yes	yes	yes
7561	no	yes	no	yes	yes
7562	no	yes	no	yes	no
7563	yes	yes	yes	no	no
7564	yes	yes	no	yes	no
7565	yes	yes	no	yes	no
7566	yes	yes	no	yes	no
7567	no	yes	yes	no	yes
7568	no	yes	no	no	no
7569	yes	yes	no	yes	yes
7570	yes	no	no	yes	no
7571	yes	no	no	yes	no
7572	no	yes	no	no	no
7573	no	yes	no	yes	yes
7574	no	yes	no	no	no
7575	no	yes	yes	yes	no
7576	no	yes	no	no	yes
7577	no	yes	yes	no	no
7578	no	no	no	no	yes
7579	no	yes	no	no	no
7580	yes	yes	no	no	no
7581	no	yes	no	no	no
7582	yes	yes	yes	yes	yes
7583	no	yes	no	no	no
7584	no	yes	yes	no	no
7585	no	yes	no	no	yes
7586	no	yes	no	yes	yes
7587	yes	yes	no	no	no
7588	yes	yes	no	yes	no
7589	yes	yes	yes	no	no
7590	no	yes	no	yes	no
7591	yes	yes	yes	no	yes
7592	yes	no	yes	yes	yes
7593	no	yes	yes	yes	yes
7594	yes	yes	yes	no	yes
7595	no	yes	no	no	no
7596	yes	no	yes	yes	no
7597	yes	yes	no	yes	no
7598	yes	yes	yes	yes	yes
7599	no	no	no	no	no
7600	no	yes	no	yes	no
7601	no	yes	yes	yes	yes
7602	no	yes	no	no	no
7603	yes	no	yes	yes	yes
7604	yes	no	no	no	yes
7605	no	no	yes	yes	yes
7606	yes	no	no	no	yes
7607	no	yes	no	no	no
7608	no	yes	yes	yes	no
7609	yes	yes	no	yes	no
7610	no	yes	yes	no	no
7611	yes	no	no	no	yes
7612	yes	no	no	no	no
7613	yes	yes	no	no	no
7614	yes	no	yes	yes	yes
7615	yes	no	yes	yes	yes
7616	yes	yes	yes	no	yes
7617	yes	yes	no	yes	no
7618	yes	yes	no	no	no
7619	no	no	yes	yes	no
7620	no	yes	yes	yes	yes
7621	no	no	yes	no	yes
7622	yes	yes	no	yes	no
7623	yes	yes	no	no	no
7624	yes	yes	no	yes	no
7625	no	no	no	yes	yes
7626	no	yes	no	no	yes
7627	yes	yes	no	yes	no
7628	yes	yes	no	yes	yes
7629	yes	yes	no	yes	yes
7630	yes	yes	no	no	yes
7631	no	yes	no	yes	no
7632	yes	yes	no	yes	no
7633	yes	yes	yes	no	no
7634	yes	yes	no	yes	no
7635	no	yes	no	no	no
7636	yes	no	yes	yes	yes
7637	yes	no	yes	yes	yes
7638	yes	yes	no	no	yes
7639	no	yes	yes	no	no
7640	no	yes	no	no	yes
7641	yes	no	yes	yes	no
7642	yes	no	no	yes	yes
7643	no	yes	no	no	no
7644	no	yes	yes	yes	no
7645	yes	yes	no	no	no
7646	yes	no	yes	yes	yes
7647	yes	yes	no	no	no
7648	no	yes	no	no	yes
7649	no	yes	yes	no	no
7650	yes	yes	yes	yes	yes
7651	yes	yes	no	yes	no
7652	yes	yes	no	yes	yes
7653	yes	yes	no	yes	no
7654	no	yes	yes	no	yes
7655	yes	yes	yes	yes	no
7656	no	yes	yes	yes	no
7657	yes	no	no	yes	no
7658	no	yes	yes	no	yes
7659	yes	yes	no	yes	yes
7660	no	yes	no	no	no
7661	yes	yes	no	no	no
7662	yes	yes	yes	no	yes
7663	no	yes	no	no	no
7664	yes	yes	no	yes	yes
7665	yes	yes	yes	no	yes
7666	yes	no	yes	yes	no
7667	yes	yes	yes	yes	yes
7668	yes	yes	no	yes	yes
7669	no	yes	no	no	no
7670	no	yes	no	no	no
7671	yes	yes	no	no	no
7672	yes	yes	yes	no	no
7673	yes	yes	no	yes	yes
7674	yes	no	yes	yes	yes
7675	no	yes	no	no	no
7676	no	no	yes	yes	yes
7677	no	yes	no	no	no
7678	yes	no	yes	yes	yes
7679	no	no	no	no	no
7680	yes	yes	no	yes	no
7681	no	yes	no	no	no
7682	yes	no	no	no	yes
7683	yes	yes	no	no	no
7684	no	no	no	no	yes
7685	yes	yes	no	no	yes
7686	no	yes	yes	no	yes
7687	yes	no	yes	no	yes
7688	yes	yes	no	no	no
7689	yes	yes	no	no	no
7690	yes	no	no	yes	yes
7691	no	yes	no	no	no
7692	yes	yes	yes	yes	yes
7693	yes	yes	no	no	no
7694	yes	yes	yes	no	yes
7695	yes	yes	no	yes	no
7696	yes	no	yes	yes	yes
7697	yes	yes	yes	yes	no
7698	no	no	yes	no	no
7699	yes	no	yes	yes	yes
7700	yes	yes	yes	yes	no
7701	yes	no	yes	yes	no
7702	no	yes	yes	yes	no
7703	no	no	no	no	no
7704	yes	yes	no	no	no
7705	yes	no	yes	yes	yes
7706	yes	no	yes	no	no
7707	yes	yes	yes	no	no
7708	no	yes	no	no	no
7709	yes	no	no	yes	no
7710	yes	no	yes	no	yes
7711	no	yes	no	no	no
7712	yes	no	no	no	no
7713	yes	yes	yes	no	yes
7714	no	no	no	no	no
7715	yes	yes	no	yes	yes
7716	yes	yes	no	yes	no
7717	yes	yes	yes	yes	yes
7718	no	yes	no	yes	no
7719	yes	no	yes	no	no
7720	yes	yes	no	yes	yes
7721	yes	yes	yes	yes	no
7722	no	yes	no	no	no
7723	yes	no	yes	yes	yes
7724	no	yes	no	no	no
7725	no	yes	no	yes	no
7726	yes	no	no	no	no
7727	yes	no	no	no	no
7728	yes	no	no	yes	yes
7729	yes	yes	yes	yes	yes
7730	yes	no	yes	yes	yes
7731	yes	yes	yes	yes	no
7732	yes	yes	yes	yes	no
7733	no	yes	no	no	no
7734	yes	yes	no	no	yes
7735	yes	yes	yes	yes	yes
7736	yes	no	no	yes	yes
7737	yes	yes	yes	yes	yes
7738	yes	yes	no	yes	no
7739	yes	no	no	yes	yes
7740	yes	yes	no	yes	yes
7741	no	yes	yes	no	no
7742	yes	yes	no	yes	no
7743	yes	yes	yes	no	no
7744	no	yes	yes	no	yes
7745	yes	yes	no	yes	no
7746	no	yes	yes	yes	yes
7747	no	yes	yes	yes	yes
7748	no	yes	no	no	no
7749	no	yes	no	no	no
7750	yes	yes	no	yes	no
7751	yes	yes	yes	no	no
7752	yes	yes	no	yes	no
7753	yes	no	no	yes	yes
7754	yes	yes	no	no	no
7755	no	no	no	yes	no
7756	yes	no	yes	no	no
7757	yes	no	yes	yes	yes
7758	yes	no	yes	no	no
7759	yes	yes	yes	no	no
7760	no	yes	yes	no	yes
7761	yes	yes	no	no	yes
7762	yes	yes	yes	no	no
7763	yes	no	yes	yes	yes
7764	no	no	yes	no	no
7765	yes	no	no	yes	yes
7766	no	yes	yes	no	no
7767	no	no	yes	no	no
7768	yes	no	no	no	no
7769	no	yes	no	no	no
7770	no	yes	no	no	yes
7771	yes	no	yes	yes	yes
7772	yes	no	yes	no	yes
7773	yes	yes	yes	no	yes
7774	no	yes	yes	no	yes
7775	yes	yes	no	yes	yes
7776	yes	yes	no	yes	no
7777	yes	yes	yes	yes	no
7778	yes	no	yes	yes	no
7779	no	yes	yes	no	yes
7780	no	yes	no	no	no
7781	yes	no	yes	yes	yes
7782	yes	no	yes	yes	yes
7783	no	yes	no	no	no
7784	no	yes	no	yes	no
7785	yes	yes	no	no	no
7786	yes	yes	no	no	yes
7787	yes	yes	no	yes	yes
7788	no	yes	no	no	no
7789	no	yes	yes	no	yes
7790	no	yes	no	no	no
7791	no	yes	no	no	no
7792	no	yes	no	yes	no
7793	no	yes	no	no	no
7794	yes	yes	yes	no	no
7795	yes	yes	yes	yes	no
7796	yes	yes	yes	yes	no
7797	yes	no	yes	yes	yes
7798	yes	yes	no	no	yes
7799	no	yes	no	no	yes
7800	yes	yes	yes	yes	yes
7801	yes	no	no	no	no
7802	yes	no	yes	yes	yes
7803	no	yes	no	no	no
7804	no	yes	no	no	no
7805	yes	no	yes	yes	no
7806	no	yes	yes	no	no
7807	yes	no	yes	yes	no
7808	yes	yes	yes	yes	yes
7809	yes	yes	yes	yes	yes
7810	no	yes	no	no	no
7811	yes	no	yes	no	yes
7812	no	yes	yes	yes	no
7813	yes	no	no	no	no
7814	yes	yes	no	no	no
7815	no	yes	yes	no	no
7816	no	yes	no	yes	no
7817	yes	yes	no	yes	yes
7818	yes	yes	no	no	no
7819	no	yes	no	no	no
7820	yes	yes	no	no	no
7821	no	yes	no	no	no
7822	yes	no	no	yes	yes
7823	no	yes	no	yes	no
7824	yes	yes	no	yes	no
7825	no	no	yes	no	yes
7826	yes	yes	no	no	no
7827	no	yes	no	yes	no
7828	yes	no	yes	yes	yes
7829	yes	no	yes	yes	yes
7830	no	yes	yes	yes	yes
7831	yes	no	yes	yes	yes
7832	yes	no	yes	yes	no
7833	yes	yes	no	no	no
7834	yes	yes	yes	no	yes
7835	no	yes	no	no	yes
7836	yes	no	yes	no	no
7837	no	yes	no	no	no
7838	yes	yes	no	no	no
7839	no	yes	yes	no	no
7840	yes	no	yes	yes	no
7841	yes	no	yes	yes	yes
7842	yes	yes	no	no	no
7843	yes	yes	no	no	no
7844	yes	yes	yes	no	no
7845	yes	no	yes	yes	yes
7846	yes	yes	no	no	no
7847	yes	yes	no	yes	no
7848	yes	no	yes	yes	yes
7849	yes	no	yes	no	yes
7850	no	yes	yes	no	no
7851	no	yes	yes	no	yes
7852	yes	yes	yes	yes	no
7853	no	yes	yes	no	no
7854	no	yes	no	no	no
7855	no	no	no	yes	yes
7856	no	yes	no	no	yes
7857	yes	yes	yes	yes	yes
7858	yes	yes	yes	yes	no
7859	yes	yes	no	yes	yes
7860	yes	yes	no	no	no
7861	yes	no	yes	no	yes
7862	yes	yes	yes	yes	yes
7863	yes	yes	no	no	yes
7864	no	no	no	no	yes
7865	yes	yes	no	no	yes
7866	yes	yes	no	no	no
7867	yes	yes	yes	yes	yes
7868	no	yes	no	no	yes
7869	yes	yes	no	yes	no
7870	no	yes	yes	yes	yes
7871	no	yes	no	no	no
7872	yes	yes	no	yes	no
7873	no	yes	no	yes	yes
7874	yes	yes	yes	yes	no
7875	no	yes	yes	no	no
7876	yes	yes	yes	no	yes
7877	yes	yes	yes	yes	yes
7878	no	yes	no	no	yes
7879	yes	yes	no	yes	yes
7880	yes	no	yes	no	yes
7881	yes	no	yes	yes	yes
7882	no	yes	no	no	no
7883	yes	yes	no	no	no
7884	no	yes	no	no	no
7885	no	no	no	no	no
7886	yes	yes	no	no	no
7887	yes	yes	yes	yes	yes
7888	yes	yes	yes	yes	yes
7889	yes	yes	yes	yes	yes
7890	no	yes	no	no	no
7891	no	yes	no	yes	no
7892	yes	no	yes	yes	yes
7893	no	yes	no	no	yes
7894	yes	no	yes	yes	no
7895	no	yes	yes	no	no
7896	yes	yes	yes	yes	yes
7897	no	no	no	no	no
7898	yes	yes	no	no	no
7899	no	yes	no	no	no
7900	no	no	no	no	no
7901	yes	yes	no	yes	no
7902	no	yes	yes	yes	yes
7903	yes	yes	no	yes	yes
7904	yes	yes	no	no	no
7905	no	yes	no	no	no
7906	yes	no	yes	yes	no
7907	yes	no	yes	yes	no
7908	no	yes	no	no	no
7909	no	yes	no	no	no
7910	no	no	yes	yes	yes
7911	yes	yes	no	yes	no
7912	yes	yes	no	no	no
7913	yes	yes	yes	yes	no
7914	yes	yes	yes	yes	yes
7915	no	yes	yes	yes	yes
7916	no	yes	no	yes	no
7917	no	yes	yes	yes	yes
7918	yes	yes	yes	no	no
7919	yes	yes	no	yes	no
7920	yes	yes	yes	yes	yes
7921	yes	yes	no	yes	no
7922	yes	no	no	yes	no
7923	no	yes	yes	no	yes
7924	yes	no	yes	yes	yes
7925	yes	no	yes	yes	yes
7926	no	yes	yes	no	no
7927	yes	no	yes	yes	no
7928	no	no	yes	yes	yes
7929	yes	no	no	no	no
7930	yes	no	yes	yes	yes
7931	yes	yes	no	yes	yes
7932	yes	yes	no	no	no
7933	no	yes	no	no	no
7934	no	yes	yes	no	no
7935	yes	no	yes	yes	yes
7936	no	yes	no	no	no
7937	yes	yes	yes	yes	yes
7938	yes	no	no	no	yes
7939	yes	no	yes	yes	yes
7940	yes	yes	yes	yes	yes
7941	yes	no	yes	yes	yes
7942	no	yes	no	no	no
7943	yes	yes	yes	yes	yes
7944	no	yes	no	no	no
7945	yes	yes	no	yes	yes
7946	yes	yes	no	yes	no
7947	yes	no	yes	yes	no
7948	yes	yes	no	yes	no
7949	yes	yes	no	yes	no
7950	yes	yes	no	yes	yes
7951	no	yes	no	no	no
7952	yes	yes	no	no	no
7953	yes	no	yes	yes	yes
7954	no	yes	no	no	no
7955	yes	no	yes	yes	yes
7956	yes	no	yes	yes	yes
7957	no	yes	no	no	no
7958	no	yes	no	no	no
7959	no	yes	no	yes	no
7960	yes	no	no	yes	no
7961	yes	no	yes	no	no
7962	no	no	yes	yes	yes
7963	no	yes	no	no	no
7964	yes	yes	yes	yes	yes
7965	yes	yes	no	yes	no
7966	yes	no	yes	yes	yes
7967	no	yes	no	no	no
7968	yes	no	yes	no	yes
7969	yes	yes	no	yes	no
7970	no	yes	no	no	no
7971	no	no	no	no	no
7972	yes	no	yes	yes	yes
7973	yes	yes	yes	yes	yes
7974	yes	yes	no	yes	yes
7975	no	yes	yes	yes	no
7976	yes	yes	yes	no	yes
7977	yes	yes	yes	yes	no
7978	yes	no	no	no	yes
7979	yes	no	yes	yes	yes
7980	yes	no	yes	no	yes
7981	no	yes	no	no	no
7982	yes	no	no	yes	yes
7983	no	yes	yes	no	no
7984	no	yes	no	yes	yes
7985	yes	yes	yes	yes	no
7986	yes	yes	no	no	no
7987	yes	yes	no	no	no
7988	yes	yes	no	yes	yes
7989	yes	yes	yes	yes	yes
7990	no	yes	yes	no	no
7991	yes	yes	no	yes	yes
7992	no	yes	yes	yes	no
7993	yes	no	yes	yes	yes
7994	yes	yes	yes	yes	yes
7995	no	yes	no	yes	yes
7996	yes	yes	yes	yes	yes
7997	yes	yes	yes	yes	no
7998	no	no	no	no	no
7999	no	yes	no	no	no
8000	no	yes	no	no	no
8001	no	yes	no	yes	no
8002	yes	yes	yes	yes	yes
8003	no	no	yes	yes	yes
8004	yes	no	no	no	no
8005	yes	no	no	yes	yes
8006	no	no	yes	no	no
8007	yes	no	no	yes	yes
8008	no	no	no	no	yes
8009	no	yes	no	no	no
8010	no	yes	no	no	no
8011	no	no	no	no	no
8012	yes	yes	no	yes	yes
8013	yes	yes	yes	yes	no
8014	yes	no	yes	yes	yes
8015	no	no	no	no	yes
8016	yes	yes	yes	yes	yes
8017	yes	no	yes	yes	yes
8018	no	no	yes	no	no
8019	yes	yes	yes	yes	yes
8020	yes	yes	no	yes	yes
8021	no	yes	yes	no	yes
8022	yes	yes	yes	yes	yes
8023	no	yes	yes	yes	yes
8024	yes	no	yes	yes	yes
8025	yes	no	no	yes	no
8026	no	yes	no	no	no
8027	no	no	no	no	no
8028	yes	yes	no	yes	no
8029	no	yes	yes	yes	yes
8030	yes	no	no	yes	no
8031	yes	yes	no	no	no
8032	yes	no	yes	yes	yes
8033	yes	no	no	no	no
8034	no	yes	yes	yes	yes
8035	yes	yes	yes	no	no
8036	yes	yes	no	no	yes
8037	yes	yes	no	no	yes
8038	yes	no	no	yes	yes
8039	yes	yes	no	yes	no
8040	yes	no	yes	yes	yes
8041	yes	no	yes	yes	yes
8042	no	yes	no	no	no
8043	yes	yes	no	yes	no
8044	no	yes	no	no	no
8045	yes	no	yes	no	yes
8046	yes	yes	no	no	no
8047	yes	yes	yes	no	no
8048	yes	no	yes	yes	yes
8049	no	yes	no	no	no
8050	yes	yes	no	yes	no
8051	yes	yes	no	no	no
8052	yes	no	yes	yes	no
8053	yes	yes	yes	yes	no
8054	no	yes	yes	no	yes
8055	no	yes	yes	no	yes
8056	yes	yes	no	yes	no
8057	no	yes	no	no	yes
8058	yes	yes	yes	yes	yes
8059	yes	no	yes	yes	yes
8060	yes	yes	yes	yes	yes
8061	no	yes	no	no	yes
8062	yes	no	no	yes	yes
8063	no	yes	yes	yes	no
8064	no	no	yes	no	yes
8065	no	no	yes	no	no
8066	yes	no	yes	yes	yes
8067	yes	yes	yes	yes	no
8068	no	yes	no	no	yes
8069	no	yes	no	yes	yes
8070	yes	yes	no	no	no
8071	yes	yes	no	yes	no
8072	no	yes	no	no	no
8073	yes	no	yes	no	yes
8074	yes	no	yes	no	yes
8075	no	yes	yes	no	no
8076	no	yes	no	no	no
8077	yes	no	yes	no	yes
8078	yes	no	no	no	yes
8079	yes	yes	no	yes	yes
8080	yes	yes	no	yes	yes
8081	no	yes	no	no	yes
8082	no	yes	no	yes	no
8083	yes	no	no	yes	yes
8084	yes	yes	no	yes	yes
8085	yes	yes	yes	yes	yes
8086	no	no	yes	yes	no
8087	no	yes	no	no	yes
8088	no	yes	no	no	no
8089	yes	no	no	yes	no
8090	no	yes	no	no	no
8091	yes	no	yes	no	no
8092	yes	yes	yes	yes	yes
8093	no	yes	yes	yes	no
8094	yes	no	yes	yes	yes
8095	yes	yes	no	no	no
8096	yes	yes	yes	yes	no
8097	no	yes	no	no	no
8098	no	yes	no	yes	no
8099	no	yes	no	no	no
8100	yes	yes	yes	yes	yes
8101	yes	no	yes	yes	yes
8102	yes	yes	yes	yes	yes
8103	no	yes	no	no	no
8104	yes	yes	yes	yes	yes
8105	no	yes	yes	yes	yes
8106	yes	yes	no	yes	no
8107	yes	no	yes	yes	yes
8108	no	yes	no	no	yes
8109	no	yes	yes	no	no
8110	yes	yes	no	yes	no
8111	yes	yes	no	yes	no
8112	no	yes	yes	no	no
8113	yes	yes	no	no	yes
8114	yes	yes	no	yes	no
8115	yes	no	yes	yes	yes
8116	no	yes	yes	yes	no
8117	yes	yes	no	no	no
8118	no	no	yes	yes	yes
8119	yes	yes	no	no	no
8120	no	yes	no	yes	no
8121	yes	yes	no	no	no
8122	yes	yes	yes	no	yes
8123	no	no	yes	no	no
8124	yes	no	yes	no	yes
8125	no	yes	no	no	yes
8126	yes	no	no	no	no
8127	yes	no	no	yes	yes
8128	yes	no	yes	yes	yes
8129	yes	no	yes	yes	yes
8130	no	yes	yes	no	no
8131	yes	yes	yes	no	no
8132	yes	yes	no	yes	no
8133	yes	yes	no	no	no
8134	yes	yes	no	yes	no
8135	yes	no	no	yes	yes
8136	yes	no	no	yes	yes
8137	yes	yes	yes	yes	yes
8138	no	no	no	yes	no
8139	yes	no	no	yes	yes
8140	yes	yes	no	yes	yes
8141	yes	no	yes	yes	yes
8142	yes	yes	yes	yes	no
8143	yes	yes	no	yes	yes
8144	no	no	yes	yes	no
8145	yes	no	yes	yes	no
8146	yes	no	no	yes	yes
8147	no	yes	no	no	no
8148	no	yes	no	yes	no
8149	yes	yes	yes	no	no
8150	no	yes	yes	yes	no
8151	yes	no	yes	yes	no
8152	yes	yes	no	no	no
8153	yes	no	yes	yes	yes
8154	no	no	no	yes	no
8155	yes	no	no	no	yes
8156	yes	no	yes	no	yes
8157	yes	no	yes	no	no
8158	no	no	no	no	no
8159	yes	yes	yes	yes	yes
8160	yes	yes	no	no	no
8161	no	yes	no	no	no
8162	yes	no	no	yes	yes
8163	yes	yes	yes	yes	yes
8164	yes	yes	no	no	no
8165	yes	yes	yes	yes	yes
8166	no	yes	no	no	no
8167	no	yes	no	no	no
8168	no	no	yes	no	yes
8169	yes	yes	yes	yes	no
8170	no	yes	yes	no	no
8171	yes	no	yes	yes	yes
8172	yes	no	yes	yes	yes
8173	yes	no	yes	yes	no
8174	no	no	no	no	no
8175	no	no	yes	yes	yes
8176	no	yes	yes	no	yes
8177	no	yes	no	no	no
8178	yes	yes	yes	yes	yes
8179	yes	yes	no	yes	no
8180	no	yes	no	yes	no
8181	yes	yes	yes	no	no
8182	yes	yes	yes	yes	yes
8183	no	yes	no	no	yes
8184	yes	yes	no	yes	yes
8185	yes	yes	yes	yes	yes
8186	yes	no	yes	yes	no
8187	yes	yes	yes	yes	yes
8188	yes	yes	yes	yes	yes
8189	yes	yes	no	no	no
8190	yes	yes	yes	yes	yes
8191	no	no	yes	yes	no
8192	yes	no	yes	yes	yes
8193	no	yes	no	no	no
8194	yes	yes	no	yes	no
8195	yes	yes	no	yes	no
8196	no	no	yes	no	no
8197	yes	yes	yes	no	no
8198	no	yes	no	yes	yes
8199	yes	yes	yes	yes	yes
8200	yes	no	yes	no	no
8201	yes	yes	yes	no	yes
8202	yes	yes	no	yes	no
8203	yes	yes	yes	no	no
8204	yes	no	yes	yes	yes
8205	yes	yes	no	yes	yes
8206	yes	yes	yes	no	no
8207	yes	yes	no	yes	yes
8208	no	yes	no	no	no
8209	yes	yes	yes	yes	yes
8210	no	yes	no	no	no
8211	yes	yes	yes	yes	yes
8212	yes	no	yes	no	yes
8213	yes	no	no	yes	yes
8214	yes	yes	no	yes	no
8215	yes	yes	no	no	yes
8216	yes	no	yes	yes	no
8217	no	yes	no	no	no
8218	no	no	yes	no	yes
8219	yes	yes	yes	no	no
8220	no	no	yes	no	yes
8221	yes	no	yes	no	yes
8222	no	no	yes	no	yes
8223	yes	no	yes	yes	yes
8224	no	yes	no	no	no
8225	yes	no	no	yes	yes
8226	no	no	no	no	no
8227	yes	yes	no	no	no
8228	no	yes	yes	yes	yes
8229	yes	yes	yes	yes	yes
8230	yes	yes	no	no	no
8231	yes	yes	yes	yes	no
8232	yes	yes	no	no	yes
8233	no	yes	yes	no	no
8234	yes	yes	yes	yes	yes
8235	no	no	no	no	no
8236	yes	yes	no	yes	no
8237	yes	yes	yes	yes	yes
8238	yes	yes	yes	yes	yes
8239	yes	no	no	yes	no
8240	yes	no	yes	yes	yes
8241	no	yes	no	no	no
8242	yes	yes	yes	yes	yes
8243	yes	no	yes	yes	yes
8244	yes	yes	yes	yes	yes
8245	yes	no	yes	yes	yes
8246	no	yes	no	no	no
8247	yes	yes	no	yes	yes
8248	no	yes	no	no	no
8249	yes	no	no	no	no
8250	yes	no	no	yes	no
8251	yes	yes	yes	yes	no
8252	no	yes	yes	no	no
8253	no	no	no	yes	no
8254	no	no	no	no	no
8255	yes	no	yes	no	yes
8256	no	yes	no	yes	yes
8257	no	no	no	no	no
8258	yes	no	no	yes	no
8259	no	yes	no	no	yes
8260	yes	no	no	yes	yes
8261	yes	yes	yes	yes	yes
8262	yes	no	yes	no	no
8263	yes	yes	no	no	no
8264	yes	yes	yes	no	no
8265	no	yes	no	no	no
8266	yes	no	yes	no	yes
8267	no	yes	yes	no	no
8268	no	yes	no	no	no
8269	no	no	yes	no	no
8270	yes	yes	no	no	no
8271	yes	no	no	no	yes
8272	yes	yes	yes	yes	no
8273	yes	yes	yes	no	yes
8274	yes	no	yes	yes	yes
8275	yes	yes	yes	yes	yes
8276	no	no	no	no	yes
8277	no	yes	no	no	no
8278	yes	no	no	no	yes
8279	no	yes	no	no	no
8280	yes	yes	no	no	no
8281	no	yes	yes	yes	yes
8282	yes	yes	no	yes	no
8283	yes	no	no	no	no
8284	yes	no	no	yes	yes
8285	yes	yes	no	no	no
8286	yes	yes	no	yes	no
8287	yes	yes	no	no	no
8288	yes	yes	yes	yes	no
8289	no	yes	no	no	no
8290	no	yes	no	no	no
8291	no	yes	yes	yes	yes
8292	yes	no	yes	yes	yes
8293	yes	yes	no	yes	no
8294	yes	yes	no	no	no
8295	no	yes	yes	no	yes
8296	yes	yes	yes	yes	yes
8297	no	yes	yes	yes	yes
8298	yes	yes	no	yes	yes
8299	yes	no	yes	yes	yes
8300	yes	yes	yes	no	yes
8301	no	yes	no	no	no
8302	no	yes	no	no	no
8303	no	yes	yes	no	yes
8304	yes	no	yes	yes	yes
8305	yes	no	yes	no	yes
8306	no	yes	no	yes	no
8307	yes	no	yes	yes	yes
8308	yes	yes	no	yes	no
8309	yes	yes	yes	yes	yes
8310	yes	yes	no	yes	no
8311	yes	no	no	no	no
8312	no	yes	yes	yes	yes
8313	yes	yes	no	yes	no
8314	yes	yes	yes	yes	no
8315	no	yes	no	yes	no
8316	no	no	yes	no	yes
8317	yes	yes	yes	yes	yes
8318	no	yes	yes	yes	yes
8319	no	yes	yes	yes	yes
8320	no	yes	no	yes	no
8321	yes	yes	yes	no	yes
8322	yes	yes	no	yes	no
8323	yes	no	yes	yes	yes
8324	yes	yes	yes	no	no
8325	yes	no	yes	yes	yes
8326	yes	no	no	yes	no
8327	yes	yes	no	yes	no
8328	yes	yes	no	no	no
8329	no	yes	no	no	no
8330	no	no	yes	no	yes
8331	no	no	yes	yes	yes
8332	yes	yes	yes	yes	yes
8333	yes	yes	no	no	no
8334	no	yes	yes	yes	yes
8335	yes	yes	no	no	no
8336	yes	no	no	no	yes
8337	yes	no	no	no	yes
8338	no	yes	yes	yes	yes
8339	yes	yes	yes	yes	yes
8340	no	yes	no	no	yes
8341	yes	no	no	yes	yes
8342	yes	no	no	yes	yes
8343	no	yes	no	no	no
8344	yes	yes	yes	no	no
8345	yes	yes	yes	no	no
8346	yes	yes	no	no	no
8347	no	yes	no	no	yes
8348	no	yes	no	no	no
8349	no	yes	yes	yes	yes
8350	yes	no	yes	yes	yes
8351	no	yes	no	no	no
8352	yes	no	yes	yes	yes
8353	yes	yes	no	no	no
8354	yes	yes	no	no	no
8355	no	yes	yes	yes	no
8356	yes	yes	no	yes	no
8357	yes	yes	yes	yes	no
8358	no	yes	yes	no	no
8359	no	yes	no	no	no
8360	yes	no	no	yes	yes
8361	yes	no	no	yes	no
8362	no	yes	no	yes	no
8363	no	yes	yes	no	no
8364	yes	no	no	no	no
8365	yes	no	no	no	no
8366	yes	yes	no	yes	no
8367	yes	no	yes	yes	no
8368	yes	yes	no	no	no
8369	no	yes	no	no	no
8370	no	yes	no	no	no
8371	no	yes	no	no	no
8372	yes	no	no	yes	no
8373	no	yes	no	no	no
8374	yes	no	yes	yes	yes
8375	yes	yes	yes	no	no
8376	yes	yes	no	yes	no
8377	yes	yes	yes	yes	no
8378	yes	yes	yes	yes	yes
8379	yes	no	yes	no	yes
8380	yes	yes	yes	yes	yes
8381	yes	yes	yes	yes	yes
8382	yes	yes	yes	yes	yes
8383	yes	yes	no	yes	no
8384	no	yes	no	no	no
8385	yes	no	no	yes	yes
8386	no	yes	no	no	no
8387	yes	yes	no	no	no
8388	yes	yes	no	no	yes
8389	no	no	no	no	no
8390	yes	no	yes	yes	no
8391	no	yes	no	no	yes
8392	yes	yes	no	no	no
8393	yes	no	no	no	no
8394	yes	yes	yes	no	no
8395	no	yes	no	no	yes
8396	yes	no	no	no	no
8397	yes	yes	no	yes	no
8398	yes	yes	yes	yes	yes
8399	no	yes	no	yes	yes
8400	yes	yes	no	no	no
8401	yes	yes	yes	no	yes
8402	yes	no	yes	yes	yes
8403	no	yes	no	no	no
8404	no	yes	no	no	no
8405	yes	yes	no	no	no
8406	yes	yes	yes	yes	yes
8407	yes	no	yes	yes	no
8408	yes	no	yes	yes	yes
8409	yes	no	no	yes	no
8410	yes	no	yes	yes	yes
8411	no	yes	no	no	yes
8412	yes	yes	yes	yes	no
8413	no	yes	no	no	no
8414	yes	yes	no	no	no
8415	yes	no	yes	yes	yes
8416	yes	no	yes	yes	yes
8417	yes	no	yes	yes	no
8418	yes	yes	yes	yes	yes
8419	yes	no	yes	yes	yes
8420	yes	yes	yes	yes	yes
8421	yes	yes	yes	yes	yes
8422	yes	yes	no	yes	yes
8423	no	yes	no	no	no
8424	no	yes	yes	no	yes
8425	yes	yes	no	yes	no
8426	yes	yes	yes	yes	yes
8427	yes	no	yes	yes	yes
8428	yes	yes	yes	yes	no
8429	yes	no	no	yes	yes
8430	yes	yes	yes	yes	yes
8431	no	yes	yes	no	yes
8432	no	yes	no	no	yes
8433	yes	yes	no	no	no
8434	yes	yes	no	no	no
8435	yes	yes	no	yes	yes
8436	yes	no	yes	no	yes
8437	no	yes	no	yes	no
8438	yes	no	yes	yes	yes
8439	yes	yes	no	yes	yes
8440	yes	yes	yes	yes	no
8441	no	yes	no	no	no
8442	yes	yes	no	yes	no
8443	yes	yes	no	yes	yes
8444	yes	yes	yes	yes	yes
8445	yes	yes	no	yes	no
8446	yes	yes	yes	yes	no
8447	yes	yes	yes	yes	no
8448	no	yes	no	yes	no
8449	yes	no	yes	yes	yes
8450	yes	yes	no	yes	no
8451	no	yes	no	no	no
8452	no	yes	no	no	yes
8453	yes	yes	yes	no	yes
8454	yes	no	no	yes	yes
8455	yes	no	yes	no	yes
8456	yes	yes	yes	yes	yes
8457	yes	yes	yes	yes	yes
8458	yes	no	no	yes	yes
8459	no	yes	no	no	no
8460	yes	yes	no	yes	yes
8461	no	yes	no	no	no
8462	yes	yes	no	yes	yes
8463	yes	yes	no	no	no
8464	no	yes	no	yes	yes
8465	no	yes	no	no	yes
8466	no	yes	no	no	no
8467	yes	yes	yes	yes	yes
8468	yes	yes	no	yes	yes
8469	no	yes	no	no	no
8470	no	yes	yes	yes	no
8471	yes	yes	no	yes	no
8472	no	yes	yes	no	yes
8473	no	yes	no	no	no
8474	no	yes	no	no	no
8475	no	yes	no	yes	no
8476	no	no	yes	no	yes
8477	no	yes	no	no	yes
8478	yes	yes	yes	yes	no
8479	yes	no	yes	yes	yes
8480	no	yes	no	yes	yes
8481	yes	yes	no	no	no
8482	no	yes	no	no	no
8483	yes	yes	no	yes	yes
8484	yes	yes	yes	no	no
8485	yes	no	yes	yes	yes
8486	no	yes	yes	no	no
8487	yes	no	yes	yes	no
8488	yes	no	no	yes	yes
8489	no	yes	no	yes	no
8490	yes	yes	yes	yes	no
8491	no	yes	no	yes	no
8492	yes	no	no	yes	no
8493	no	yes	no	no	yes
8494	no	yes	no	no	no
8495	no	yes	no	yes	yes
8496	no	yes	no	no	no
8497	yes	yes	yes	yes	yes
8498	no	yes	no	no	yes
8499	no	yes	yes	no	yes
8500	no	yes	no	no	no
8501	no	yes	yes	no	no
8502	no	no	yes	yes	no
8503	yes	yes	yes	yes	yes
8504	yes	yes	yes	no	yes
8505	no	yes	no	no	no
8506	no	yes	no	no	yes
8507	yes	yes	yes	yes	no
8508	yes	yes	yes	no	yes
8509	yes	yes	yes	yes	no
8510	no	yes	yes	no	no
8511	yes	yes	yes	yes	yes
8512	no	yes	yes	yes	no
8513	yes	no	yes	yes	yes
8514	no	yes	yes	no	no
8515	yes	no	yes	yes	no
8516	yes	yes	yes	yes	yes
8517	yes	yes	yes	yes	no
8518	yes	no	no	yes	no
8519	yes	yes	no	yes	no
8520	yes	no	yes	yes	yes
8521	yes	yes	yes	no	no
8522	yes	yes	no	yes	yes
8523	yes	no	no	yes	yes
8524	yes	no	yes	no	yes
8525	yes	yes	no	yes	no
8526	yes	no	yes	yes	yes
8527	no	yes	yes	no	yes
8528	yes	yes	no	no	no
8529	no	no	no	no	no
8530	yes	no	yes	yes	yes
8531	yes	no	yes	yes	yes
8532	no	yes	no	no	no
8533	yes	no	yes	no	no
8534	no	yes	no	no	no
8535	yes	yes	no	no	no
8536	no	yes	yes	yes	yes
8537	no	yes	no	no	no
8538	yes	yes	yes	yes	no
8539	no	yes	yes	no	no
8540	yes	no	no	no	yes
8541	no	yes	no	no	no
8542	no	yes	yes	no	no
8543	yes	yes	yes	no	no
8544	yes	yes	yes	no	no
8545	yes	no	yes	yes	yes
8546	yes	no	no	yes	yes
8547	no	yes	yes	no	no
8548	no	yes	no	no	yes
8549	yes	no	no	no	yes
8550	yes	yes	yes	yes	yes
8551	yes	yes	no	yes	no
8552	yes	yes	yes	yes	yes
8553	no	no	no	yes	yes
8554	no	yes	yes	no	no
8555	no	yes	no	no	no
8556	yes	yes	yes	no	yes
8557	yes	no	no	yes	no
8558	yes	yes	no	yes	no
8559	no	yes	yes	yes	no
8560	no	yes	no	no	no
8561	no	yes	no	no	yes
8562	yes	no	yes	yes	yes
8563	no	yes	yes	no	yes
8564	no	yes	yes	no	yes
8565	no	no	yes	yes	no
8566	no	yes	no	no	no
8567	yes	yes	no	no	no
8568	no	no	yes	yes	yes
8569	yes	no	yes	yes	yes
8570	yes	no	yes	yes	yes
8571	yes	no	yes	yes	yes
8572	no	yes	no	no	no
8573	yes	yes	no	no	no
8574	yes	no	no	yes	no
8575	yes	yes	no	no	no
8576	yes	no	yes	yes	yes
8577	yes	yes	yes	no	yes
8578	yes	no	yes	yes	no
8579	no	yes	no	no	no
8580	no	no	yes	yes	yes
8581	yes	yes	no	no	no
8582	yes	yes	yes	yes	no
8583	no	yes	yes	yes	no
8584	no	no	yes	yes	yes
8585	yes	yes	yes	no	no
8586	yes	no	yes	yes	yes
8587	yes	yes	no	yes	no
8588	yes	no	yes	yes	yes
8589	yes	yes	no	yes	yes
8590	yes	no	yes	yes	yes
8591	yes	yes	yes	no	yes
8592	yes	no	yes	yes	yes
8593	no	yes	no	no	no
8594	yes	no	yes	yes	no
8595	no	yes	no	no	no
8596	yes	no	yes	yes	no
8597	no	yes	no	no	no
8598	yes	no	yes	yes	yes
8599	yes	yes	no	yes	yes
8600	yes	no	yes	yes	yes
8601	yes	no	yes	yes	no
8602	yes	yes	yes	no	yes
8603	yes	yes	no	no	yes
8604	no	yes	no	no	no
8605	yes	yes	yes	no	yes
8606	yes	no	yes	yes	no
8607	no	no	yes	no	no
8608	no	no	no	yes	yes
8609	yes	no	yes	yes	yes
8610	yes	yes	yes	no	no
8611	no	yes	yes	no	no
8612	yes	yes	yes	no	no
8613	no	yes	no	yes	yes
8614	no	yes	no	no	yes
8615	yes	no	no	yes	no
8616	no	no	no	yes	no
8617	yes	no	yes	no	no
8618	yes	yes	yes	yes	no
8619	yes	no	yes	no	yes
8620	yes	yes	yes	yes	yes
8621	yes	no	no	yes	yes
8622	yes	yes	no	yes	no
8623	yes	no	yes	yes	yes
8624	no	no	no	yes	no
8625	yes	no	no	yes	yes
8626	yes	yes	no	no	no
8627	no	yes	yes	yes	no
8628	yes	yes	no	no	no
8629	no	yes	yes	no	yes
8630	no	yes	no	no	no
8631	yes	yes	no	yes	no
8632	yes	yes	yes	yes	no
8633	no	no	yes	yes	yes
8634	yes	yes	yes	yes	yes
8635	no	yes	no	no	no
8636	yes	no	yes	yes	yes
8637	yes	yes	yes	no	no
8638	yes	yes	no	yes	no
8639	yes	yes	no	no	no
8640	yes	yes	yes	yes	yes
8641	yes	yes	no	no	no
8642	yes	yes	no	yes	yes
8643	yes	yes	yes	yes	yes
8644	yes	no	yes	yes	yes
8645	yes	no	yes	yes	yes
8646	yes	yes	yes	yes	yes
8647	yes	yes	no	yes	no
8648	yes	no	yes	yes	yes
8649	yes	yes	yes	yes	yes
8650	no	yes	no	no	no
8651	yes	yes	no	no	no
8652	yes	yes	yes	yes	no
8653	yes	no	yes	no	yes
8654	yes	no	yes	yes	yes
8655	yes	no	no	no	no
8656	no	yes	no	yes	no
8657	no	yes	no	no	no
8658	no	yes	no	yes	yes
8659	yes	no	yes	yes	yes
8660	yes	no	yes	yes	yes
8661	no	yes	yes	no	no
8662	yes	yes	no	yes	yes
8663	yes	no	yes	yes	no
8664	yes	no	yes	no	no
8665	yes	yes	no	no	no
8666	no	yes	no	no	no
8667	yes	yes	yes	no	yes
8668	no	yes	yes	no	yes
8669	yes	yes	no	no	no
8670	yes	no	yes	yes	yes
8671	no	yes	no	no	no
8672	yes	no	yes	yes	yes
8673	yes	no	no	yes	no
8674	no	yes	no	no	no
8675	yes	yes	no	yes	yes
8676	yes	yes	no	no	no
8677	yes	no	yes	yes	yes
8678	yes	no	yes	yes	yes
8679	yes	yes	yes	yes	yes
8680	yes	yes	no	no	no
8681	yes	no	yes	yes	yes
8682	yes	yes	yes	yes	no
8683	yes	yes	yes	no	no
8684	yes	no	yes	yes	yes
8685	no	yes	no	no	yes
8686	yes	yes	yes	no	no
8687	yes	yes	yes	yes	no
8688	yes	no	no	yes	yes
8689	yes	yes	no	yes	no
8690	no	yes	yes	no	no
8691	yes	no	yes	yes	yes
8692	no	no	yes	yes	yes
8693	yes	yes	no	yes	no
8694	no	no	yes	no	yes
8695	yes	no	no	yes	no
8696	yes	yes	yes	yes	no
8697	no	no	yes	no	yes
8698	yes	no	yes	yes	yes
8699	yes	no	yes	yes	yes
8700	yes	yes	no	no	yes
8701	no	yes	no	no	no
8702	no	yes	no	no	no
8703	yes	yes	no	yes	no
8704	yes	yes	yes	yes	no
8705	yes	no	yes	no	yes
8706	yes	no	no	no	yes
8707	yes	yes	no	yes	yes
8708	yes	yes	no	no	no
8709	yes	no	yes	yes	yes
8710	yes	no	yes	yes	yes
8711	yes	no	no	no	yes
8712	yes	no	yes	yes	yes
8713	no	no	no	yes	yes
8714	yes	yes	no	no	no
8715	no	no	yes	no	yes
8716	yes	yes	no	yes	no
8717	yes	yes	yes	no	no
8718	no	yes	no	no	no
8719	no	yes	no	yes	yes
8720	no	yes	no	yes	no
8721	no	yes	no	no	no
8722	yes	yes	yes	yes	no
8723	yes	no	yes	yes	yes
8724	no	yes	yes	no	no
8725	no	no	yes	no	no
8726	no	yes	yes	no	no
8727	yes	yes	no	yes	no
8728	yes	yes	no	yes	no
8729	yes	yes	no	no	no
8730	no	yes	yes	no	no
8731	no	yes	no	yes	no
8732	yes	yes	yes	yes	yes
8733	yes	no	yes	yes	no
8734	no	yes	yes	no	no
8735	no	no	yes	no	yes
8736	yes	no	no	yes	no
8737	yes	yes	no	no	no
8738	yes	no	no	no	yes
8739	no	yes	no	no	no
8740	yes	no	yes	yes	yes
8741	yes	yes	no	no	no
8742	yes	no	yes	yes	yes
8743	no	yes	no	no	no
8744	no	yes	yes	yes	no
8745	no	no	yes	no	no
8746	yes	yes	no	no	yes
8747	yes	yes	no	yes	yes
8748	yes	yes	yes	no	no
8749	yes	no	no	yes	yes
8750	yes	yes	yes	yes	no
8751	yes	yes	yes	no	no
8752	no	yes	no	no	yes
8753	yes	yes	no	no	no
8754	yes	yes	no	yes	no
8755	no	yes	no	no	no
8756	yes	yes	yes	no	no
8757	yes	no	yes	yes	yes
8758	no	yes	no	no	no
8759	yes	yes	no	yes	no
8760	no	yes	no	no	no
8761	yes	yes	yes	yes	yes
8762	yes	yes	yes	no	no
8763	yes	no	yes	yes	yes
8764	yes	yes	yes	yes	yes
8765	no	yes	yes	yes	yes
8766	yes	yes	no	no	no
8767	no	yes	yes	no	yes
8768	no	yes	yes	no	no
8769	yes	yes	no	yes	no
8770	yes	yes	no	no	no
8771	yes	yes	no	yes	no
8772	yes	yes	no	yes	no
8773	yes	yes	yes	no	no
8774	yes	yes	yes	yes	yes
8775	no	no	no	no	no
8776	no	yes	no	yes	yes
8777	yes	no	yes	yes	no
8778	no	yes	no	no	no
8779	no	no	no	no	yes
8780	no	yes	no	no	no
8781	no	yes	yes	yes	yes
8782	yes	yes	yes	yes	yes
8783	no	yes	yes	no	no
8784	yes	no	yes	yes	yes
8785	yes	no	no	yes	yes
8786	yes	no	yes	no	yes
8787	no	no	yes	yes	no
8788	no	yes	no	no	no
8789	yes	no	no	no	yes
8790	no	no	yes	no	no
8791	no	yes	no	no	no
8792	no	yes	yes	no	no
8793	no	yes	no	no	no
8794	no	yes	no	no	no
8795	yes	no	yes	no	no
8796	yes	yes	yes	yes	yes
8797	no	yes	yes	no	yes
8798	no	yes	yes	no	yes
8799	yes	yes	no	no	no
8800	yes	no	yes	no	yes
8801	yes	yes	no	no	no
8802	yes	no	yes	yes	yes
8803	no	yes	no	no	yes
8804	yes	no	no	yes	yes
8805	no	yes	yes	no	yes
8806	yes	yes	no	yes	yes
8807	no	yes	no	yes	no
8808	no	yes	no	yes	yes
8809	no	yes	no	yes	no
8810	no	yes	yes	no	no
8811	yes	yes	yes	no	no
8812	yes	no	yes	yes	yes
8813	no	no	no	no	yes
8814	no	yes	yes	no	yes
8815	yes	yes	yes	no	no
8816	yes	no	no	yes	no
8817	no	no	yes	no	no
8818	yes	yes	no	yes	yes
8819	yes	no	yes	yes	yes
8820	yes	yes	no	yes	no
8821	yes	yes	yes	yes	no
8822	yes	yes	no	yes	yes
8823	no	yes	no	no	no
8824	yes	yes	yes	no	no
8825	yes	yes	no	no	no
8826	yes	yes	yes	yes	yes
8827	yes	yes	yes	yes	no
8828	no	yes	no	yes	no
8829	yes	no	yes	no	yes
8830	yes	no	yes	yes	yes
8831	yes	no	yes	yes	yes
8832	no	yes	no	no	no
8833	yes	yes	yes	no	no
8834	no	yes	yes	no	no
8835	no	yes	no	yes	no
8836	yes	yes	yes	no	no
8837	no	yes	yes	yes	no
8838	no	no	no	no	no
8839	no	no	yes	yes	yes
8840	yes	no	yes	yes	yes
8841	yes	yes	no	no	yes
8842	no	yes	yes	yes	no
8843	yes	no	yes	yes	yes
8844	yes	no	yes	yes	yes
8845	yes	no	yes	yes	no
8846	no	yes	no	yes	no
8847	yes	yes	yes	yes	no
8848	no	yes	yes	no	no
8849	yes	no	yes	yes	yes
8850	yes	yes	yes	yes	no
8851	yes	no	yes	yes	yes
8852	yes	no	no	yes	no
8853	yes	yes	yes	yes	no
8854	yes	no	yes	yes	yes
8855	yes	no	yes	yes	yes
8856	yes	no	yes	yes	no
8857	yes	no	yes	yes	yes
8858	no	yes	yes	no	yes
8859	yes	no	no	no	no
8860	no	yes	no	no	yes
8861	yes	no	yes	yes	yes
8862	yes	yes	yes	no	no
8863	yes	yes	yes	no	no
8864	yes	no	yes	yes	yes
8865	yes	yes	yes	no	no
8866	yes	yes	no	no	no
8867	no	yes	no	no	no
8868	yes	yes	yes	yes	yes
8869	yes	yes	no	no	no
8870	yes	no	no	yes	yes
8871	no	no	no	yes	no
8872	no	yes	no	no	no
8873	yes	yes	yes	yes	no
8874	yes	yes	yes	no	no
8875	no	yes	yes	yes	yes
8876	yes	no	yes	no	yes
8877	yes	no	yes	yes	no
8878	no	no	no	yes	no
8879	yes	yes	yes	no	no
8880	yes	no	yes	yes	yes
8881	no	yes	no	no	yes
8882	yes	no	no	no	no
8883	yes	yes	no	yes	no
8884	no	yes	no	no	no
8885	yes	yes	no	yes	yes
8886	no	yes	yes	yes	yes
8887	no	yes	no	no	no
8888	yes	no	no	no	yes
8889	no	yes	no	yes	no
8890	yes	yes	yes	no	no
8891	yes	yes	yes	no	yes
8892	no	yes	no	no	no
8893	yes	yes	no	yes	yes
8894	no	yes	yes	yes	yes
8895	no	yes	yes	no	no
8896	no	yes	yes	no	no
8897	yes	yes	no	no	no
8898	no	no	no	no	no
8899	yes	yes	no	no	no
8900	yes	yes	no	yes	no
8901	no	no	no	no	yes
8902	yes	no	yes	yes	no
8903	yes	yes	no	yes	no
8904	no	yes	no	yes	no
8905	yes	no	yes	yes	yes
8906	no	yes	yes	yes	yes
8907	no	yes	no	yes	yes
8908	no	yes	no	yes	no
8909	yes	yes	no	yes	yes
8910	yes	no	yes	yes	yes
8911	yes	no	no	yes	yes
8912	yes	yes	yes	yes	yes
8913	yes	yes	yes	no	yes
8914	no	yes	no	no	no
8915	yes	yes	no	no	no
8916	no	yes	no	no	no
8917	yes	yes	yes	no	no
8918	no	yes	no	yes	no
8919	no	yes	no	yes	yes
8920	no	yes	yes	no	no
8921	yes	yes	no	yes	yes
8922	no	yes	no	no	no
8923	yes	no	yes	yes	yes
8924	no	yes	no	no	no
8925	no	yes	yes	yes	yes
8926	no	yes	yes	no	no
8927	yes	yes	no	no	no
8928	no	yes	no	yes	no
8929	no	yes	no	no	no
8930	yes	no	no	yes	no
8931	yes	yes	no	no	no
8932	no	yes	yes	no	no
8933	yes	yes	no	no	no
8934	yes	no	yes	yes	yes
8935	no	yes	no	no	no
8936	no	yes	no	no	no
8937	yes	yes	yes	no	no
8938	yes	no	yes	yes	yes
8939	yes	yes	yes	no	yes
8940	yes	no	yes	yes	yes
8941	yes	no	yes	no	yes
8942	yes	no	yes	no	no
8943	yes	yes	yes	yes	yes
8944	no	yes	yes	no	no
8945	yes	yes	yes	yes	yes
8946	no	yes	yes	no	no
8947	no	yes	no	no	no
8948	no	yes	yes	no	no
8949	no	yes	no	no	no
8950	no	no	yes	yes	yes
8951	no	no	no	no	yes
8952	no	no	yes	yes	no
8953	yes	yes	no	yes	no
8954	no	yes	no	no	no
8955	yes	yes	yes	yes	no
8956	yes	no	no	yes	yes
8957	yes	yes	no	no	no
8958	yes	yes	yes	no	yes
8959	yes	no	no	yes	yes
8960	yes	yes	yes	no	no
8961	no	no	yes	yes	yes
8962	no	yes	yes	yes	no
8963	yes	no	yes	yes	yes
8964	no	no	no	yes	no
8965	yes	no	no	no	yes
8966	yes	no	yes	no	no
8967	no	yes	no	no	no
8968	yes	no	yes	yes	yes
8969	yes	yes	yes	yes	yes
8970	no	yes	no	no	no
8971	yes	no	yes	yes	yes
8972	yes	yes	no	yes	no
8973	yes	yes	no	yes	no
8974	yes	no	yes	yes	yes
8975	yes	yes	no	yes	no
8976	no	yes	yes	no	yes
8977	no	yes	yes	yes	no
8978	no	yes	yes	no	no
8979	no	yes	no	no	no
8980	no	no	no	no	yes
8981	yes	yes	no	no	no
8982	yes	yes	no	yes	no
8983	no	yes	no	no	no
8984	no	yes	no	yes	yes
8985	yes	no	yes	yes	yes
8986	no	yes	yes	no	no
8987	no	yes	no	no	no
8988	yes	no	no	yes	yes
8989	no	no	yes	yes	no
8990	yes	yes	no	yes	yes
8991	no	yes	no	no	no
8992	no	yes	no	no	no
8993	yes	no	yes	yes	yes
8994	no	yes	no	no	yes
8995	yes	yes	no	yes	no
8996	no	yes	no	no	no
8997	yes	yes	no	yes	no
8998	yes	yes	no	no	no
8999	no	no	yes	no	no
9000	no	yes	no	no	yes
9001	yes	yes	yes	no	no
9002	yes	yes	yes	yes	no
9003	no	yes	no	no	no
9004	no	yes	no	no	yes
9005	yes	yes	yes	yes	yes
9006	no	no	yes	no	no
9007	yes	no	yes	yes	yes
9008	yes	no	no	yes	no
9009	yes	yes	no	no	yes
9010	no	yes	no	no	yes
9011	no	no	yes	no	no
9012	no	yes	yes	yes	yes
9013	yes	yes	no	no	no
9014	yes	yes	yes	yes	yes
9015	no	yes	no	yes	no
9016	yes	no	no	yes	no
9017	no	yes	no	yes	no
9018	yes	yes	yes	no	no
9019	no	yes	no	yes	no
9020	yes	yes	yes	no	no
9021	yes	yes	no	no	yes
9022	no	yes	no	no	no
9023	yes	no	yes	yes	yes
9024	no	no	yes	no	yes
9025	yes	no	no	no	yes
9026	no	yes	no	no	no
9027	no	yes	no	no	no
9028	yes	no	yes	yes	yes
9029	yes	no	yes	yes	yes
9030	no	no	yes	yes	yes
9031	yes	yes	yes	yes	yes
9032	no	yes	no	yes	yes
9033	no	yes	no	yes	yes
9034	yes	no	yes	no	yes
9035	yes	no	yes	yes	yes
9036	yes	no	yes	yes	yes
9037	yes	no	yes	yes	yes
9038	no	no	yes	yes	yes
9039	no	yes	yes	no	no
9040	yes	no	yes	yes	no
9041	no	yes	no	no	no
9042	yes	no	yes	yes	yes
9043	no	yes	yes	no	yes
9044	yes	no	yes	yes	yes
9045	no	yes	no	no	no
9046	yes	yes	no	no	yes
9047	no	yes	no	yes	no
9048	yes	yes	yes	yes	yes
9049	yes	no	yes	yes	yes
9050	yes	yes	yes	yes	yes
9051	no	yes	yes	no	no
9052	no	yes	yes	no	no
9053	yes	yes	yes	no	no
9054	yes	yes	yes	no	no
9055	yes	yes	no	no	no
9056	yes	yes	yes	no	no
9057	no	yes	no	no	no
9058	yes	yes	no	yes	no
9059	no	yes	no	yes	no
9060	yes	no	yes	yes	yes
9061	yes	no	yes	yes	yes
9062	yes	yes	yes	yes	yes
9063	yes	yes	no	no	yes
9064	yes	yes	no	no	yes
9065	yes	no	yes	no	no
9066	yes	yes	yes	yes	yes
9067	yes	yes	no	no	no
9068	no	yes	no	no	yes
9069	yes	yes	no	yes	yes
9070	no	yes	no	no	no
9071	yes	yes	no	yes	no
9072	no	yes	no	no	no
9073	yes	no	yes	yes	yes
9074	yes	no	yes	yes	no
9075	yes	no	yes	no	no
9076	yes	no	no	yes	yes
9077	yes	no	yes	yes	yes
9078	no	yes	no	no	no
9079	yes	no	yes	yes	yes
9080	yes	yes	no	no	yes
9081	yes	yes	no	yes	no
9082	yes	yes	no	no	no
9083	yes	yes	yes	no	no
9084	yes	no	yes	no	yes
9085	no	yes	yes	yes	no
9086	yes	no	no	yes	yes
9087	yes	no	yes	no	no
9088	yes	no	no	yes	no
9089	no	yes	no	yes	no
9090	yes	no	yes	yes	yes
9091	yes	no	yes	yes	yes
9092	no	yes	no	no	no
9093	no	yes	no	no	no
9094	no	no	yes	yes	yes
9095	yes	no	yes	no	yes
9096	yes	no	yes	yes	yes
9097	yes	no	no	no	no
9098	no	yes	no	no	yes
9099	yes	no	no	yes	yes
9100	yes	no	yes	yes	yes
9101	yes	yes	yes	no	no
9102	no	no	yes	yes	no
9103	yes	no	yes	yes	yes
9104	no	yes	no	no	no
9105	yes	no	yes	yes	yes
9106	no	no	no	no	yes
9107	yes	no	no	no	no
9108	no	no	yes	yes	yes
9109	yes	yes	yes	yes	yes
9110	yes	no	no	no	yes
9111	no	no	no	no	yes
9112	yes	no	yes	yes	yes
9113	yes	yes	yes	yes	no
9114	yes	no	yes	yes	yes
9115	no	yes	no	yes	no
9116	yes	no	yes	yes	yes
9117	yes	no	yes	yes	yes
9118	yes	yes	yes	yes	yes
9119	yes	yes	no	no	no
9120	yes	yes	yes	no	yes
9121	yes	no	yes	yes	no
9122	yes	yes	no	no	no
9123	no	yes	no	no	no
9124	yes	no	yes	no	no
9125	yes	yes	no	no	no
9126	yes	no	yes	yes	yes
9127	yes	yes	yes	yes	yes
9128	yes	yes	no	yes	no
9129	no	yes	yes	yes	yes
9130	yes	yes	no	yes	no
9131	yes	no	no	yes	no
9132	no	no	no	no	yes
9133	yes	yes	yes	yes	no
9134	yes	no	no	no	yes
9135	no	yes	no	no	no
9136	yes	yes	no	no	yes
9137	yes	no	yes	yes	yes
9138	yes	yes	no	no	no
9139	yes	yes	yes	yes	yes
9140	no	yes	yes	no	no
9141	no	yes	no	no	yes
9142	yes	no	yes	yes	yes
9143	yes	yes	yes	yes	no
9144	yes	no	yes	yes	yes
9145	yes	yes	yes	yes	yes
9146	no	yes	no	yes	no
9147	no	yes	yes	no	yes
9148	yes	no	yes	yes	yes
9149	no	yes	no	no	no
9150	no	no	yes	no	no
9151	no	yes	no	no	no
9152	yes	no	yes	yes	yes
9153	yes	no	yes	yes	yes
9154	no	no	yes	no	yes
9155	yes	yes	no	yes	no
9156	yes	no	yes	yes	yes
9157	yes	yes	no	no	no
9158	yes	yes	yes	no	no
9159	no	yes	no	no	no
9160	no	no	no	yes	no
9161	yes	no	yes	yes	yes
9162	yes	no	no	yes	no
9163	no	no	no	no	no
9164	yes	yes	yes	yes	yes
9165	yes	yes	no	no	no
9166	no	yes	yes	no	yes
9167	yes	yes	yes	yes	no
9168	yes	yes	no	yes	no
9169	yes	yes	yes	yes	yes
9170	yes	no	yes	yes	no
9171	yes	yes	no	no	no
9172	yes	no	yes	no	no
9173	yes	yes	no	no	no
9174	no	yes	no	no	yes
9175	yes	yes	no	yes	no
9176	no	yes	no	yes	yes
9177	yes	yes	yes	no	no
9178	yes	yes	no	yes	yes
9179	no	yes	no	no	no
9180	yes	no	yes	yes	no
9181	no	no	no	yes	no
9182	no	yes	yes	yes	no
9183	yes	yes	yes	no	yes
9184	yes	yes	yes	yes	yes
9185	yes	no	yes	yes	yes
9186	yes	no	yes	yes	yes
9187	yes	yes	no	no	yes
9188	yes	no	no	yes	yes
9189	no	yes	no	no	no
9190	yes	no	yes	yes	yes
9191	yes	no	no	yes	no
9192	no	yes	yes	no	yes
9193	no	yes	no	no	no
9194	yes	yes	no	no	no
9195	yes	no	no	yes	no
9196	no	yes	yes	yes	no
9197	yes	yes	no	no	no
9198	yes	yes	no	yes	yes
9199	no	no	no	yes	yes
9200	yes	yes	yes	yes	yes
9201	yes	yes	no	no	no
9202	yes	yes	yes	yes	yes
9203	no	yes	no	yes	no
9204	yes	no	yes	yes	yes
9205	yes	no	yes	yes	yes
9206	yes	yes	no	yes	no
9207	no	yes	yes	no	no
9208	yes	no	no	no	yes
9209	yes	no	yes	yes	yes
9210	no	no	yes	no	yes
9211	yes	yes	no	yes	no
9212	yes	yes	no	yes	no
9213	yes	no	yes	yes	yes
9214	no	yes	yes	no	no
9215	yes	yes	no	no	no
9216	yes	yes	no	yes	yes
9217	no	yes	no	yes	no
9218	yes	no	yes	yes	yes
9219	yes	no	no	no	no
9220	yes	no	yes	yes	yes
9221	no	yes	yes	no	no
9222	yes	no	no	yes	yes
9223	no	no	no	yes	no
9224	yes	yes	yes	yes	yes
9225	yes	yes	yes	yes	yes
9226	no	yes	yes	yes	no
9227	no	yes	no	no	no
9228	yes	yes	yes	yes	yes
9229	yes	yes	yes	yes	yes
9230	yes	yes	no	no	no
9231	no	yes	yes	no	yes
9232	yes	no	no	yes	no
9233	no	yes	no	no	no
9234	yes	no	yes	yes	yes
9235	yes	yes	yes	yes	no
9236	no	yes	yes	no	yes
9237	yes	yes	no	yes	yes
9238	no	no	yes	no	no
9239	yes	yes	yes	yes	yes
9240	yes	no	yes	yes	no
9241	yes	yes	yes	no	no
9242	yes	no	no	yes	yes
9243	yes	no	yes	yes	yes
9244	yes	yes	yes	yes	yes
9245	yes	no	no	yes	yes
9246	yes	no	yes	yes	yes
9247	yes	yes	no	no	yes
9248	no	yes	yes	no	no
9249	yes	no	no	yes	yes
9250	yes	yes	no	yes	no
9251	yes	yes	no	yes	no
9252	no	yes	no	no	no
9253	yes	no	no	no	yes
9254	yes	yes	yes	no	no
9255	no	yes	no	yes	yes
9256	yes	yes	yes	yes	yes
9257	yes	no	yes	yes	no
9258	yes	yes	no	yes	yes
9259	no	yes	no	no	no
9260	yes	yes	yes	yes	yes
9261	no	yes	no	no	no
9262	no	no	yes	no	yes
9263	yes	no	yes	yes	yes
9264	no	yes	no	yes	no
9265	yes	yes	no	yes	no
9266	no	yes	no	no	no
9267	yes	yes	no	no	no
9268	yes	no	yes	yes	yes
9269	yes	yes	no	yes	no
9270	yes	yes	yes	no	yes
9271	no	yes	no	no	yes
9272	yes	no	no	no	yes
9273	yes	yes	no	yes	no
9274	no	yes	no	yes	yes
9275	no	yes	no	no	no
9276	yes	no	yes	no	no
9277	yes	no	yes	yes	yes
9278	no	no	yes	yes	yes
9279	no	yes	yes	yes	no
9280	no	yes	no	no	no
9281	no	yes	yes	no	yes
9282	no	yes	no	no	no
9283	yes	yes	yes	no	no
9284	no	yes	no	no	no
9285	yes	yes	no	yes	no
9286	no	yes	yes	yes	yes
9287	yes	no	no	yes	yes
9288	yes	yes	no	yes	yes
9289	no	yes	no	no	yes
9290	yes	yes	no	yes	no
9291	no	no	no	no	yes
9292	no	yes	no	no	no
9293	no	yes	yes	no	no
9294	yes	no	yes	no	yes
9295	no	yes	yes	yes	yes
9296	yes	yes	no	yes	yes
9297	yes	yes	yes	yes	yes
9298	no	yes	yes	yes	no
9299	no	yes	yes	yes	yes
9300	yes	yes	no	no	no
9301	yes	no	yes	yes	yes
9302	yes	no	yes	no	yes
9303	yes	yes	yes	no	yes
9304	no	yes	no	yes	no
9305	no	no	yes	yes	yes
9306	yes	no	yes	no	no
9307	no	yes	yes	yes	yes
9308	yes	no	yes	yes	yes
9309	yes	yes	no	yes	yes
9310	no	yes	no	no	no
9311	no	yes	no	no	no
9312	yes	yes	no	no	yes
9313	yes	no	yes	yes	yes
9314	yes	no	yes	yes	yes
9315	no	no	yes	yes	no
9316	yes	yes	yes	yes	no
9317	yes	yes	yes	no	yes
9318	yes	no	yes	no	no
9319	yes	yes	yes	no	yes
9320	no	yes	yes	yes	no
9321	yes	yes	no	no	no
9322	no	yes	yes	no	yes
9323	yes	no	yes	yes	yes
9324	yes	yes	no	no	no
9325	yes	no	yes	yes	yes
9326	no	yes	no	no	no
9327	yes	yes	yes	yes	yes
9328	yes	yes	yes	yes	yes
9329	no	yes	yes	yes	yes
9330	yes	yes	no	no	no
9331	yes	yes	no	yes	no
9332	no	no	no	yes	yes
9333	no	no	yes	yes	no
9334	no	yes	no	no	no
9335	yes	yes	yes	no	no
9336	yes	yes	no	no	no
9337	no	yes	no	no	yes
9338	no	yes	yes	yes	yes
9339	yes	yes	no	yes	no
9340	yes	yes	no	no	no
9341	yes	yes	no	yes	no
9342	no	no	no	no	yes
9343	yes	yes	no	no	yes
9344	no	yes	no	no	no
9345	no	yes	yes	no	no
9346	no	yes	no	no	no
9347	yes	yes	no	yes	no
9348	yes	no	no	yes	yes
9349	yes	no	yes	no	no
9350	yes	no	yes	yes	yes
9351	no	yes	no	no	no
9352	no	yes	yes	no	no
9353	yes	no	no	yes	no
9354	yes	no	no	yes	no
9355	yes	yes	no	yes	no
9356	yes	no	no	no	no
9357	no	yes	no	yes	yes
9358	yes	yes	yes	no	yes
9359	yes	no	yes	yes	no
9360	yes	yes	yes	yes	no
9361	yes	no	yes	no	yes
9362	yes	yes	no	yes	no
9363	no	yes	no	no	no
9364	yes	yes	yes	yes	yes
9365	yes	yes	yes	yes	no
9366	no	yes	yes	no	no
9367	yes	no	yes	yes	yes
9368	yes	yes	yes	no	no
9369	yes	yes	yes	yes	yes
9370	no	yes	no	yes	no
9371	yes	no	yes	no	yes
9372	yes	yes	yes	yes	yes
9373	yes	yes	no	yes	no
9374	no	yes	no	yes	no
9375	yes	no	no	no	yes
9376	yes	yes	yes	yes	no
9377	no	yes	yes	yes	no
9378	yes	no	yes	yes	no
9379	yes	yes	no	no	yes
9380	yes	no	yes	no	no
9381	yes	no	yes	yes	yes
9382	yes	no	yes	yes	yes
9383	yes	no	no	no	yes
9384	yes	yes	yes	yes	yes
9385	no	no	yes	no	no
9386	no	yes	no	yes	yes
9387	yes	yes	yes	yes	yes
9388	no	yes	no	no	no
9389	yes	no	yes	yes	yes
9390	yes	no	yes	yes	no
9391	yes	no	yes	yes	no
9392	yes	no	no	yes	yes
9393	yes	yes	yes	no	no
9394	no	yes	no	no	no
9395	yes	no	no	no	no
9396	yes	yes	yes	no	no
9397	yes	yes	yes	yes	yes
9398	yes	yes	yes	yes	no
9399	no	yes	no	no	no
9400	yes	yes	yes	yes	yes
9401	yes	yes	no	yes	yes
9402	yes	yes	no	yes	no
9403	yes	yes	no	yes	no
9404	yes	no	no	yes	no
9405	no	yes	no	no	no
9406	yes	no	yes	no	yes
9407	yes	no	yes	yes	yes
9408	yes	no	yes	yes	yes
9409	yes	no	yes	yes	no
9410	yes	no	yes	no	no
9411	yes	yes	yes	yes	no
9412	yes	yes	no	no	no
9413	yes	no	yes	yes	no
9414	no	yes	no	no	no
9415	no	yes	no	no	no
9416	yes	no	yes	yes	yes
9417	no	no	no	no	no
9418	yes	yes	yes	yes	no
9419	yes	no	yes	yes	yes
9420	yes	yes	yes	yes	no
9421	yes	no	no	yes	yes
9422	no	no	yes	yes	no
9423	no	yes	no	no	yes
9424	yes	yes	yes	yes	yes
9425	yes	yes	yes	yes	yes
9426	yes	yes	yes	yes	yes
9427	no	yes	no	no	no
9428	no	no	no	no	yes
9429	yes	yes	yes	yes	yes
9430	no	yes	no	no	no
9431	yes	yes	no	no	no
9432	no	no	no	no	yes
9433	yes	yes	no	no	no
9434	no	no	yes	yes	yes
9435	yes	yes	no	no	no
9436	no	yes	no	no	yes
9437	yes	yes	no	no	yes
9438	yes	yes	no	no	yes
9439	no	yes	no	no	no
9440	yes	no	yes	yes	yes
9441	yes	yes	yes	no	no
9442	yes	no	no	no	yes
9443	yes	no	yes	yes	yes
9444	yes	no	yes	yes	yes
9445	yes	no	yes	yes	yes
9446	yes	yes	yes	yes	no
9447	no	yes	no	no	yes
9448	no	no	yes	yes	yes
9449	yes	no	yes	yes	yes
9450	yes	no	yes	yes	yes
9451	yes	yes	yes	no	no
9452	no	yes	no	yes	no
9453	no	yes	no	no	no
9454	yes	yes	yes	no	no
9455	no	yes	no	no	yes
9456	yes	yes	yes	yes	no
9457	yes	no	yes	yes	no
9458	yes	yes	yes	yes	yes
9459	no	yes	no	no	yes
9460	yes	yes	yes	yes	yes
9461	yes	yes	no	no	no
9462	yes	yes	no	yes	no
9463	yes	yes	no	no	yes
9464	no	yes	no	no	no
9465	no	yes	yes	no	yes
9466	no	no	yes	no	no
9467	no	yes	no	no	no
9468	yes	no	no	no	yes
9469	yes	yes	yes	no	no
9470	no	no	yes	no	yes
9471	no	yes	no	no	yes
9472	yes	no	no	yes	yes
9473	yes	no	yes	yes	yes
9474	yes	no	yes	yes	yes
9475	no	yes	no	no	no
9476	yes	yes	no	yes	no
9477	yes	no	yes	yes	yes
9478	no	yes	yes	no	yes
9479	yes	yes	yes	yes	yes
9480	yes	no	no	no	no
9481	no	no	no	yes	no
9482	no	no	no	no	no
9483	yes	yes	no	yes	no
9484	no	yes	yes	yes	yes
9485	yes	yes	yes	yes	yes
9486	yes	no	no	yes	yes
9487	no	yes	no	no	no
9488	no	yes	yes	no	yes
9489	yes	yes	yes	yes	yes
9490	no	no	no	yes	yes
9491	yes	yes	no	no	no
9492	yes	yes	yes	yes	yes
9493	yes	no	no	yes	no
9494	no	no	yes	yes	no
9495	no	yes	yes	no	no
9496	yes	no	yes	yes	yes
9497	yes	yes	yes	yes	yes
9498	no	yes	no	yes	no
9499	yes	yes	yes	no	no
9500	yes	yes	yes	no	no
9501	yes	yes	yes	no	yes
9502	yes	yes	no	no	no
9503	yes	yes	yes	yes	yes
9504	no	yes	no	no	no
9505	no	yes	no	no	no
9506	yes	no	no	yes	no
9507	no	yes	no	yes	no
9508	yes	yes	yes	yes	no
9509	yes	no	yes	yes	yes
9510	yes	no	no	no	yes
9511	no	yes	no	no	no
9512	no	yes	no	no	no
9513	yes	yes	yes	yes	yes
9514	yes	yes	no	no	no
9515	no	yes	no	no	no
9516	yes	yes	no	yes	yes
9517	yes	no	yes	yes	no
9518	yes	no	yes	yes	yes
9519	yes	no	yes	yes	yes
9520	no	no	yes	no	yes
9521	no	yes	yes	no	no
9522	no	yes	yes	no	yes
9523	yes	yes	no	yes	yes
9524	yes	yes	yes	yes	yes
9525	yes	no	yes	yes	no
9526	yes	yes	no	no	no
9527	yes	no	yes	yes	yes
9528	yes	yes	yes	no	yes
9529	yes	no	yes	yes	yes
9530	no	yes	no	no	no
9531	yes	yes	yes	yes	yes
9532	yes	yes	no	no	no
9533	no	no	no	no	yes
9534	yes	yes	no	yes	yes
9535	yes	yes	no	no	yes
9536	yes	yes	no	yes	yes
9537	no	no	yes	yes	no
9538	no	yes	yes	no	no
9539	yes	yes	yes	yes	no
9540	yes	yes	yes	yes	yes
9541	yes	no	yes	no	no
9542	yes	yes	yes	yes	yes
9543	no	yes	no	no	no
9544	yes	no	yes	no	yes
9545	yes	no	no	yes	yes
9546	yes	no	no	yes	yes
9547	yes	yes	no	yes	no
9548	no	yes	no	no	no
9549	no	yes	yes	no	no
9550	no	yes	yes	no	no
9551	yes	yes	yes	yes	no
9552	no	yes	yes	no	no
9553	no	yes	no	no	no
9554	yes	yes	yes	yes	yes
9555	no	yes	no	no	no
9556	no	yes	no	no	no
9557	yes	yes	no	no	no
9558	yes	no	yes	yes	yes
9559	yes	no	yes	no	no
9560	no	yes	no	no	no
9561	no	no	yes	no	no
9562	yes	yes	no	yes	yes
9563	yes	no	no	no	yes
9564	yes	no	yes	yes	yes
9565	yes	yes	no	no	no
9566	yes	yes	yes	yes	yes
9567	yes	yes	no	yes	yes
9568	yes	no	yes	yes	yes
9569	yes	no	no	yes	no
9570	no	yes	yes	no	yes
9571	no	yes	no	no	no
9572	yes	no	yes	yes	no
9573	yes	no	no	yes	yes
9574	no	yes	yes	no	yes
9575	no	yes	yes	no	yes
9576	no	yes	no	no	no
9577	no	yes	yes	no	no
9578	yes	no	yes	no	yes
9579	yes	yes	no	yes	no
9580	no	yes	yes	yes	yes
9581	no	yes	no	yes	no
9582	no	no	yes	yes	yes
9583	no	yes	yes	no	no
9584	yes	yes	no	yes	yes
9585	no	yes	no	no	no
9586	yes	yes	yes	yes	yes
9587	no	yes	yes	no	no
9588	no	yes	no	no	yes
9589	yes	yes	no	no	no
9590	yes	yes	yes	yes	yes
9591	yes	yes	no	yes	yes
9592	no	no	no	no	no
9593	yes	yes	yes	no	no
9594	no	yes	no	yes	no
9595	yes	no	yes	yes	yes
9596	no	yes	no	no	no
9597	no	yes	yes	no	yes
9598	no	yes	no	no	no
9599	no	yes	yes	no	yes
9600	yes	no	no	yes	yes
9601	yes	yes	no	yes	no
9602	yes	yes	yes	no	no
9603	no	yes	no	no	no
9604	yes	no	yes	no	no
9605	yes	no	yes	yes	no
9606	no	yes	no	no	no
9607	no	yes	no	no	yes
9608	yes	yes	yes	no	yes
9609	no	yes	no	no	no
9610	yes	yes	yes	no	yes
9611	no	yes	no	no	no
9612	yes	yes	yes	yes	yes
9613	yes	yes	yes	yes	no
9614	yes	no	yes	yes	yes
9615	yes	yes	yes	yes	yes
9616	no	yes	no	no	no
9617	yes	yes	no	no	no
9618	no	yes	no	no	yes
9619	yes	yes	no	no	yes
9620	yes	yes	yes	yes	yes
9621	yes	yes	no	no	no
9622	yes	yes	no	no	no
9623	yes	no	yes	yes	yes
9624	no	yes	yes	no	no
9625	no	yes	no	no	no
9626	yes	no	yes	yes	yes
9627	yes	yes	no	yes	no
9628	yes	yes	yes	yes	no
9629	yes	yes	yes	no	no
9630	no	yes	yes	no	no
9631	no	yes	no	yes	no
9632	yes	yes	yes	yes	no
9633	yes	yes	yes	yes	yes
9634	yes	no	no	yes	yes
9635	yes	no	yes	yes	yes
9636	no	yes	no	yes	yes
9637	yes	yes	yes	yes	no
9638	no	no	yes	no	yes
9639	yes	no	no	no	no
9640	yes	yes	no	yes	no
9641	yes	yes	yes	no	no
9642	no	no	no	yes	no
9643	yes	yes	no	no	yes
9644	yes	yes	no	no	yes
9645	yes	yes	no	yes	yes
9646	yes	yes	yes	yes	yes
9647	yes	no	yes	yes	yes
9648	yes	no	yes	yes	yes
9649	yes	yes	yes	yes	no
9650	yes	yes	yes	yes	yes
9651	yes	yes	no	no	no
9652	no	yes	no	no	no
9653	yes	yes	no	no	no
9654	no	no	yes	yes	yes
9655	yes	no	no	yes	no
9656	no	yes	no	no	no
9657	yes	yes	no	no	yes
9658	no	no	no	no	yes
9659	no	yes	yes	no	no
9660	yes	yes	no	yes	no
9661	yes	yes	no	yes	yes
9662	no	yes	no	no	yes
9663	yes	yes	no	no	no
9664	yes	yes	yes	yes	yes
9665	yes	yes	no	no	no
9666	no	yes	no	no	yes
9667	no	yes	yes	no	yes
9668	yes	yes	yes	yes	no
9669	no	yes	no	no	no
9670	yes	yes	no	yes	no
9671	yes	no	no	yes	no
9672	yes	yes	no	yes	no
9673	yes	yes	no	yes	no
9674	yes	no	yes	yes	yes
9675	yes	yes	yes	yes	no
9676	yes	yes	no	no	no
9677	no	yes	no	no	yes
9678	yes	no	yes	yes	no
9679	no	yes	no	no	no
9680	yes	yes	yes	yes	yes
9681	no	yes	yes	no	no
9682	yes	no	yes	yes	yes
9683	no	yes	no	no	no
9684	yes	no	yes	no	yes
9685	yes	yes	no	no	no
9686	yes	no	yes	yes	yes
9687	no	no	yes	yes	yes
9688	yes	yes	yes	no	no
9689	yes	no	no	yes	yes
9690	yes	no	no	yes	yes
9691	no	yes	yes	no	no
9692	yes	no	yes	no	yes
9693	no	yes	yes	no	no
9694	no	yes	no	no	no
9695	yes	no	yes	no	no
9696	no	yes	yes	no	yes
9697	no	yes	no	no	no
9698	yes	yes	no	yes	yes
9699	no	yes	yes	yes	no
9700	no	yes	yes	no	yes
9701	yes	yes	no	no	yes
9702	yes	no	yes	no	yes
9703	yes	yes	yes	yes	no
9704	no	yes	no	yes	no
9705	yes	yes	no	yes	yes
9706	no	yes	no	no	no
9707	no	yes	yes	no	no
9708	no	yes	yes	no	yes
9709	yes	yes	yes	yes	no
9710	no	no	no	yes	no
9711	no	yes	no	yes	yes
9712	yes	yes	no	yes	no
9713	yes	no	yes	no	no
9714	yes	no	yes	no	no
9715	no	no	yes	yes	no
9716	no	no	yes	yes	yes
9717	yes	yes	yes	yes	yes
9718	yes	no	yes	yes	yes
9719	yes	yes	yes	yes	yes
9720	yes	yes	yes	no	yes
9721	yes	no	yes	no	yes
9722	no	yes	yes	no	no
9723	no	no	yes	yes	no
9724	yes	no	yes	no	no
9725	no	yes	no	no	no
9726	yes	yes	no	yes	no
9727	yes	yes	no	yes	no
9728	yes	yes	yes	no	no
9729	no	yes	yes	no	no
9730	yes	no	yes	yes	yes
9731	yes	no	no	yes	no
9732	yes	no	yes	yes	yes
9733	yes	yes	no	yes	yes
9734	yes	no	yes	yes	yes
9735	yes	yes	no	yes	yes
9736	yes	yes	no	no	no
9737	yes	no	yes	yes	yes
9738	yes	yes	yes	yes	no
9739	yes	yes	yes	no	no
9740	yes	yes	yes	yes	yes
9741	yes	yes	no	no	yes
9742	no	yes	no	no	no
9743	no	yes	yes	no	no
9744	yes	no	yes	no	no
9745	no	yes	yes	yes	no
9746	yes	yes	yes	no	no
9747	yes	no	yes	yes	yes
9748	no	no	no	yes	no
9749	no	no	yes	yes	no
9750	yes	yes	yes	yes	no
9751	yes	no	yes	yes	yes
9752	yes	no	yes	yes	no
9753	no	no	no	no	yes
9754	yes	yes	yes	yes	yes
9755	yes	yes	yes	yes	yes
9756	no	yes	no	no	no
9757	no	yes	no	yes	yes
9758	yes	yes	no	no	no
9759	yes	yes	no	no	no
9760	no	yes	yes	no	no
9761	yes	no	yes	yes	yes
9762	yes	yes	no	yes	yes
9763	no	yes	no	yes	no
9764	no	no	yes	no	no
9765	no	yes	yes	no	yes
9766	yes	no	no	no	no
9767	yes	yes	no	no	yes
9768	yes	yes	yes	no	no
9769	yes	no	no	yes	yes
9770	yes	yes	yes	no	no
9771	yes	yes	no	yes	yes
9772	no	yes	no	no	no
9773	yes	yes	no	no	no
9774	no	yes	no	no	no
9775	no	no	yes	no	yes
9776	no	no	yes	no	no
9777	no	no	yes	no	yes
9778	yes	yes	no	yes	no
9779	yes	no	no	yes	no
9780	yes	no	no	no	no
9781	yes	no	no	yes	no
9782	yes	yes	no	no	yes
9783	no	no	yes	no	yes
9784	yes	yes	yes	no	no
9785	yes	yes	yes	yes	yes
9786	yes	yes	yes	yes	no
9787	yes	no	yes	yes	yes
9788	no	no	no	no	yes
9789	yes	yes	no	no	no
9790	yes	yes	yes	yes	no
9791	no	yes	no	no	no
9792	yes	yes	yes	no	no
9793	yes	yes	no	no	yes
9794	no	yes	yes	no	no
9795	no	no	yes	no	no
9796	no	no	no	no	yes
9797	yes	yes	yes	yes	no
9798	no	yes	yes	no	no
9799	yes	no	yes	yes	yes
9800	yes	yes	yes	yes	yes
9801	no	yes	no	no	no
9802	yes	yes	yes	yes	yes
9803	no	no	yes	no	yes
9804	yes	no	yes	yes	yes
9805	no	no	yes	no	no
9806	no	yes	no	no	no
9807	yes	yes	yes	no	no
9808	yes	yes	no	yes	yes
9809	yes	no	no	yes	yes
9810	no	yes	yes	yes	yes
9811	no	yes	no	no	no
9812	yes	no	yes	yes	yes
9813	no	no	yes	yes	yes
9814	yes	yes	yes	no	yes
9815	yes	yes	yes	yes	yes
9816	yes	no	no	no	yes
9817	no	yes	yes	yes	yes
9818	yes	yes	no	yes	yes
9819	yes	no	yes	yes	no
9820	no	yes	no	no	yes
9821	yes	no	yes	yes	yes
9822	yes	yes	yes	yes	yes
9823	no	no	yes	yes	yes
9824	yes	yes	yes	no	no
9825	yes	yes	yes	no	no
9826	yes	yes	yes	yes	no
9827	no	yes	no	no	no
9828	yes	yes	no	no	yes
9829	no	yes	yes	yes	no
9830	yes	no	yes	no	yes
9831	yes	no	yes	yes	no
9832	yes	no	yes	no	no
9833	yes	yes	no	yes	yes
9834	yes	yes	yes	yes	no
9835	no	yes	no	no	no
9836	no	yes	no	no	no
9837	no	yes	no	no	no
9838	yes	no	no	no	yes
9839	yes	yes	yes	yes	yes
9840	yes	no	no	yes	no
9841	yes	no	no	no	yes
9842	yes	no	yes	yes	no
9843	yes	no	yes	no	yes
9844	yes	yes	no	no	no
9845	no	yes	yes	no	no
9846	yes	yes	no	yes	yes
9847	yes	yes	no	no	no
9848	yes	yes	no	yes	no
9849	yes	yes	yes	no	no
9850	no	yes	no	no	yes
9851	no	no	no	no	no
9852	yes	yes	yes	yes	no
9853	no	yes	no	no	no
9854	no	yes	no	no	no
9855	no	no	no	no	no
9856	no	yes	no	no	no
9857	no	yes	yes	no	no
9858	yes	no	yes	yes	yes
9859	yes	yes	no	no	no
9860	no	no	no	no	no
9861	yes	no	no	no	no
9862	no	yes	yes	no	yes
9863	no	no	yes	yes	yes
9864	yes	yes	yes	yes	yes
9865	yes	no	no	no	no
9866	no	yes	no	no	no
9867	yes	yes	yes	yes	no
9868	yes	yes	no	no	no
9869	yes	no	no	yes	yes
9870	yes	no	yes	yes	yes
9871	no	no	yes	yes	no
9872	yes	yes	no	no	no
9873	yes	no	no	yes	yes
9874	yes	yes	no	yes	yes
9875	yes	no	yes	yes	no
9876	yes	no	yes	yes	yes
9877	yes	yes	no	yes	no
9878	yes	no	yes	yes	yes
9879	yes	no	yes	yes	yes
9880	yes	yes	no	yes	yes
9881	yes	yes	yes	yes	yes
9882	no	yes	yes	no	no
9883	yes	yes	yes	yes	no
9884	yes	yes	yes	no	yes
9885	yes	no	no	no	no
9886	no	yes	yes	yes	no
9887	yes	yes	yes	yes	no
9888	no	no	yes	yes	no
9889	no	no	yes	no	no
9890	no	yes	no	no	no
9891	no	yes	yes	yes	yes
9892	no	yes	no	no	yes
9893	yes	yes	no	yes	no
9894	no	no	yes	no	yes
9895	yes	no	yes	yes	yes
9896	yes	no	yes	no	no
9897	yes	no	yes	no	no
9898	no	yes	no	no	no
9899	yes	no	no	no	yes
9900	yes	no	no	no	yes
9901	yes	yes	yes	yes	no
9902	yes	no	yes	yes	no
9903	no	yes	no	no	yes
9904	yes	no	yes	yes	yes
9905	yes	no	yes	yes	yes
9906	yes	yes	no	no	yes
9907	yes	no	yes	yes	no
9908	no	yes	no	no	no
9909	yes	yes	yes	no	no
9910	no	yes	yes	yes	no
9911	yes	yes	yes	yes	no
9912	no	yes	no	no	no
9913	no	no	no	yes	no
9914	yes	no	yes	no	no
9915	yes	no	yes	yes	yes
9916	yes	yes	no	yes	no
9917	yes	no	yes	yes	yes
9918	yes	yes	yes	yes	yes
9919	no	yes	no	no	no
9920	yes	no	yes	no	yes
9921	no	yes	no	no	no
9922	no	yes	yes	no	no
9923	no	yes	no	no	no
9924	no	yes	no	no	no
9925	no	yes	no	no	no
9926	no	no	yes	yes	yes
9927	yes	yes	yes	no	no
9928	yes	no	yes	yes	yes
9929	no	yes	yes	no	yes
9930	no	no	no	yes	yes
9931	yes	no	yes	yes	yes
9932	yes	yes	yes	yes	no
9933	yes	yes	yes	yes	yes
9934	yes	no	yes	no	no
9935	no	yes	no	no	no
9936	yes	yes	no	yes	no
9937	no	yes	yes	yes	no
9938	no	yes	no	no	no
9939	no	yes	no	no	no
9940	no	yes	no	no	no
9941	no	yes	no	no	no
9942	yes	no	yes	no	no
9943	yes	yes	yes	no	no
9944	yes	yes	no	no	yes
9945	yes	yes	no	yes	no
9946	no	yes	no	no	yes
9947	yes	yes	yes	no	yes
9948	yes	yes	no	yes	yes
9949	yes	no	yes	yes	yes
9950	yes	no	yes	yes	yes
9951	yes	no	no	yes	no
9952	yes	yes	no	no	no
9953	yes	yes	no	no	yes
9954	no	yes	no	no	no
9955	no	yes	yes	no	yes
9956	yes	no	yes	yes	yes
9957	yes	yes	no	yes	no
9958	yes	yes	no	yes	no
9959	no	yes	no	yes	no
9960	no	yes	no	yes	no
9961	yes	yes	no	yes	no
9962	no	yes	no	no	no
9963	no	yes	no	no	yes
9964	yes	yes	yes	no	no
9965	yes	no	yes	no	no
9966	no	yes	no	no	yes
9967	no	no	no	yes	no
9968	yes	no	yes	yes	yes
9969	yes	yes	yes	yes	yes
9970	yes	no	no	yes	no
9971	yes	yes	yes	no	no
9972	no	yes	no	no	no
9973	yes	no	no	no	no
9974	no	no	no	yes	yes
9975	yes	yes	no	yes	yes
9976	no	yes	no	yes	no
9977	no	yes	no	yes	no
9978	yes	yes	no	yes	no
9979	yes	yes	no	yes	no
9980	no	yes	yes	no	yes
9981	yes	yes	yes	yes	yes
9982	yes	yes	no	no	no
9983	yes	yes	no	yes	no
9984	yes	yes	no	no	no
9985	yes	yes	yes	no	no
9986	no	yes	no	yes	yes
9987	yes	no	yes	no	no
9988	no	no	no	yes	no
9989	no	yes	no	no	no
9990	no	yes	no	no	no
9991	yes	no	yes	yes	no
9992	yes	yes	yes	yes	yes
9993	no	yes	yes	no	no
9994	yes	yes	no	yes	yes
9995	yes	no	yes	no	yes
9996	yes	no	yes	yes	yes
9997	no	yes	yes	yes	no
9998	yes	no	yes	yes	yes
9999	no	yes	no	no	no
10000	no	yes	no	no	no
10001	no	yes	no	yes	yes
10002	no	yes	no	no	no
10003	yes	yes	no	no	yes
10004	yes	no	yes	no	no
10005	no	yes	yes	no	yes
10006	no	yes	no	yes	yes
10007	yes	no	no	yes	yes
10008	yes	yes	yes	no	yes
10009	yes	yes	yes	yes	yes
10010	yes	no	no	yes	yes
10011	no	yes	no	no	no
10012	no	yes	yes	no	yes
10013	yes	yes	no	yes	no
10014	yes	no	yes	yes	yes
10015	no	no	yes	yes	yes
10016	yes	yes	yes	yes	no
10017	yes	yes	no	yes	yes
10018	yes	yes	no	yes	yes
10019	no	no	no	no	no
10020	no	no	yes	yes	yes
10021	no	yes	yes	no	yes
10022	yes	yes	no	yes	yes
10023	yes	yes	no	yes	yes
10024	yes	no	yes	yes	yes
10025	yes	no	yes	yes	yes
10026	no	yes	no	no	yes
10027	no	yes	no	no	no
10028	yes	yes	no	yes	no
10029	no	no	yes	no	yes
10030	yes	no	no	yes	no
10031	no	yes	yes	no	yes
10032	no	no	yes	yes	no
10033	yes	yes	yes	no	no
10034	yes	no	yes	no	no
10035	no	yes	no	no	no
10036	yes	yes	no	no	no
10037	no	yes	yes	yes	yes
10038	yes	yes	no	no	no
10039	yes	no	yes	yes	no
10040	yes	no	yes	yes	yes
10041	no	yes	no	no	no
10042	yes	yes	no	yes	no
10043	no	yes	no	no	no
10044	yes	no	yes	yes	yes
10045	no	yes	yes	no	no
10046	no	yes	yes	no	yes
10047	yes	no	yes	no	yes
10048	no	yes	no	yes	no
10049	yes	yes	no	no	no
10050	yes	no	no	yes	yes
10051	yes	yes	no	no	yes
10052	no	yes	yes	no	yes
10053	yes	no	no	yes	yes
10054	no	yes	no	no	no
10055	no	no	yes	no	yes
10056	no	yes	no	no	no
10057	yes	yes	no	no	yes
10058	no	yes	no	yes	no
10059	yes	yes	no	no	no
10060	no	yes	no	no	yes
10061	yes	no	yes	yes	yes
10062	no	yes	yes	no	no
10063	no	yes	no	no	no
10064	no	yes	yes	yes	yes
10065	yes	no	yes	yes	yes
10066	yes	yes	yes	yes	yes
10067	yes	no	yes	no	yes
10068	yes	no	yes	no	yes
10069	yes	no	no	yes	yes
10070	yes	no	yes	yes	no
10071	yes	no	yes	no	no
10072	no	yes	no	no	no
10073	yes	yes	no	no	no
10074	no	no	yes	no	no
10075	no	yes	no	no	no
10076	no	yes	yes	no	yes
10077	yes	yes	no	yes	yes
10078	yes	no	yes	yes	yes
10079	yes	no	yes	yes	no
10080	no	yes	yes	no	no
10081	yes	no	no	no	no
10082	yes	yes	no	yes	no
10083	no	yes	no	no	no
10084	yes	no	yes	no	no
10085	yes	yes	no	yes	no
10086	yes	no	yes	no	yes
10087	yes	no	no	yes	yes
10088	no	yes	yes	no	no
10089	yes	yes	yes	yes	yes
10090	yes	yes	no	no	no
10091	yes	no	yes	yes	yes
10092	no	no	yes	yes	yes
10093	no	yes	no	no	no
10094	yes	no	yes	yes	yes
10095	no	yes	yes	no	yes
10096	yes	yes	yes	yes	yes
10097	yes	yes	no	yes	no
10098	yes	no	yes	no	yes
10099	yes	yes	yes	no	no
10100	yes	no	yes	yes	no
10101	no	yes	no	yes	yes
10102	yes	no	yes	yes	yes
10103	yes	yes	yes	yes	no
10104	no	yes	yes	no	no
10105	yes	no	yes	yes	no
10106	yes	no	yes	no	yes
10107	yes	yes	yes	yes	no
10108	yes	yes	yes	yes	yes
10109	yes	yes	yes	yes	no
10110	yes	yes	yes	yes	no
10111	yes	no	yes	no	no
10112	no	yes	no	no	no
10113	no	yes	yes	no	yes
10114	no	yes	yes	no	yes
10115	yes	yes	no	yes	yes
10116	yes	yes	yes	yes	no
10117	yes	no	yes	yes	no
10118	yes	no	yes	yes	yes
10119	no	yes	yes	no	no
10120	yes	no	yes	yes	yes
10121	yes	yes	no	yes	no
10122	yes	no	yes	no	yes
10123	no	yes	no	no	no
10124	yes	yes	no	no	yes
10125	yes	yes	yes	yes	yes
10126	yes	yes	no	no	no
10127	yes	yes	yes	yes	no
10128	no	yes	no	yes	no
10129	yes	yes	yes	yes	yes
10130	no	yes	no	no	no
10131	yes	yes	no	no	no
10132	no	yes	yes	no	no
10133	no	yes	yes	no	no
10134	no	yes	no	no	no
10135	no	yes	no	yes	yes
10136	no	yes	no	no	no
10137	yes	yes	yes	yes	yes
10138	yes	no	yes	yes	no
10139	no	no	yes	no	yes
10140	no	no	no	yes	yes
10141	yes	yes	no	yes	yes
10142	yes	no	yes	no	yes
10143	no	yes	no	no	no
10144	no	yes	no	no	no
10145	yes	yes	yes	yes	no
10146	yes	no	yes	yes	yes
10147	yes	no	yes	yes	yes
10148	yes	no	yes	yes	yes
10149	no	yes	yes	yes	yes
10150	no	yes	no	no	no
10151	yes	no	yes	yes	yes
10152	no	yes	yes	no	no
10153	no	yes	no	no	no
10154	no	yes	yes	no	no
10155	yes	yes	yes	yes	yes
10156	yes	no	no	yes	yes
10157	yes	yes	yes	no	yes
10158	yes	yes	no	yes	no
10159	no	yes	no	yes	no
10160	no	yes	yes	no	yes
10161	yes	yes	yes	no	no
10162	yes	yes	no	no	yes
10163	no	yes	yes	no	no
10164	yes	yes	no	no	no
10165	yes	yes	no	no	no
10166	yes	no	yes	yes	yes
10167	yes	yes	yes	no	no
10168	yes	yes	no	no	yes
10169	yes	yes	yes	no	yes
10170	no	yes	yes	no	no
10171	no	yes	no	yes	yes
10172	no	yes	yes	yes	yes
10173	yes	yes	yes	yes	yes
10174	yes	no	yes	no	yes
10175	yes	no	yes	yes	yes
10176	yes	yes	no	yes	yes
10177	yes	yes	no	no	no
10178	yes	no	no	no	yes
10179	no	yes	no	no	yes
10180	yes	yes	no	no	no
10181	yes	no	no	yes	yes
10182	no	yes	no	no	no
10183	no	yes	no	no	no
10184	yes	yes	no	no	yes
10185	no	yes	no	no	no
10186	yes	yes	no	no	no
10187	yes	no	yes	yes	yes
10188	no	yes	no	no	no
10189	yes	yes	yes	yes	no
10190	no	yes	no	no	no
10191	no	yes	yes	yes	no
10192	yes	no	no	no	no
10193	yes	no	yes	yes	yes
10194	yes	yes	yes	yes	yes
10195	yes	yes	no	no	no
10196	yes	yes	yes	no	no
10197	no	yes	no	yes	no
10198	yes	yes	yes	yes	yes
10199	yes	yes	yes	no	no
10200	no	yes	yes	no	yes
10201	yes	no	no	no	no
10202	no	no	no	yes	no
10203	yes	no	yes	yes	yes
10204	no	yes	no	no	yes
10205	yes	yes	yes	yes	no
10206	yes	yes	yes	yes	yes
10207	yes	yes	no	no	yes
10208	no	yes	yes	no	yes
10209	yes	yes	yes	no	yes
10210	yes	yes	no	yes	no
10211	yes	yes	yes	no	yes
10212	no	yes	no	no	no
10213	no	no	yes	no	no
10214	no	no	yes	yes	no
10215	no	yes	no	yes	no
10216	no	yes	no	no	no
10217	no	yes	no	no	yes
10218	no	yes	yes	yes	no
10219	yes	yes	no	no	no
10220	yes	no	no	no	yes
10221	yes	yes	yes	no	no
10222	yes	yes	no	yes	no
10223	yes	yes	no	yes	no
10224	no	yes	no	no	no
10225	yes	no	no	yes	no
10226	yes	yes	yes	yes	yes
10227	no	yes	no	no	no
10228	yes	yes	yes	yes	yes
10229	no	yes	yes	no	yes
10230	no	yes	no	no	no
10231	yes	no	yes	yes	yes
10232	no	yes	yes	no	yes
10233	no	yes	yes	no	no
10234	yes	yes	yes	yes	yes
10235	yes	no	yes	yes	yes
10236	yes	no	no	yes	yes
10237	no	yes	no	no	no
10238	yes	yes	no	no	no
10239	no	yes	no	no	no
10240	no	no	no	no	no
10241	no	yes	no	yes	no
10242	no	yes	yes	no	no
10243	yes	yes	yes	yes	yes
10244	no	yes	no	no	no
10245	yes	no	yes	yes	yes
10246	no	yes	no	no	no
10247	no	no	yes	yes	no
10248	no	yes	no	no	no
10249	no	yes	no	no	no
10250	no	yes	no	no	no
10251	yes	no	yes	no	no
10252	no	yes	no	yes	yes
10253	no	yes	no	no	no
10254	yes	yes	yes	yes	yes
10255	no	yes	yes	yes	no
10256	no	yes	no	no	no
10257	yes	yes	no	no	no
10258	no	no	yes	yes	yes
10259	yes	no	no	yes	no
10260	no	no	yes	no	yes
10261	no	yes	no	no	no
10262	no	yes	yes	no	no
10263	yes	yes	yes	yes	yes
10264	yes	no	no	no	yes
10265	no	yes	yes	no	no
10266	yes	no	yes	yes	yes
10267	yes	yes	yes	yes	no
10268	no	no	yes	yes	yes
10269	yes	yes	no	no	no
10270	yes	yes	no	no	no
10271	yes	yes	yes	yes	yes
10272	no	yes	no	no	no
10273	no	no	yes	no	no
10274	yes	yes	yes	yes	yes
10275	no	no	yes	yes	yes
10276	yes	yes	no	no	no
10277	no	yes	no	yes	no
10278	yes	yes	no	yes	no
10279	no	no	yes	yes	yes
10280	yes	yes	no	yes	yes
10281	yes	yes	no	no	yes
10282	yes	no	yes	yes	yes
10283	yes	no	yes	yes	yes
10284	no	yes	yes	no	no
10285	yes	yes	no	no	no
10286	yes	no	yes	no	no
10287	no	yes	no	no	no
10288	yes	yes	yes	no	no
10289	yes	yes	yes	no	no
10290	yes	yes	no	yes	yes
10291	no	yes	no	no	no
10292	yes	no	yes	yes	yes
10293	no	yes	yes	no	no
10294	yes	yes	yes	yes	yes
10295	yes	no	yes	yes	yes
10296	no	yes	yes	yes	yes
10297	no	yes	yes	no	no
10298	no	yes	no	no	no
10299	no	yes	no	no	no
10300	yes	yes	no	yes	no
10301	yes	yes	yes	yes	yes
10302	yes	yes	no	yes	no
10303	yes	no	yes	yes	yes
10304	yes	no	yes	yes	yes
10305	yes	yes	yes	yes	yes
10306	no	yes	no	yes	no
10307	yes	no	no	yes	yes
10308	yes	yes	yes	yes	yes
10309	yes	yes	yes	yes	no
10310	yes	no	no	yes	no
10311	yes	no	yes	yes	yes
10312	yes	no	yes	yes	yes
10313	yes	yes	no	no	no
10314	no	yes	no	no	no
10315	no	yes	yes	no	no
10316	yes	yes	no	no	yes
10317	yes	yes	yes	yes	yes
10318	yes	yes	yes	yes	yes
10319	yes	no	yes	yes	yes
10320	no	yes	no	no	no
10321	yes	no	yes	yes	yes
10322	yes	no	yes	no	no
10323	yes	no	no	no	yes
10324	no	yes	no	no	no
10325	no	yes	yes	no	no
10326	yes	yes	no	no	yes
10327	no	yes	yes	yes	yes
10328	yes	no	no	yes	yes
10329	yes	no	no	no	no
10330	no	yes	no	no	no
10331	yes	no	yes	yes	yes
10332	no	yes	yes	no	no
10333	yes	no	yes	yes	yes
10334	no	yes	no	no	no
10335	yes	yes	yes	no	no
10336	no	yes	no	yes	no
10337	yes	no	no	yes	yes
10338	yes	yes	no	no	no
10339	yes	no	no	yes	yes
10340	yes	no	yes	yes	yes
10341	no	yes	no	no	no
10342	no	no	yes	no	yes
10343	no	no	yes	no	yes
10344	yes	no	yes	no	yes
10345	yes	no	yes	yes	yes
10346	yes	no	yes	yes	yes
10347	no	yes	yes	no	no
10348	no	yes	yes	no	yes
10349	no	yes	no	no	no
10350	no	yes	yes	no	no
10351	no	yes	no	no	no
10352	yes	yes	no	yes	yes
10353	yes	yes	yes	no	no
10354	no	yes	no	no	no
10355	no	yes	no	yes	yes
10356	no	yes	no	no	no
10357	yes	yes	yes	yes	no
10358	yes	yes	yes	no	no
10359	yes	no	yes	yes	yes
10360	no	yes	no	yes	yes
10361	no	yes	no	yes	no
10362	no	yes	no	no	no
10363	no	no	no	yes	yes
10364	yes	yes	no	yes	no
10365	yes	no	yes	yes	yes
10366	yes	yes	no	no	no
10367	no	yes	no	yes	yes
10368	no	yes	no	no	yes
10369	yes	no	yes	yes	yes
10370	yes	yes	yes	no	no
10371	no	yes	no	no	no
10372	yes	yes	yes	no	no
10373	yes	yes	yes	yes	yes
10374	no	yes	yes	yes	no
10375	yes	no	yes	yes	yes
10376	yes	no	no	yes	no
10377	yes	yes	yes	no	no
10378	no	yes	no	yes	yes
10379	yes	no	yes	yes	yes
10380	yes	no	no	no	yes
10381	yes	yes	no	no	no
10382	yes	no	yes	yes	yes
10383	no	yes	yes	no	no
10384	yes	yes	no	yes	yes
10385	yes	yes	yes	yes	no
10386	yes	yes	no	no	no
10387	no	yes	no	no	no
10388	no	yes	no	yes	no
10389	yes	no	no	yes	yes
10390	yes	yes	no	yes	yes
10391	no	yes	no	no	no
10392	yes	no	yes	yes	yes
10393	yes	yes	no	yes	yes
10394	yes	no	yes	yes	yes
10395	yes	yes	no	yes	no
10396	yes	yes	no	yes	no
10397	yes	yes	no	no	yes
10398	no	yes	no	yes	no
10399	yes	yes	no	no	no
10400	no	yes	no	no	no
10401	no	no	no	yes	no
10402	no	no	yes	no	yes
10403	no	yes	no	no	no
10404	yes	yes	yes	yes	yes
10405	no	yes	no	no	yes
10406	yes	yes	yes	no	no
10407	yes	no	yes	yes	yes
10408	no	yes	yes	no	no
10409	yes	yes	yes	yes	yes
10410	yes	no	yes	no	yes
10411	yes	yes	no	no	no
10412	yes	no	yes	yes	no
10413	no	yes	no	no	no
10414	no	yes	no	no	yes
10415	no	no	no	yes	no
10416	no	yes	no	no	no
10417	no	yes	no	yes	yes
10418	yes	yes	no	no	no
10419	yes	no	no	yes	yes
10420	no	yes	no	no	no
10421	no	yes	yes	no	no
10422	yes	yes	no	yes	yes
10423	yes	no	yes	yes	yes
10424	no	no	no	no	no
10425	no	no	yes	yes	yes
10426	yes	yes	yes	yes	no
10427	yes	no	yes	yes	yes
10428	yes	yes	no	no	yes
10429	yes	yes	yes	yes	yes
10430	yes	yes	no	no	no
10431	yes	no	yes	yes	yes
10432	no	yes	no	yes	no
10433	yes	no	no	yes	yes
10434	yes	yes	no	yes	yes
10435	yes	yes	no	yes	no
10436	yes	no	yes	yes	yes
10437	no	yes	yes	no	no
10438	yes	no	no	yes	yes
10439	yes	no	yes	yes	yes
10440	no	yes	yes	no	no
10441	no	no	yes	no	no
10442	yes	yes	yes	yes	yes
10443	yes	yes	no	no	no
10444	yes	yes	yes	yes	yes
10445	yes	yes	no	no	no
10446	no	yes	yes	yes	yes
10447	no	yes	yes	no	no
10448	no	yes	yes	yes	yes
10449	yes	no	yes	no	yes
10450	yes	yes	yes	yes	yes
10451	yes	no	no	no	no
10452	yes	no	yes	yes	no
10453	yes	no	no	yes	no
10454	yes	no	yes	yes	no
10455	no	yes	no	no	yes
10456	yes	yes	yes	no	yes
10457	yes	no	yes	no	yes
10458	yes	yes	no	no	no
10459	no	no	no	no	yes
10460	yes	yes	yes	yes	yes
10461	yes	no	yes	yes	no
10462	yes	yes	no	no	no
10463	yes	yes	yes	no	no
10464	yes	yes	yes	yes	yes
10465	no	yes	yes	no	no
10466	yes	yes	yes	yes	no
10467	yes	yes	yes	no	no
10468	no	yes	no	no	no
10469	yes	yes	no	yes	yes
10470	yes	yes	yes	yes	yes
10471	yes	no	no	no	yes
10472	yes	yes	no	yes	no
10473	yes	yes	no	yes	no
10474	no	yes	no	no	no
10475	yes	yes	no	no	yes
10476	yes	yes	yes	yes	yes
10477	no	yes	no	no	no
10478	yes	yes	yes	yes	yes
10479	no	yes	no	no	no
10480	no	no	no	yes	yes
10481	no	yes	no	no	no
10482	no	yes	no	no	no
10483	no	yes	no	no	yes
10484	yes	no	yes	yes	yes
10485	yes	yes	no	no	no
10486	no	no	no	no	no
10487	no	yes	no	no	no
10488	yes	no	yes	no	yes
10489	no	yes	no	no	no
10490	no	yes	no	no	yes
10491	yes	no	yes	yes	no
10492	no	no	yes	no	no
10493	no	yes	no	no	no
10494	yes	yes	yes	yes	yes
10495	no	yes	no	no	yes
10496	no	yes	yes	yes	yes
10497	yes	yes	yes	yes	yes
10498	no	yes	no	no	yes
10499	yes	yes	no	yes	yes
10500	no	yes	no	no	no
10501	yes	no	no	no	yes
10502	yes	yes	no	yes	no
10503	yes	yes	no	no	no
10504	no	yes	yes	no	no
10505	no	yes	yes	no	no
10506	yes	no	yes	yes	no
10507	no	yes	no	no	no
10508	yes	yes	yes	no	no
10509	no	yes	no	no	no
10510	yes	yes	no	yes	no
10511	yes	yes	yes	yes	no
10512	no	yes	no	no	no
10513	no	yes	no	no	no
10514	no	yes	no	no	no
10515	no	no	yes	no	no
10516	yes	yes	no	yes	no
10517	no	no	no	yes	yes
10518	yes	yes	yes	yes	no
10519	no	yes	yes	yes	yes
10520	yes	yes	yes	no	no
10521	no	yes	no	no	no
10522	no	yes	yes	no	yes
10523	yes	no	yes	yes	no
10524	no	yes	no	yes	yes
10525	yes	yes	no	no	yes
10526	no	yes	yes	yes	yes
10527	no	yes	no	no	no
10528	yes	no	yes	yes	yes
10529	no	yes	yes	no	no
10530	no	yes	no	yes	yes
10531	yes	yes	no	yes	no
10532	no	no	no	no	no
10533	no	yes	no	no	no
10534	yes	no	yes	yes	yes
10535	yes	no	yes	yes	yes
10536	yes	yes	no	yes	no
10537	no	yes	yes	yes	no
10538	no	no	no	no	no
10539	yes	yes	no	yes	no
10540	no	yes	no	no	no
10541	no	no	no	no	no
10542	yes	yes	no	no	no
10543	no	yes	no	no	no
10544	yes	yes	no	no	yes
10545	yes	no	no	no	yes
10546	no	yes	no	no	no
10547	yes	no	no	no	yes
10548	no	yes	yes	yes	yes
10549	no	yes	yes	no	yes
10550	yes	no	yes	yes	no
10551	no	yes	yes	yes	yes
10552	no	yes	no	no	no
10553	yes	yes	yes	yes	no
10554	yes	yes	yes	yes	yes
10555	yes	no	no	no	yes
10556	yes	no	no	yes	no
10557	yes	yes	no	no	yes
10558	yes	yes	no	no	no
10559	yes	no	no	no	yes
10560	yes	no	no	yes	yes
10561	yes	yes	no	no	no
10562	yes	no	yes	yes	yes
10563	yes	yes	yes	yes	no
10564	yes	yes	no	yes	yes
10565	yes	yes	yes	yes	yes
10566	no	no	no	no	yes
10567	yes	yes	yes	no	no
10568	yes	no	no	no	no
10569	no	yes	yes	no	yes
10570	yes	yes	yes	yes	yes
10571	yes	yes	yes	yes	yes
10572	no	no	yes	no	yes
10573	no	yes	no	no	no
10574	no	yes	no	yes	no
10575	yes	no	no	yes	yes
10576	no	yes	no	no	yes
10577	yes	yes	no	yes	no
10578	yes	yes	no	yes	yes
10579	yes	yes	yes	yes	no
10580	no	no	yes	no	no
10581	no	no	yes	no	no
10582	yes	yes	yes	yes	yes
10583	yes	yes	yes	yes	yes
10584	yes	yes	yes	yes	yes
10585	no	yes	no	no	yes
10586	no	yes	yes	no	no
10587	yes	yes	no	yes	no
10588	yes	no	no	yes	yes
10589	no	yes	yes	yes	yes
10590	no	yes	yes	yes	yes
10591	yes	no	yes	yes	yes
10592	yes	no	no	yes	no
10593	no	no	no	no	no
10594	yes	no	no	no	yes
10595	yes	no	yes	yes	no
10596	no	yes	no	no	no
10597	no	yes	yes	yes	no
10598	no	yes	no	no	yes
10599	no	no	no	yes	no
10600	yes	yes	no	no	yes
10601	no	yes	yes	yes	yes
10602	no	yes	yes	yes	yes
10603	no	no	yes	yes	yes
10604	yes	yes	yes	no	no
10605	yes	yes	no	yes	yes
10606	yes	yes	yes	yes	yes
10607	yes	yes	no	no	yes
10608	no	yes	no	no	no
10609	yes	yes	yes	no	yes
10610	yes	yes	no	yes	yes
10611	yes	yes	no	yes	no
10612	yes	yes	yes	no	yes
10613	yes	no	yes	no	no
10614	no	yes	no	no	no
10615	yes	yes	yes	yes	yes
10616	yes	yes	yes	yes	no
10617	no	yes	no	no	no
10618	no	yes	no	no	no
10619	yes	no	yes	yes	yes
10620	yes	no	no	yes	yes
10621	no	yes	yes	yes	no
10622	no	yes	no	no	yes
10623	yes	no	yes	yes	no
10624	no	yes	yes	no	no
10625	yes	yes	no	no	no
10626	no	yes	yes	no	no
10627	yes	yes	yes	yes	yes
10628	yes	yes	no	no	no
10629	no	no	yes	no	yes
10630	no	yes	no	no	no
10631	yes	yes	yes	yes	yes
10632	yes	yes	no	yes	no
10633	yes	yes	no	yes	yes
10634	yes	yes	no	no	no
10635	yes	yes	yes	yes	yes
10636	no	yes	yes	yes	no
10637	no	yes	yes	no	no
10638	yes	yes	yes	yes	no
10639	no	yes	yes	no	no
10640	no	yes	no	no	no
10641	yes	no	no	no	yes
10642	no	yes	no	no	no
10643	no	yes	no	no	no
10644	no	yes	no	yes	yes
10645	no	yes	yes	no	yes
10646	yes	yes	yes	yes	yes
10647	yes	yes	yes	yes	no
10648	yes	yes	yes	yes	no
10649	yes	no	yes	yes	yes
10650	yes	yes	no	yes	yes
10651	no	yes	no	no	no
10652	no	no	yes	yes	yes
10653	yes	no	yes	yes	yes
10654	no	no	yes	yes	yes
10655	no	yes	yes	yes	yes
10656	no	yes	yes	no	yes
10657	yes	yes	yes	no	no
10658	yes	yes	yes	yes	yes
10659	yes	no	yes	yes	yes
10660	no	yes	yes	yes	yes
10661	no	no	yes	no	no
10662	no	no	yes	no	no
10663	yes	yes	no	no	no
10664	yes	no	yes	yes	yes
10665	yes	yes	no	yes	yes
10666	yes	yes	no	yes	yes
10667	yes	yes	yes	no	yes
10668	no	no	yes	no	no
10669	no	yes	yes	no	no
10670	yes	no	no	no	yes
10671	yes	no	no	yes	yes
10672	yes	no	yes	yes	yes
10673	yes	no	yes	yes	yes
10674	yes	yes	yes	yes	no
10675	yes	yes	no	no	yes
10676	yes	no	yes	yes	yes
10677	yes	yes	no	yes	yes
10678	no	yes	no	no	no
10679	no	yes	no	no	yes
10680	no	yes	yes	no	no
10681	yes	yes	yes	yes	yes
10682	no	yes	no	yes	yes
10683	yes	yes	no	yes	no
10684	yes	no	no	no	yes
10685	no	no	no	yes	no
10686	yes	yes	no	no	no
10687	yes	no	no	yes	yes
10688	yes	yes	no	yes	yes
10689	yes	no	yes	no	no
10690	yes	yes	yes	yes	no
10691	no	yes	no	no	no
10692	yes	no	yes	yes	yes
10693	no	yes	no	no	no
10694	yes	no	no	no	yes
10695	yes	yes	no	no	yes
10696	yes	no	yes	yes	yes
10697	yes	no	yes	no	yes
10698	yes	no	yes	no	yes
10699	no	yes	no	no	yes
10700	yes	yes	yes	yes	no
10701	no	no	yes	no	yes
10702	no	yes	no	no	no
10703	no	yes	no	no	no
10704	yes	yes	no	no	no
10705	yes	yes	yes	yes	yes
10706	no	yes	yes	no	no
10707	yes	yes	no	no	no
10708	no	yes	no	no	no
10709	yes	yes	no	no	no
10710	yes	yes	no	no	yes
10711	no	yes	yes	no	no
10712	no	yes	no	no	yes
10713	yes	no	yes	yes	no
10714	yes	yes	no	no	no
10715	yes	yes	yes	no	no
10716	yes	no	yes	yes	yes
10717	no	yes	yes	yes	yes
10718	yes	yes	no	yes	no
10719	yes	no	yes	yes	yes
10720	no	no	yes	yes	yes
10721	yes	no	yes	yes	yes
10722	yes	yes	no	yes	yes
10723	no	no	yes	no	no
10724	no	no	yes	yes	yes
10725	no	yes	no	no	no
10726	yes	yes	no	no	no
10727	yes	no	yes	yes	no
10728	no	yes	no	no	no
10729	no	yes	yes	no	yes
10730	yes	yes	no	yes	yes
10731	yes	no	yes	yes	yes
10732	no	yes	yes	no	yes
10733	yes	no	no	no	no
10734	no	yes	no	no	no
10735	yes	yes	no	no	no
10736	yes	no	no	yes	yes
10737	yes	no	no	yes	no
10738	yes	yes	no	no	no
10739	yes	yes	yes	yes	yes
10740	no	no	yes	yes	no
10741	yes	yes	yes	no	no
10742	yes	yes	no	no	yes
10743	yes	no	no	no	no
10744	yes	yes	no	yes	yes
10745	yes	yes	no	yes	yes
10746	yes	no	no	yes	yes
10747	yes	yes	yes	yes	yes
10748	yes	no	yes	yes	yes
10749	yes	yes	no	yes	no
10750	yes	yes	no	yes	no
10751	no	yes	yes	yes	yes
10752	no	no	no	yes	yes
10753	yes	no	yes	yes	yes
10754	yes	no	no	yes	no
10755	no	yes	no	no	no
10756	yes	yes	yes	yes	yes
10757	no	no	yes	no	yes
10758	yes	yes	no	yes	no
10759	yes	no	yes	yes	yes
10760	yes	yes	yes	no	yes
10761	yes	yes	no	yes	no
10762	no	yes	no	no	no
10763	yes	yes	no	yes	no
10764	yes	no	yes	yes	no
10765	no	yes	no	yes	yes
10766	yes	yes	no	yes	no
10767	yes	yes	no	no	yes
10768	yes	yes	no	no	yes
10769	yes	no	yes	no	yes
10770	no	yes	yes	yes	no
10771	yes	no	yes	yes	yes
10772	yes	no	no	no	no
10773	yes	yes	no	yes	no
10774	yes	yes	yes	yes	yes
10775	no	yes	no	yes	no
10776	yes	yes	yes	yes	yes
10777	no	yes	no	no	no
10778	yes	yes	yes	yes	no
10779	yes	no	yes	yes	yes
10780	yes	yes	yes	yes	no
10781	yes	no	yes	yes	yes
10782	no	yes	no	no	yes
10783	yes	yes	no	yes	yes
10784	no	yes	no	no	no
10785	yes	no	yes	yes	yes
10786	yes	yes	yes	yes	yes
10787	yes	yes	no	yes	no
10788	no	yes	no	yes	yes
10789	no	yes	no	no	no
10790	yes	yes	yes	yes	yes
10791	no	no	yes	no	yes
10792	yes	no	yes	yes	yes
10793	yes	yes	yes	yes	yes
10794	no	yes	no	yes	yes
10795	no	yes	no	no	yes
10796	yes	yes	no	no	no
10797	no	yes	no	no	no
10798	yes	no	yes	yes	yes
10799	no	yes	yes	yes	no
10800	no	yes	no	no	no
10801	yes	no	yes	no	no
10802	yes	yes	no	no	yes
10803	yes	no	no	no	yes
10804	yes	yes	no	yes	yes
10805	no	yes	no	no	no
10806	no	yes	no	no	yes
10807	yes	no	yes	yes	yes
10808	no	yes	no	yes	no
10809	yes	yes	yes	yes	no
10810	no	yes	no	no	yes
10811	yes	no	yes	no	no
10812	yes	yes	yes	yes	yes
10813	yes	yes	yes	yes	yes
10814	no	yes	yes	yes	yes
10815	yes	no	no	yes	no
10816	no	yes	yes	no	yes
10817	yes	yes	no	no	yes
10818	yes	yes	no	no	no
10819	yes	yes	yes	no	no
10820	no	yes	yes	no	no
10821	yes	no	yes	yes	yes
10822	yes	yes	no	yes	no
10823	yes	yes	no	no	yes
10824	yes	yes	yes	no	no
10825	yes	yes	yes	yes	yes
10826	yes	yes	yes	yes	yes
10827	no	yes	no	no	no
10828	yes	yes	no	yes	no
10829	yes	yes	no	yes	no
10830	no	yes	no	yes	no
10831	no	yes	no	no	no
10832	no	no	no	no	no
10833	no	yes	no	no	yes
10834	no	yes	no	no	no
10835	no	yes	no	yes	no
10836	no	yes	no	no	no
10837	yes	no	no	yes	no
10838	yes	no	yes	yes	yes
10839	yes	yes	no	yes	no
10840	yes	yes	no	no	no
10841	no	yes	no	no	no
10842	no	yes	yes	yes	yes
10843	no	yes	yes	no	no
10844	yes	no	no	yes	no
10845	yes	yes	yes	yes	yes
10846	yes	yes	no	yes	no
10847	no	yes	yes	yes	no
10848	yes	yes	no	yes	yes
10849	yes	yes	yes	yes	no
10850	no	yes	no	no	no
10851	yes	no	yes	yes	yes
10852	no	yes	yes	no	yes
10853	no	yes	yes	yes	no
10854	yes	yes	no	no	no
10855	yes	yes	no	no	no
10856	yes	no	yes	no	yes
10857	no	yes	no	no	no
10858	yes	yes	yes	yes	no
10859	yes	yes	yes	yes	yes
10860	no	yes	no	yes	no
10861	yes	yes	yes	yes	yes
10862	yes	yes	yes	yes	no
10863	yes	yes	yes	yes	yes
10864	yes	no	yes	yes	yes
10865	yes	yes	yes	yes	yes
10866	yes	no	yes	yes	yes
10867	yes	no	yes	yes	yes
10868	yes	yes	yes	no	yes
10869	no	yes	no	no	no
10870	no	no	no	no	yes
10871	yes	no	yes	yes	yes
10872	yes	yes	yes	no	no
10873	no	yes	yes	yes	no
10874	yes	yes	no	yes	no
10875	no	yes	yes	no	no
10876	no	yes	yes	yes	no
10877	yes	no	yes	yes	yes
10878	no	yes	no	no	no
10879	yes	yes	no	yes	no
10880	yes	no	no	yes	yes
10881	yes	no	no	yes	no
10882	no	yes	yes	no	no
10883	yes	yes	no	yes	no
10884	no	no	no	no	no
10885	yes	no	yes	yes	yes
10886	no	yes	no	no	yes
10887	yes	no	yes	no	no
10888	no	yes	yes	no	no
10889	yes	no	no	yes	yes
10890	no	yes	no	yes	no
10891	no	yes	no	no	no
10892	yes	yes	yes	no	no
10893	yes	yes	no	no	no
10894	yes	no	yes	no	yes
10895	no	yes	yes	no	no
10896	yes	no	yes	yes	no
10897	yes	no	yes	no	no
10898	no	yes	no	no	no
10899	no	yes	no	no	no
10900	yes	yes	no	yes	yes
10901	yes	yes	yes	yes	yes
10902	yes	yes	no	no	no
10903	yes	yes	no	no	no
10904	yes	no	yes	yes	yes
10905	no	yes	yes	yes	yes
10906	yes	yes	yes	yes	yes
10907	yes	no	yes	yes	yes
10908	yes	no	yes	yes	yes
10909	no	no	no	no	yes
10910	yes	no	no	yes	yes
10911	no	yes	no	no	no
10912	yes	yes	no	yes	no
10913	no	yes	yes	no	yes
10914	no	yes	no	no	no
10915	no	yes	no	yes	no
10916	no	yes	no	no	yes
10917	no	no	no	yes	yes
10918	no	yes	no	yes	yes
10919	yes	yes	yes	yes	no
10920	yes	yes	yes	yes	yes
10921	yes	yes	yes	yes	yes
10922	yes	yes	yes	yes	yes
10923	no	yes	no	yes	no
10924	yes	no	yes	yes	yes
10925	no	yes	yes	yes	yes
10926	no	yes	no	no	yes
10927	no	yes	yes	no	yes
10928	no	yes	yes	yes	no
10929	yes	no	no	yes	no
10930	yes	no	yes	yes	no
10931	yes	yes	no	yes	no
10932	yes	yes	yes	yes	yes
10933	no	yes	no	no	no
10934	yes	no	no	yes	no
10935	yes	no	yes	yes	yes
10936	no	yes	no	no	no
10937	yes	yes	yes	yes	yes
10938	yes	yes	yes	yes	no
10939	no	no	no	yes	yes
10940	no	yes	yes	yes	yes
10941	yes	yes	yes	yes	yes
10942	yes	yes	yes	no	no
10943	yes	yes	yes	yes	yes
10944	no	yes	no	no	yes
10945	no	yes	no	no	no
10946	yes	yes	no	yes	no
10947	no	no	yes	yes	yes
10948	no	no	yes	yes	yes
10949	yes	no	yes	yes	yes
10950	yes	yes	no	yes	yes
10951	no	yes	no	no	yes
10952	yes	no	yes	yes	yes
10953	yes	yes	yes	no	no
10954	yes	yes	no	no	no
10955	no	yes	no	yes	yes
10956	no	no	no	no	no
10957	yes	yes	no	yes	no
10958	yes	yes	no	no	no
10959	yes	yes	yes	yes	yes
10960	yes	no	yes	yes	yes
10961	yes	no	yes	no	no
10962	yes	no	yes	yes	no
10963	yes	no	yes	no	yes
10964	yes	no	yes	yes	yes
10965	no	yes	no	no	yes
10966	yes	no	yes	no	yes
10967	yes	yes	yes	yes	yes
10968	no	yes	no	no	no
10969	yes	yes	yes	no	no
10970	no	yes	yes	yes	yes
10971	no	yes	no	no	no
10972	no	no	no	yes	yes
10973	yes	yes	no	yes	no
10974	no	yes	no	no	no
10975	yes	yes	yes	yes	no
10976	yes	yes	yes	yes	yes
10977	yes	no	no	yes	no
10978	no	yes	yes	yes	yes
10979	yes	yes	no	no	yes
10980	yes	yes	no	yes	yes
10981	no	yes	yes	yes	yes
10982	no	yes	no	no	no
10983	no	yes	no	yes	no
10984	no	yes	no	no	no
10985	yes	no	yes	yes	yes
10986	yes	yes	no	yes	no
10987	yes	yes	no	yes	yes
10988	yes	no	no	no	no
10989	yes	no	yes	yes	yes
10990	no	yes	no	yes	no
10991	no	yes	no	yes	no
10992	yes	yes	yes	yes	yes
10993	no	yes	no	yes	yes
10994	yes	yes	yes	yes	yes
10995	no	yes	yes	no	no
10996	yes	yes	yes	yes	yes
10997	no	yes	no	yes	no
10998	no	yes	yes	no	no
10999	yes	yes	yes	yes	yes
11000	yes	yes	yes	no	yes
11001	yes	yes	yes	yes	yes
11002	yes	yes	yes	yes	yes
11003	no	yes	yes	no	no
11004	no	yes	no	no	no
11005	no	yes	yes	no	no
11006	no	yes	no	yes	yes
11007	no	yes	no	no	no
11008	no	yes	yes	no	no
11009	yes	yes	no	no	no
11010	yes	yes	no	yes	no
11011	yes	no	no	no	no
11012	no	yes	no	no	no
11013	yes	no	no	no	no
11014	no	yes	no	no	no
11015	yes	no	yes	yes	yes
11016	no	no	no	no	no
11017	no	yes	no	no	no
11018	yes	yes	no	yes	yes
11019	yes	yes	no	yes	no
11020	yes	no	yes	yes	yes
11021	no	yes	no	yes	yes
11022	no	yes	yes	no	yes
11023	yes	yes	yes	no	no
11024	no	yes	yes	yes	no
11025	yes	yes	no	yes	yes
11026	yes	yes	no	yes	yes
11027	yes	no	yes	yes	yes
11028	yes	no	yes	yes	yes
11029	yes	no	no	yes	no
11030	yes	no	yes	yes	yes
11031	yes	no	yes	yes	yes
11032	no	yes	no	no	yes
11033	yes	no	yes	no	yes
11034	yes	yes	yes	yes	no
11035	yes	yes	yes	no	yes
11036	no	yes	no	yes	no
11037	yes	no	no	yes	yes
11038	yes	no	no	yes	yes
11039	no	yes	no	no	no
11040	no	no	no	no	no
11041	no	yes	yes	yes	yes
11042	no	no	yes	no	no
11043	no	yes	yes	no	no
11044	no	yes	yes	no	no
11045	no	no	no	no	yes
11046	yes	no	yes	yes	yes
11047	yes	yes	yes	yes	yes
11048	no	yes	no	yes	no
11049	yes	no	no	yes	no
11050	yes	no	yes	yes	yes
11051	yes	no	yes	yes	yes
11052	yes	yes	no	no	no
11053	yes	no	yes	yes	no
11054	yes	yes	no	no	no
11055	yes	no	yes	yes	yes
11056	no	yes	no	no	no
11057	yes	yes	yes	yes	yes
11058	yes	no	yes	no	yes
11059	yes	yes	yes	no	yes
11060	yes	no	no	yes	yes
11061	yes	yes	no	yes	no
11062	yes	no	yes	yes	yes
11063	yes	yes	yes	yes	yes
11064	no	yes	no	yes	no
11065	yes	no	no	yes	yes
11066	yes	yes	yes	yes	yes
11067	yes	yes	yes	no	yes
11068	no	no	yes	no	yes
11069	no	yes	no	no	no
11070	yes	no	no	yes	yes
11071	yes	no	yes	no	yes
11072	no	yes	no	yes	yes
11073	no	yes	no	no	no
11074	no	yes	no	no	no
11075	yes	no	yes	yes	yes
11076	no	yes	yes	yes	no
11077	no	yes	no	no	no
11078	yes	yes	no	yes	no
11079	yes	yes	no	yes	no
11080	no	yes	no	no	no
11081	no	no	yes	no	no
11082	yes	no	yes	yes	yes
11083	yes	no	yes	yes	yes
11084	no	yes	no	no	no
11085	no	no	yes	no	yes
11086	yes	yes	yes	yes	yes
11087	yes	no	yes	yes	yes
11088	yes	no	no	yes	yes
11089	no	yes	no	no	no
11090	yes	no	yes	no	no
11091	no	yes	no	yes	no
11092	no	yes	no	no	no
11093	no	yes	no	yes	no
11094	yes	yes	no	no	no
11095	no	yes	no	yes	no
11096	yes	no	no	yes	yes