movie	production_budget	domestic_gross	worldwide_gross	mpaa_rating	genre
0	Evan Almighty	175000000.0	100289690.0	174131329.0	PG	Comedy
1	Waterworld	175000000.0	88246220.0	264246220.0	PG-13	Action
2	King Arthur: Legend of the Sword	175000000.0	39175066.0	139950708.0	PG-13	Adventure
3	47 Ronin	175000000.0	38362475.0	151716815.0	PG-13	Action
4	Jurassic World: Fallen Kingdom	170000000.0	416769345.0	1304866322.0	PG-13	Action
5	Guardians of the Galaxy	170000000.0	333172112.0	771051335.0	PG-13	Action
6	Iron Man 2	170000000.0	312433331.0	621156389.0	PG-13	Action
7	Captain America: The Winter Soldier	170000000.0	259746958.0	714401889.0	PG-13	Action
8	Dawn of the Planet of the Apes	170000000.0	208545589.0	710644566.0	PG-13	Adventure
9	The Polar Express	170000000.0	186493587.0	310634169.0	G	Adventure
10	Snow White and the Huntsman	170000000.0	155136755.0	401021746.0	PG-13	Adventure
11	Terminator 3: Rise of the Machines	170000000.0	150358296.0	433058296.0	R	Action
12	Van Helsing	170000000.0	120150546.0	300150546.0	PG-13	Action
13	Tomorrowland	170000000.0	93436322.0	207283457.0	PG	Adventure
14	Alice Through the Looking Glass	170000000.0	77042381.0	276934087.0	PG	Adventure
15	Shrek Forever After	165000000.0	238736787.0	756244673.0	PG	Adventure
16	Doctor Strange	165000000.0	232641920.0	676486457.0	PG-13	Action
17	Big Hero 6	165000000.0	222527828.0	652127828.0	PG	Adventure
18	How to Train Your Dragon	165000000.0	217581232.0	494870992.0	PG	Adventure
19	Wreck-It Ralph	165000000.0	189412677.0	496511521.0	PG	Adventure
20	Interstellar	165000000.0	188017894.0	667752422.0	PG-13	Adventure
21	Independence Day: Resurgence	165000000.0	103144286.0	384413934.0	PG-13	Action
22	Cowboys and Aliens	163000000.0	100368560.0	176038324.0	PG-13	Action
23	Shrek the Third	160000000.0	322719944.0	807330936.0	PG	Adventure
24	Fast and Furious 6	160000000.0	238679850.0	789300444.0	PG-13	Action
25	X-Men: First Class	160000000.0	146408305.0	355408305.0	PG-13	Action
26	The Curious Case of Benjamin Button	160000000.0	127509326.0	329631958.0	PG-13	Drama
27	The Sorcerer's Apprentice	160000000.0	63150991.0	217986320.0	PG	Adventure
28	Poseidon	160000000.0	60674817.0	181674817.0	PG-13	Adventure
29	Warcraft	160000000.0	47225655.0	425547111.0	PG-13	Action
30	Aquaman	160000000.0	0.0	0.0	PG-13	Action
31	Deepwater Horizon	156000000.0	61433527.0	122631306.0	PG-13	Drama
32	Terminator: Genisys	155000000.0	89760956.0	432150894.0	PG-13	Action
33	Pacific Rim: Uprising	155000000.0	59185715.0	290241338.0	PG-13	Action
34	Alexander	155000000.0	34297191.0	167297191.0	R	Action
35	War for the Planet of the Apes	152000000.0	146880162.0	489592267.0	PG-13	Action
36	Pearl Harbor	151500000.0	198539855.0	449239855.0	PG-13	Action
37	Transformers	151000000.0	319246193.0	708272592.0	PG-13	Action
38	Wonder Woman	150000000.0	412563408.0	821133378.0	PG-13	Action
39	Zootopia	150000000.0	341268248.0	1019706594.0	PG	Adventure
40	Harry Potter and the Goblet of Fire	150000000.0	290013036.0	896911078.0	PG-13	Adventure
41	The Matrix Reloaded	150000000.0	281553689.0	738576929.0	R	Action
42	I am Legend	150000000.0	256393010.0	585532684.0	PG-13	Horror
43	Hancock	150000000.0	227946274.0	624234272.0	PG-13	Action
44	Charlie and the Chocolate Factory	150000000.0	206459076.0	475825484.0	PG	Adventure
45	Ratatouille	150000000.0	206445654.0	626549695.0	G	Adventure
46	Thor: The Dark World	150000000.0	206362140.0	644602516.0	PG-13	Action
47	Batman Begins	150000000.0	205343774.0	359142722.0	PG-13	Action
48	Mission: Impossible—Rogue Nation	150000000.0	195042377.0	689388363.0	PG-13	Action
49	Dunkirk	150000000.0	190068280.0	499900860.0	PG-13	Action
50	Thor	150000000.0	181030624.0	449326618.0	PG-13	Action
51	Madagascar: Escape 2 Africa	150000000.0	180174880.0	599680774.0	PG	Adventure
52	X-Men Origins: Wolverine	150000000.0	179883157.0	374825760.0	PG-13	Action
53	Kung Fu Panda 2	150000000.0	165249063.0	664837547.0	PG	Adventure
54	Mad Max: Fury Road	150000000.0	153636354.0	370651733.0	R	Action
55	The Meg	150000000.0	142700791.0	527100791.0	PG-13	Action
56	The Matrix Revolutions	150000000.0	139270910.0	427300260.0	R	Action
57	Ready Player One	150000000.0	137018455.0	578621729.0	PG-13	Adventure
58	Mission: Impossible III	150000000.0	133501348.0	397501348.0	PG-13	Action
59	Troy	150000000.0	133298577.0	484161265.0	R	Action
60	The Last Airbender	150000000.0	131772187.0	319713881.0	PG	Adventure
61	Bee Movie	150000000.0	126631277.0	287594577.0	PG	Adventure
62	G-Force	150000000.0	119436770.0	292817841.0	PG	Adventure
63	Bolt	150000000.0	114053579.0	328015029.0	PG	Adventure
64	Wrath of the Titans	150000000.0	83670083.0	305270083.0	PG-13	Adventure
65	Beowulf	150000000.0	82280579.0	195080579.0	PG-13	Adventure
66	The Wolfman	150000000.0	62189884.0	142634358.0	R	Horror
67	The Great Wall	150000000.0	45157105.0	334550106.0	PG-13	Action
68	Pan	150000000.0	35088320.0	151543635.0	PG	Adventure
69	Mars Needs Moms	150000000.0	21392758.0	39549758.0	PG	Adventure
70	Flushed Away	149000000.0	64665672.0	179357126.0	PG	Adventure
71	Madagascar 3: Europe's Most Wanted	145000000.0	216391482.0	746921271.0	PG	Adventure
72	How to Train Your Dragon 2	145000000.0	177002924.0	614586270.0	PG	Adventure
73	Tarzan	145000000.0	171091819.0	448191819.0	G	Adventure
74	Mr. Peabody & Sherman	145000000.0	111506430.0	269806430.0	PG	Adventure
75	Rise of the Guardians	145000000.0	103412758.0	306900902.0	PG	Adventure
76	Die Another Day	142000000.0	160942139.0	431942139.0	PG-13	Action
77	Star Trek	140000000.0	257730019.0	385680446.0	PG-13	Adventure
78	Armageddon	140000000.0	201578182.0	554600000.0	PG-13	Adventure
79	Men in Black 2	140000000.0	190418803.0	441767803.0	PG-13	Action
80	Captain America: The First Avenger	140000000.0	176654505.0	370569776.0	PG-13	Action
81	Kung Fu Panda 3	140000000.0	143528619.0	518418751.0	PG	Adventure
82	Lethal Weapon 4	140000000.0	130444603.0	285400000.0	R	Action
83	G.I. Joe: Retaliation	140000000.0	122523060.0	375740705.0	PG-13	Action
84	The Last Samurai	140000000.0	111110575.0	456810575.0	R	Action
85	Fun With Dick And Jane	140000000.0	110550000.0	203018919.0	PG-13	Comedy
86	Exodus: Gods and Kings	140000000.0	65014513.0	268314513.0	PG-13	Drama
87	The BFG	140000000.0	55483770.0	199676255.0	PG	Adventure
88	Gods of Egypt	140000000.0	31153464.0	138587563.0	PG-13	Adventure
89	Spider-Man	139000000.0	403706375.0	821706375.0	PG-13	Adventure
90	Watchmen	138000000.0	107509799.0	186976250.0	R	Action
91	Stealth	138000000.0	32116746.0	76416746.0	PG-13	Action
92	The Incredible Hulk	137500000.0	134806913.0	265573859.0	PG-13	Adventure
93	Hulk	137000000.0	132177234.0	245075434.0	PG-13	Action
94	Final Fantasy: The Spirits Within	137000000.0	32131830.0	85131830.0	PG-13	Adventure
95	The Croods	135000000.0	187168425.0	573068425.0	PG	Adventure
96	The Revenant	135000000.0	183637894.0	532950503.0	R	Adventure
97	The World is Not Enough	135000000.0	126930660.0	361730660.0	PG-13	Action
98	Rango	135000000.0	123477607.0	245724600.0	PG	Adventure
99	Turbo	135000000.0	83028130.0	286896578.0	PG	Adventure
100	Happy Feet Two	135000000.0	64006466.0	157956466.0	PG	Adventure
101	Miami Vice	135000000.0	63478838.0	163818556.0	R	Action
102	War of the Worlds	132000000.0	234280354.0	606836535.0	PG-13	Action
103	Penguins of Madagascar	132000000.0	83350911.0	367650911.0	PG	Adventure
104	The Hunger Games: Catching Fire	130000000.0	424668047.0	864868047.0	PG-13	Adventure
105	Ant-Man and the Wasp	130000000.0	216565229.0	617176819.0	PG-13	Action
106	Kung Fu Panda	130000000.0	215434591.0	631910531.0	PG	Adventure
107	Ant-Man	130000000.0	180202163.0	518860086.0	PG-13	Action
108	Home	130000000.0	177397510.0	386031994.0	PG	Adventure
109	Puss in Boots	130000000.0	149260504.0	554987477.0	PG	Adventure
110	Megamind	130000000.0	148415853.0	321887208.0	PG	Adventure
111	Bad Boys II	130000000.0	138540870.0	273271982.0	R	Action
112	Rio 2	130000000.0	131538435.0	492846291.0	G	Adventure
113	Noah	130000000.0	101200044.0	352831065.0	PG-13	Drama
114	The Adventures of Tintin	130000000.0	77591831.0	373993951.0	PG	Adventure
115	After Earth	130000000.0	60522097.0	251499665.0	PG-13	Action
116	Australia	130000000.0	49554002.0	215080810.0	PG-13	Drama
117	R.I.P.D.	130000000.0	33618855.0	79076678.0	PG-13	Action
118	Dinosaur	127500000.0	137748063.0	356148063.0	PG	Adventure
119	Logan	127000000.0	226277068.0	615476965.0	R	Action
120	X-Men 2	125000000.0	214949694.0	406875536.0	PG-13	Action
121	Fast Five	125000000.0	210031325.0	630163454.0	PG-13	Action
122	Sherlock Holmes: A Game of Shadows	125000000.0	186848418.0	535663443.0	PG-13	Action
123	The Day After Tomorrow	125000000.0	186740799.0	556319450.0	PG-13	Adventure
124	The Boss Baby	125000000.0	175003033.0	510888357.0	PG	Adventure
125	Clash of the Titans	125000000.0	163214888.0	493214888.0	PG-13	Action
126	Trolls	125000000.0	153707064.0	344527425.0	PG	Adventure
127	Godzilla	125000000.0	136314294.0	376000000.0	PG-13	Action
128	Prometheus	125000000.0	126477084.0	402448265.0	R	Adventure
129	Batman & Robin	125000000.0	107325195.0	238317814.0	PG-13	Action
130	Skyscraper	125000000.0	67796355.0	304034615.0	PG	Action
131	Assassin’s Creed	125000000.0	54647948.0	240497948.0	PG-13	Action
132	Monster Trucks	125000000.0	33370166.0	61642798.0	PG-13	Adventure
133	The 13th Warrior	125000000.0	32698899.0	61698899.0	R	Action
134	How the Grinch Stole Christmas	123000000.0	260044825.0	345141403.0	PG	Adventure
135	Mission: Impossible 2	120000000.0	215409889.0	549588516.0	PG-13	Action
136	The Perfect Storm	120000000.0	182618434.0	328711434.0	PG-13	Drama
137	Jason Bourne	120000000.0	162192920.0	416197059.0	PG-13	Action
138	Life of Pi	120000000.0	124987022.0	607258634.0	PG	Drama
139	Ghost Rider	120000000.0	115802596.0	229545589.0	PG-13	Action
140	Charlie's Angels: Full Throttle	120000000.0	100814328.0	227200000.0	PG-13	Action
141	Rampage	120000000.0	99345950.0	424745950.0	PG-13	Action
142	Elysium	120000000.0	93050117.0	286192091.0	R	Action
143	Power Rangers	120000000.0	85364450.0	142545357.0	PG-13	Action
144	Stuart Little 2	120000000.0	64956806.0	166000000.0	PG	Adventure
145	The Chronicles of Riddick	120000000.0	57712751.0	107212751.0	PG-13	Adventure
146	Speed Racer	120000000.0	43945766.0	93394462.0	PG	Action
147	The Island	120000000.0	35818913.0	163018913.0	PG-13	Action
148	Knight and Day	117000000.0	76423035.0	258751370.0	PG-13	Action
149	Star Wars Ep. I: The Phantom Menace	115000000.0	474544677.0	1027044677.0	PG	Adventure
150	Monsters, Inc.	115000000.0	289423425.0	559757719.0	G	Adventure
151	The Wolverine	115000000.0	132556852.0	416456852.0	PG-13	Action
152	Dante's Peak	115000000.0	67163857.0	178200000.0	PG-13	Drama
153	The Huntsman: Winter’s War	115000000.0	48003015.0	165149302.0	PG-13	Action
154	Windtalkers	115000000.0	40914068.0	77628265.0	R	Action
155	Gulliver's Travels	112000000.0	42779261.0	232017848.0	PG	Adventure
156	Ferdinand	111000000.0	84410380.0	289867087.0	PG	Adventure
157	Deadpool 2	110000000.0	318491426.0	733809601.0	R	Action
158	Night at the Museum	110000000.0	250863268.0	579446407.0	PG	Adventure
159	Mr. and Mrs. Smith	110000000.0	186336279.0	486124090.0	PG-13	Action
160	San Andreas	110000000.0	155190832.0	457199280.0	PG-13	Adventure
161	The Smurfs	110000000.0	142614158.0	563749323.0	PG	Adventure
162	Live Free or Die Hard	110000000.0	134529403.0	382288147.0	PG-13	Action
163	The Divergent Series: Insurgent	110000000.0	130179072.0	295075882.0	PG-13	Action
164	Ocean's Twelve	110000000.0	125531634.0	362989076.0	PG-13	Adventure
165	Tomorrow Never Dies	110000000.0	125304276.0	339504276.0	PG-13	Action
166	The Patriot	110000000.0	113330342.0	215300000.0	R	Drama
167	300: Rise of an Empire	110000000.0	106580051.0	330780051.0	R	Action
168	The Green Hornet	110000000.0	98780042.0	229155503.0	PG-13	Action
169	Real Steel	110000000.0	85463309.0	263880341.0	PG-13	Action
170	The A-Team	110000000.0	77222099.0	177241171.0	PG-13	Action
171	The Smurfs 2	110000000.0	71017784.0	348547523.0	PG	Adventure
172	The Divergent Series: Allegiant	110000000.0	66184051.0	171871661.0	PG-13	Action
173	The Taking of Pelham 123	110000000.0	65452312.0	152364370.0	R	Action
174	Ender's Game	110000000.0	61737191.0	127983283.0	PG-13	Adventure
175	Home on the Range	110000000.0	50026353.0	76482461.0	PG	Adventure
176	Speed 2: Cruise Control	110000000.0	48097081.0	150468000.0	PG-13	Action
177	Kingdom of Heaven	110000000.0	47398413.0	218853353.0	R	Adventure
178	Ghost in the Shell	110000000.0	40563557.0	167918847.0	PG-13	Action
179	The Cat in the Hat	109000000.0	101018283.0	133818283.0	PG	Adventure
180	Ali	109000000.0	58183966.0	87683966.0	R	Drama
181	Allied	106000000.0	40098064.0	119285656.0	R	Drama
182	I, Robot	105000000.0	144801023.0	348629585.0	PG-13	Action
183	Stuart Little	105000000.0	140015224.0	298815224.0	PG	Adventure
184	The Princess and the Frog	105000000.0	104400899.0	270997378.0	G	Adventure
185	10,000 B.C.	105000000.0	94784201.0	269065678.0	PG-13	Adventure
186	Ice Age: Collision Course	105000000.0	64063008.0	403092412.0	PG	Adventure
187	Kingsman: The Golden Circle	104000000.0	100234838.0	408822328.0	R	Action
188	Gone in 60 Seconds	103300000.0	101643008.0	232643008.0	PG-13	Action
189	The Hangover 3	103000000.0	112200072.0	362000072.0	R	Comedy
190	A Wrinkle in Time	103000000.0	100478608.0	133401882.0	PG	Adventure
191	Public Enemies	102500000.0	97104620.0	212282709.0	R	Drama
192	Casino Royale	102000000.0	167365000.0	594420283.0	PG-13	Action
193	Minority Report	102000000.0	132024714.0	358824714.0	PG-13	Action
194	Cloud Atlas	102000000.0	27108272.0	130673154.0	R	Drama
195	Terminator 2: Judgment Day	100000000.0	203464105.0	515419827.0	R	Action
196	Batman Forever	100000000.0	184031112.0	336529144.0	PG-13	Action
197	Planet of the Apes	100000000.0	180011740.0	362211740.0	PG-13	Adventure
198	National Treasure	100000000.0	173005002.0	331323410.0	PG	Adventure
199	Venom	100000000.0	171125095.0	461825095.0	PG-13	Action
200	Little Fockers	100000000.0	148438600.0	310650574.0	PG-13	Comedy
201	True Lies	100000000.0	146282411.0	365300000.0	R	Action
202	American Gangster	100000000.0	130164645.0	267985456.0	R	Drama
203	Cloudy with a Chance of Meatballs	100000000.0	124870275.0	236827677.0	PG	Adventure
204	The Other Guys	100000000.0	119219978.0	170936470.0	PG-13	Comedy
205	Epic	100000000.0	107518682.0	262794441.0	PG	Adventure
206	Eraser	100000000.0	101295562.0	234400000.0	R	Action
207	The Hunchback of Notre Dame	100000000.0	100138851.0	325500000.0	G	Adventure
208	The Emperor's New Groove	100000000.0	89296573.0	169296573.0	G	Adventure
209	The Expendables 2	100000000.0	85028192.0	311979256.0	R	Action
210	Where the Wild Things Are	100000000.0	77233467.0	99123656.0	PG	Adventure
211	Eragon	100000000.0	75030163.0	249488115.0	PG	Adventure
212	Hercules	100000000.0	72688614.0	243388614.0	PG-13	Action
213	End of Days	100000000.0	66889043.0	212026975.0	R	Action
214	The Stepford Wives	100000000.0	59475623.0	96221971.0	PG-13	Comedy
215	Surf's Up	100000000.0	58867694.0	145395745.0	PG	Adventure
216	Blood Diamond	100000000.0	57377916.0	171377916.0	R	Action
217	Starship Troopers	100000000.0	54768952.0	121100000.0	R	Action
218	Land of the Lost	100000000.0	49438370.0	69548641.0	PG-13	Comedy
219	Catwoman	100000000.0	40202379.0	82145379.0	PG-13	Action
220	The Expendables 3	100000000.0	39322544.0	209461378.0	PG-13	Action
221	Treasure Planet	100000000.0	38120554.0	91800000.0	PG	Adventure
222	Green Zone	100000000.0	35497337.0	97523020.0	R	Drama
223	Geostorm	100000000.0	33700160.0	220800160.0	PG-13	Action
224	In the Heart of the Sea	100000000.0	25020758.0	89693309.0	PG-13	Adventure
225	Son of the Mask	100000000.0	17018422.0	59918422.0	PG	Adventure
226	The Adventures of Pluto Nash	100000000.0	4411102.0	7094995.0	PG-13	Comedy
227	Jin líng shí san chai	100000000.0	311434.0	98227017.0	R	Drama
228	Wonder Park	100000000.0	0.0	0.0	PG	Adventure
229	The Peanuts Movie	99000000.0	130178411.0	250091610.0	G	Adventure
230	The Mummy Returns	98000000.0	202007640.0	435040395.0	PG-13	Adventure
231	Gangs of New York	97000000.0	77730500.0	183124621.0	R	Drama
232	Alien: Covenant	97000000.0	74262031.0	238521247.0	R	Horror
233	Cinderella	95000000.0	201151353.0	534551353.0	PG	Drama
234	Ice Age: Continental Drift	95000000.0	161321843.0	879765137.0	PG	Adventure
235	Black Hawk Down	95000000.0	108638745.0	159691085.0	R	Action
236	Sex and the City 2	95000000.0	95347692.0	294680778.0	R	Comedy
237	The Campaign	95000000.0	86907746.0	104907746.0	R	Comedy
238	Unstoppable	95000000.0	81562942.0	165720921.0	PG-13	Action
239	The Fifth Element	95000000.0	63570862.0	263898761.0	PG-13	Action
240	The Road to El Dorado	95000000.0	50802661.0	65700000.0	PG	Adventure
241	The Lovely Bones	95000000.0	44114232.0	94894448.0	PG-13	Drama
242	Seventh Son	95000000.0	17725785.0	109485785.0	PG-13	Adventure
243	Finding Nemo	94000000.0	380529370.0	936429370.0	G	Adventure
244	Lara Croft: Tomb Raider	94000000.0	131144183.0	273330185.0	PG-13	Adventure
245	Kingsman: The Secret Service	94000000.0	128261724.0	404561724.0	R	Action
246	Jurassic Park III	93000000.0	181166115.0	365900000.0	PG-13	Action
247	Rise of the Planet of the Apes	93000000.0	176760185.0	482860185.0	PG-13	Adventure
248	The Spiderwick Chronicles	92500000.0	71195053.0	162839667.0	PG	Adventure
249	The Incredibles	92000000.0	261441092.0	614726752.0	PG	Adventure
250	A Good Day to Die Hard	92000000.0	67349198.0	304249198.0	R	Action
251	Cutthroat Island	92000000.0	10017322.0	18517322.0	PG-13	Adventure
252	The Secret Life of Walter Mitty	91000000.0	58236838.0	187861183.0	PG	Adventure
253	Jumanji: Welcome to the Jungle	90000000.0	404508916.0	961758540.0	PG-13	Adventure
254	Men in Black	90000000.0	250690539.0	587790539.0	PG-13	Adventure
255	Toy Story 2	90000000.0	245852179.0	511358276.0	G	Adventure
256	Rush Hour 2	90000000.0	226164286.0	347425832.0	PG-13	Action
257	Sherlock Holmes	90000000.0	209028679.0	498438212.0	PG-13	Adventure
258	Ice Age: Dawn of the Dinosaurs	90000000.0	196573705.0	859701857.0	PG	Adventure
259	Rio	90000000.0	143619809.0	487519809.0	G	Adventure
260	The Departed	90000000.0	132384315.0	289660619.0	R	Drama
261	Charlie's Angels	90000000.0	125305545.0	259736090.0	PG-13	Action
262	Mulan	90000000.0	120620254.0	303500000.0	G	Adventure
263	Tropic Thunder	90000000.0	110515313.0	191145256.0	R	Comedy
264	Contact	90000000.0	100920329.0	165900000.0	PG	Drama
265	You Don't Mess With the Zohan	90000000.0	100018837.0	202910991.0	PG-13	Comedy
266	Die Hard: With a Vengeance	90000000.0	100012499.0	366101666.0	R	Action
267	Atlantis: The Lost Empire	90000000.0	84052762.0	186049020.0	PG	Adventure
268	Pixels	90000000.0	78765986.0	244041804.0	PG-13	Adventure
269	Artificial Intelligence: AI	90000000.0	78616689.0	235900000.0	PG-13	Drama
270	The Haunted Mansion	90000000.0	75817994.0	155750628.0	PG	Adventure
271	Hollow Man	90000000.0	73209340.0	191200000.0	R	Horror
272	Percy Jackson: Sea of Monsters	90000000.0	68559554.0	200859554.0	PG	Adventure
273	Spy Game	90000000.0	62362560.0	143049560.0	R	Action
274	The Saint	90000000.0	61363304.0	169400000.0	PG-13	Action
275	Mission to Mars	90000000.0	60874615.0	106000000.0	PG	Adventure
276	Bicentennial Man	90000000.0	58220776.0	87420776.0	PG	Drama
277	Tomb Raider	90000000.0	57421715.0	272648985.0	PG-13	Action
278	King Arthur	90000000.0	51877963.0	203877963.0	PG-13	Adventure
279	Volcano	90000000.0	47546796.0	120100000.0	PG-13	Action
280	K-19: The Widowmaker	90000000.0	35168966.0	65716126.0	PG-13	Action
281	The Promise	90000000.0	8224288.0	10551417.0	PG-13	Drama
282	Twister	88000000.0	241688385.0	495700000.0	PG-13	Action
283	Cinderella Man	88000000.0	61649911.0	105021488.0	PG-13	Drama
284	The Predator	88000000.0	50787159.0	127987159.0	R	Action
285	Fantastic Four	87500000.0	154696080.0	333132750.0	PG-13	Action
286	Hannibal	87000000.0	165092266.0	350100280.0	R	Horror
287	Seabiscuit	86000000.0	120277854.0	148715342.0	PG-13	Drama
288	Cast Away	85000000.0	233632142.0	427230516.0	PG-13	Drama
289	Happy Feet	85000000.0	198000317.0	385000317.0	PG	Adventure
290	Air Force One	85000000.0	172956409.0	315268353.0	R	Action
291	Fast & Furious	85000000.0	155064265.0	363064265.0	PG-13	Action
292	Horton Hears a Who	85000000.0	154529439.0	299477886.0	G	Adventure
293	Divergent	85000000.0	150947895.0	276014965.0	PG-13	Adventure
294	Hotel Transylvania	85000000.0	148313048.0	378505812.0	PG	Adventure
295	I Now Pronounce You Chuck and Larry	85000000.0	119725280.0	185708462.0	PG-13	Comedy
296	Ocean's Thirteen	85000000.0	117144465.0	311744465.0	PG-13	Adventure
297	Enemy of the State	85000000.0	111549836.0	250649836.0	R	Action
298	Open Season	85000000.0	85105259.0	191932158.0	PG	Adventure
299	Tower Heist	85000000.0	78046570.0	150422946.0	PG-13	Comedy
300	102 Dalmatians	85000000.0	66941559.0	66941559.0	G	Adventure
301	Mirror Mirror	85000000.0	64935167.0	173613482.0	PG	Adventure
302	Memoirs of a Geisha	85000000.0	57010853.0	161510853.0	PG-13	Drama
303	Enemy at the Gates	85000000.0	51396781.0	96971293.0	R	Drama
304	Last Action Hero	85000000.0	50016394.0	137298489.0	PG-13	Action
305	The Rundown	85000000.0	47641743.0	80831893.0	PG-13	Action
306	Arthur Christmas	85000000.0	46462469.0	149717124.0	PG	Adventure
307	xXx: Return of Xander Cage	85000000.0	44898413.0	345044476.0	PG-13	Action
308	Meet Joe Black	85000000.0	44650003.0	44650003.0	PG-13	Drama
309	Collateral Damage	85000000.0	40048332.0	78353508.0	R	Action
310	Showtime	85000000.0	37948765.0	78948765.0	PG-13	Comedy
311	Judge Dredd	85000000.0	34687912.0	113487912.0	R	Action
312	Scott Pilgrim vs. The World	85000000.0	31611316.0	48056764.0	PG-13	Comedy
313	The Core	85000000.0	31111260.0	74132631.0	PG-13	Action
314	Father's Day	85000000.0	28681080.0	35681080.0	PG-13	Comedy
315	Scooby-Doo	84000000.0	153294164.0	276294164.0	PG	Adventure
316	Nutty Professor II: The Klumps	84000000.0	123307945.0	166307945.0	PG-13	Comedy
317	RED 2	84000000.0	53262560.0	141507355.0	PG-13	Action
318	Click	82500000.0	137355633.0	237685089.0	PG-13	Comedy
319	Charlotte's Web	82500000.0	82985708.0	143985708.0	G	Drama
320	Jumper	82500000.0	80172128.0	222640812.0	PG-13	Adventure
321	Hellboy II: The Golden Army	82500000.0	75986503.0	160388063.0	PG-13	Action
322	The Longest Yard	82000000.0	158119460.0	191558505.0	PG-13	Comedy
323	The Expendables	82000000.0	103068524.0	268268174.0	R	Action
324	The 6th Day	82000000.0	34543701.0	96024898.0	PG-13	Action
325	Bruce Almighty	81000000.0	242704995.0	484468608.0	PG-13	Comedy
326	The Hangover Part II	80000000.0	254464305.0	586464305.0	R	Comedy
327	Mission: Impossible	80000000.0	180981886.0	457697994.0	PG-13	Action
328	The Lego Batman Movie	80000000.0	175750384.0	310692896.0	PG	Adventure
329	Hotel Transylvania 2	80000000.0	169700110.0	469500298.0	PG	Adventure
330	Batman Returns	80000000.0	162833635.0	266824291.0	PG-13	Action
331	The Mummy	80000000.0	155385488.0	416385488.0	PG-13	Adventure
332	Over the Hedge	80000000.0	155019340.0	343397247.0	PG	Adventure
333	Lilo & Stitch	80000000.0	145771527.0	245800000.0	PG	Adventure
334	Deep Impact	80000000.0	140464664.0	349464664.0	PG-13	Adventure
335	Grown Ups 2	80000000.0	133668525.0	247023808.0	PG-13	Comedy
336	Get Smart	80000000.0	130319208.0	226739416.0	PG-13	Comedy
337	Robots	80000000.0	128200012.0	260700012.0	PG	Adventure
338	Four Christmases	80000000.0	120146040.0	168311558.0	PG-13	Comedy
339	Face/Off	80000000.0	112276146.0	241200000.0	R	Action
340	Bedtime Stories	80000000.0	110101975.0	221468935.0	PG	Adventure
341	Road to Perdition	80000000.0	104054514.0	183354514.0	R	Drama
342	Daredevil	80000000.0	102543518.0	182782518.0	PG-13	Action
343	Con Air	80000000.0	101117573.0	224117573.0	R	Action
344	Yogi Bear	80000000.0	100246011.0	204774690.0	PG	Adventure
345	Cold Mountain	80000000.0	95632614.0	165173909.0	R	Drama
346	The Book of Eli	80000000.0	94835059.0	158750817.0	R	Action
347	Flubber	80000000.0	92993801.0	177993801.0	PG	Comedy
348	The Haunting	80000000.0	91188905.0	180188905.0	PG-13	Horror
349	Space Jam	80000000.0	90463534.0	250200000.0	PG	Adventure
350	Fury	80000000.0	85817906.0	210315681.0	R	Drama
351	The Pink Panther	80000000.0	82226474.0	158926474.0	PG	Adventure
352	The Day the Earth Stood Still	80000000.0	79366978.0	233066978.0	PG-13	Adventure
353	Spirit: Stallion of the Cimarron	80000000.0	73215310.0	106515310.0	G	Adventure
354	Swordfish	80000000.0	69772969.0	147080413.0	R	Action
355	Lost In Space	80000000.0	69117629.0	136047317.0	PG-13	Adventure
356	Smallfoot	80000000.0	66361035.0	137161035.0	PG	Adventure
357	Bewitched	80000000.0	63313159.0	131159306.0	PG-13	Comedy
358	The Time Machine	80000000.0	56684819.0	98983590.0	PG-13	Adventure
359	What Dreams May Come	80000000.0	55485043.0	71485043.0	PG-13	Drama
360	Mighty Joe Young	80000000.0	50632037.0	50632037.0	PG	Adventure
361	The Legend of Zorro	80000000.0	45575336.0	141475336.0	PG	Adventure
362	Little Nicky	80000000.0	39442871.0	58270391.0	PG-13	Comedy
363	Surrogates	80000000.0	38577772.0	119668350.0	PG-13	Action
364	Evolution	80000000.0	38311134.0	98341932.0	PG-13	Comedy
365	The Brothers Grimm	80000000.0	37899638.0	105299638.0	PG-13	Adventure
366	Mars Attacks!	80000000.0	37771017.0	101371017.0	PG-13	Comedy
367	The Wild	80000000.0	37384046.0	99010667.0	G	Adventure
368	Walking with Dinosaurs	80000000.0	36076121.0	123386322.0	PG	Adventure
369	Thirteen Days	80000000.0	34566746.0	66554547.0	PG-13	Drama
370	Daylight	80000000.0	32908290.0	158908290.0	PG-13	Action
371	The Last Witch Hunter	80000000.0	27367660.0	131437876.0	PG-13	Action
372	Pompeii	80000000.0	23169033.0	108469033.0	PG-13	Drama
373	Looney Tunes: Back in Action	80000000.0	20950820.0	54540662.0	PG	Adventure
374	Timeline	80000000.0	19480739.0	26703184.0	PG-13	Adventure
375	Babe: Pig in the City	80000000.0	18319860.0	69131860.0	G	Adventure
376	The Postman	80000000.0	17650704.0	20841123.0	R	Action
377	Red Planet	80000000.0	17480890.0	33463969.0	PG-13	Action
378	Arthur et les Minimoys	80000000.0	15132763.0	113325743.0	PG	Adventure
379	A Sound of Thunder	80000000.0	1900451.0	6300451.0	PG-13	Action
380	The Lion King	79300000.0	421785283.0	986332275.0	G	Adventure
381	Journey 2: The Mysterious Island	79000000.0	103860290.0	318146162.0	PG	Adventure
382	Jack and Jill	79000000.0	74158157.0	150519217.0	PG	Comedy
383	A Beautiful Mind	78000000.0	170708996.0	317668058.0	PG-13	Drama
384	Cloudy with a Chance of Meatballs 2	78000000.0	119793567.0	274392649.0	PG	Adventure
385	Exorcist: The Beginning	78000000.0	41814863.0	43957541.0	R	Horror
386	The Little Prince	77500000.0	1311213.0	102029819.0	PG	Adventure
387	Despicable Me 2	76000000.0	368065385.0	975216835.0	PG	Adventure
388	2 Fast 2 Furious	76000000.0	127120058.0	236410607.0	PG-13	Action
389	The Secret Life of Pets	75000000.0	368384330.0	886767422.0	PG	Adventure
390	Independence Day	75000000.0	306169255.0	817400878.0	PG-13	Adventure
391	Sing	75000000.0	270329045.0	634547945.0	PG	Adventure
392	Despicable Me 3	75000000.0	264624300.0	1034520868.0	PG	Adventure
393	The Lost World: Jurassic Park	75000000.0	229086679.0	618638999.0	PG-13	Action
394	Ice Age: The Meltdown	75000000.0	195330621.0	651899282.0	PG	Adventure
395	Madagascar	75000000.0	193595521.0	556559566.0	PG	Adventure
396	Grown Ups	75000000.0	162001186.0	272223430.0	PG-13	Comedy
397	Shark Tale	75000000.0	161412000.0	371917043.0	PG	Adventure
398	X-Men	75000000.0	157299717.0	296872367.0	PG-13	Action
399	Wanted	75000000.0	134508551.0	342416460.0	R	Action
400	The Rock	75000000.0	134069511.0	336069511.0	R	Action
401	Christopher Robin	75000000.0	98677443.0	186977443.0	PG	Adventure
402	Inspector Gadget	75000000.0	97387965.0	97387965.0	PG	Adventure
403	Immortals	75000000.0	83504017.0	211562435.0	R	Action
404	The Terminal	75000000.0	77073959.0	218673959.0	PG-13	Drama
405	Constantine	75000000.0	75976178.0	221594911.0	R	Action
406	Monster House	75000000.0	73661010.0	141267370.0	PG	Adventure
407	Vertical Limit	75000000.0	68473360.0	213500000.0	PG-13	Action
408	Charlie Wilson's War	75000000.0	66661095.0	119512771.0	R	Drama
409	Be Cool	75000000.0	55849401.0	94944017.0	PG-13	Comedy
410	Munich	75000000.0	47379090.0	131492772.0	R	Drama
411	Killers	75000000.0	47059963.0	95572749.0	PG-13	Action
412	The Man From U.N.C.L.E.	75000000.0	45445109.0	105445109.0	PG-13	Action
413	Tears of the Sun	75000000.0	43632458.0	85632458.0	R	Action
414	Lady in the Water	75000000.0	42285169.0	72785169.0	PG-13	Drama
415	Spanglish	75000000.0	42044321.0	54344321.0	PG-13	Comedy
416	Anna and the King	75000000.0	39251128.0	39251128.0	PG-13	Drama
417	First Knight	75000000.0	37361412.0	127361412.0	PG-13	Drama
418	Sucker Punch	75000000.0	36392502.0	89758389.0	PG-13	Action
419	Hostage	75000000.0	34636443.0	77636443.0	R	Action
420	Hollywood Homicide	75000000.0	30207785.0	50409753.0	PG-13	Action
421	Titan A.E.	75000000.0	22751979.0	36751979.0	PG	Adventure
422	Flight of the Phoenix	75000000.0	21009180.0	34009180.0	PG-13	Adventure
423	Soldier	75000000.0	14623082.0	14623082.0	R	Action
424	Virus	75000000.0	14010690.0	30626690.0	R	Action
425	Monkeybone	75000000.0	5409517.0	5409517.0	PG-13	Comedy
426	Minions	74000000.0	336045770.0	1162781621.0	PG	Adventure
427	The Angry Birds Movie	73000000.0	107509366.0	352829528.0	PG	Adventure
428	Sphere	73000000.0	37068294.0	50168294.0	PG-13	Horror
429	The Simpsons Movie	72500000.0	183135014.0	527071022.0	PG-13	Adventure
430	Fool's Gold	72500000.0	70231041.0	109362966.0	PG-13	Adventure
431	Funny People	72500000.0	51855045.0	71880305.0	R	Comedy
432	The Kingdom	72500000.0	47467250.0	86509602.0	R	Action
433	Dr. Dolittle 2	72000000.0	112950721.0	176101721.0	PG	Adventure
434	Braveheart	72000000.0	75545647.0	209045244.0	R	Drama
435	Jarhead	72000000.0	62647540.0	96947540.0	R	Drama
436	Driven	72000000.0	32616869.0	54616869.0	PG-13	Action
437	The Majestic	72000000.0	27796042.0	37306334.0	PG	Drama
438	Two Brothers	72000000.0	19176754.0	62176754.0	PG	Drama
439	Doctor Dolittle	71500000.0	144156605.0	294156605.0	PG-13	Adventure
440	Shrek 2	70000000.0	441226247.0	937008132.0	PG	Adventure
441	Cars	70000000.0	244082982.0	461651246.0	G	Adventure
442	Who Framed Roger Rabbit?	70000000.0	154112492.0	351500000.0	PG	Adventure
443	xXx	70000000.0	141930000.0	267200000.0	PG-13	Action
444	Ocean’s 8	70000000.0	139377762.0	296277762.0	PG-13	Action
445	Ransom	70000000.0	136492681.0	308700000.0	R	Action
446	Inglourious Basterds	70000000.0	120774594.0	316915264.0	R	Action
447	Hook	70000000.0	119654823.0	300854823.0	PG	Adventure
448	Die Hard 2	70000000.0	117323878.0	239814025.0	R	Action
449	S.W.A.T.	70000000.0	116877597.0	207154748.0	PG-13	Action
450	Daddy’s Home 2	70000000.0	104029443.0	175809810.0	PG-13	Comedy
451	Sleepy Hollow	70000000.0	101068340.0	207068340.0	R	Horror
452	Battle: Los Angeles	70000000.0	83552429.0	213463976.0	PG-13	Action
453	AVP: Alien Vs. Predator	70000000.0	80281096.0	172543519.0	PG-13	Horror
454	War Horse	70000000.0	79883359.0	156815529.0	PG-13	Drama
455	We Were Soldiers	70000000.0	78120196.0	114658262.0	R	Drama
456	The Monuments Men	70000000.0	78031620.0	158702748.0	PG-13	Drama
457	Storks	70000000.0	72679278.0	174030321.0	PG	Adventure
458	Star Trek: Insurrection	70000000.0	70187658.0	117800000.0	PG	Adventure
459	Big Fish	70000000.0	66432867.0	123954323.0	PG-13	Drama
460	Underworld: Awakening	70000000.0	62321039.0	160379930.0	R	Action
461	The Lego Ninjago Movie	70000000.0	59281555.0	122739546.0	PG	Adventure
462	Dracula Untold	70000000.0	55991880.0	220241723.0	PG-13	Action
463	The Guardian	70000000.0	55011732.0	94973540.0	PG-13	Action
464	The Abyss	70000000.0	54243125.0	54243125.0	PG-13	Action
465	Wall Street 2: Money Never Sleeps	70000000.0	52474616.0	137431619.0	PG-13	Drama
466	The Dilemma	70000000.0	48475290.0	70546865.0	PG-13	Comedy
467	Rumor Has It	70000000.0	42996140.0	88933562.0	PG-13	Comedy
468	The Siege	70000000.0	40934175.0	116625798.0	R	Action
469	Stardust	70000000.0	38634938.0	137022245.0	PG-13	Adventure
470	Seven Years in Tibet	70000000.0	37945884.0	131445884.0	PG-13	Drama
471	The Brave One	70000000.0	36793804.0	69792704.0	R	Drama
472	I Spy	70000000.0	33561137.0	60279822.0	PG-13	Action
473	Bad Company	70000000.0	30157016.0	69157016.0	PG-13	Action
474	Doom	70000000.0	28212337.0	54612337.0	R	Horror
475	Killer Elite	70000000.0	25124986.0	65409046.0	R	Action
476	Hard Rain	70000000.0	19870567.0	19870567.0	R	Action
477	Hart's War	70000000.0	19076815.0	33076815.0	R	Drama
478	Rollerball	70000000.0	18990542.0	25852508.0	PG-13	Action
479	The Legend of Hercules	70000000.0	18848538.0	58953319.0	PG-13	Adventure
480	Ballistic: Ecks vs. Sever	70000000.0	14294842.0	14294842.0	R	Action
481	Osmosis Jones	70000000.0	13596911.0	13596911.0	PG	Adventure
482	Legends of Oz: Dorothy’s Return	70000000.0	8462347.0	20107933.0	PG	Adventure
483	Agora	70000000.0	619423.0	38992292.0	R	Drama
484	Despicable Me	69000000.0	251513985.0	543464573.0	PG	Adventure
485	Dinner for Schmucks	69000000.0	73026337.0	86796502.0	PG-13	Comedy
486	The Twilight Saga: Eclipse	68000000.0	300531751.0	706102828.0	PG-13	Drama
487	The Sum of All Fears	68000000.0	118471320.0	193500000.0	PG-13	Action
488	Ted 2	68000000.0	81476385.0	217214143.0	R	Comedy
489	Hall Pass	68000000.0	45060734.0	87173475.0	R	Comedy
490	Money Train	68000000.0	35324232.0	77224232.0	R	Action
491	Dreamcatcher	68000000.0	33685268.0	75685268.0	R	Drama
492	Mystery Men	68000000.0	29762011.0	33462011.0	PG-13	Comedy
493	The Insider	68000000.0	28965197.0	60265197.0	R	Drama
494	Downsizing	68000000.0	24449754.0	48681134.0	R	Comedy
495	Doctor Seuss' The Lorax	67500000.0	214030500.0	350976753.0	PG	Adventure
496	Abraham Lincoln: Vampire Hunter	67500000.0	37519139.0	137489730.0	R	Horror
497	Last Man Standing	67000000.0	18115927.0	18115927.0	R	Action
498	The Last Legion	67000000.0	5932060.0	25357771.0	PG-13	Action
499	The X Files: Fight the Future	66000000.0	83898313.0	189176423.0	PG-13	Action
500	Need for Speed	66000000.0	43568507.0	194169619.0	PG-13	Action
501	Saving Private Ryan	65000000.0	216335085.0	485035085.0	R	Drama
502	Lincoln	65000000.0	182207973.0	273346281.0	PG-13	Drama
503	Ice Age	65000000.0	176387405.0	386116343.0	PG	Adventure
504	Apollo 13	65000000.0	173772767.0	335802271.0	PG	Drama
505	The Matrix	65000000.0	171479930.0	463517383.0	R	Action
506	The Santa Clause 2	65000000.0	139225854.0	172825854.0	G	Adventure
507	Total Recall	65000000.0	119394839.0	261400000.0	R	Action
508	You've Got Mail	65000000.0	115821495.0	250800000.0	PG	Drama
509	Unbroken	65000000.0	115637895.0	163527824.0	PG-13	Drama
510	Spy!	65000000.0	110825712.0	233121406.0	R	Comedy
511	Due Date	65000000.0	100539043.0	211739043.0	R	Comedy
512	Step Brothers	65000000.0	100468793.0	128468793.0	R	Comedy
513	Jumanji	65000000.0	100458310.0	262758310.0	PG	Adventure
514	The Mask of Zorro	65000000.0	93828745.0	233700000.0	PG-13	Adventure
515	Space Cowboys	65000000.0	90454043.0	128874043.0	PG-13	Adventure
516	Cliffhanger	65000000.0	84049211.0	255000000.0	R	Action
517	Pete’s Dragon	65000000.0	76233151.0	137768975.0	PG	Adventure
518	Broken Arrow	65000000.0	70645997.0	148345997.0	R	Action
519	World Trade Center	65000000.0	70278893.0	163295654.0	PG-13	Drama
520	The Kid	65000000.0	69688384.0	69688384.0	PG	Comedy
521	Mona Lisa Smile	65000000.0	63803100.0	141205169.0	PG-13	Drama
522	The Dictator	65000000.0	59650222.0	180148897.0	R	Comedy
523	Eyes Wide Shut	65000000.0	55691208.0	104267443.0	R	Drama
524	Blade: Trinity	65000000.0	52397389.0	131353165.0	R	Action
525	We Are Marshall	65000000.0	43545364.0	43545364.0	PG	Drama
526	Resident Evil: Retribution	65000000.0	42345531.0	238940997.0	R	Action
527	Primary Colors	65000000.0	39017984.0	39017984.0	R	Comedy
528	Fight Club	65000000.0	37030102.0	100851705.0	R	Drama
529	Death Race	65000000.0	36316032.0	72516819.0	R	Action
530	The Long Kiss Goodnight	65000000.0	33447612.0	33447612.0	R	Action
531	Proof of Life	65000000.0	32598931.0	62761005.0	R	Action
532	Zathura	65000000.0	28045540.0	58545540.0	PG	Adventure
533	Elektra	65000000.0	24409722.0	56824633.0	PG-13	Action
534	Astro Boy	65000000.0	19551067.0	41636243.0	PG	Adventure
535	I, Frankenstein	65000000.0	19075290.0	74575290.0	PG-13	Action
536	Hudson Hawk	65000000.0	17218916.0	17218916.0	R	Action
537	Sin City: A Dame to Kill For	65000000.0	13757804.0	40650842.0	R	Action
538	Live by Night	65000000.0	10378555.0	21778555.0	R	Drama
539	Lucky Numbers	65000000.0	10014234.0	10014234.0	R	Comedy
540	Oliver Twist	65000000.0	2070920.0	26670920.0	PG-13	Drama
541	Tian jiang xiong shi	65000000.0	74070.0	122519874.0	R	Action
542	Little Man	64000000.0	58636047.0	101636047.0	PG-13	Comedy
543	Random Hearts	64000000.0	31054924.0	63200000.0	R	Drama
544	Perfume: The Story of a Murderer	63700000.0	2223293.0	133603463.0	R	Drama
545	Jurassic Park	63000000.0	395708305.0	1038812584.0	PG-13	Action
546	Austin Powers in Goldmember	63000000.0	213117789.0	296338663.0	PG-13	Comedy
547	Hop	63000000.0	108085305.0	188657593.0	PG	Adventure
548	Clear and Present Danger	62000000.0	122012656.0	207500000.0	PG-13	Action
549	U-571	62000000.0	77086030.0	127630030.0	PG-13	Action
550	The Love Guru	62000000.0	32235793.0	40159017.0	PG-13	Comedy
551	3000 Miles to Graceland	62000000.0	15738632.0	18708848.0	R	Drama
552	Blades of Glory	61000000.0	118594548.0	145594548.0	PG-13	Comedy
553	2 Guns	61000000.0	75612460.0	132493015.0	R	Action
554	Meet the Fockers	60000000.0	279167575.0	516567575.0	PG-13	Comedy
555	The Lego Movie	60000000.0	257784718.0	457729388.0	PG	Adventure
556	Wild Hogs	60000000.0	168213584.0	253555383.0	PG-13	Comedy
557	Marley & Me	60000000.0	143153751.0	247812011.0	PG	Comedy
558	The Green Mile	60000000.0	136801374.0	290701374.0	R	Drama
559	Chicken Little	60000000.0	135386665.0	310043823.0	G	Adventure
560	The Truman Show	60000000.0	125618201.0	264118201.0	PG	Drama
561	Sully	60000000.0	125070033.0	238552082.0	PG-13	Drama
562	Couples Retreat	60000000.0	109205660.0	172450423.0	PG-13	Comedy
563	Goldeneye	60000000.0	106429941.0	356429941.0	PG-13	Action
564	The Italian Job	60000000.0	106126012.0	176262839.0	PG-13	Adventure
565	Daddy Day Care	60000000.0	104148781.0	164285587.0	PG	Comedy
566	The General's Daughter	60000000.0	102705852.0	149705852.0	R	Drama
567	The Prince of Egypt	60000000.0	101413188.0	218613188.0	PG	Adventure
568	Collateral	60000000.0	100170152.0	217670152.0	R	Action
569	Cats & Dogs	60000000.0	93375151.0	200700000.0	PG	Comedy
570	Antz	60000000.0	90757863.0	152457863.0	PG	Adventure
571	The Scorpion King	60000000.0	90580000.0	165890634.0	PG-13	Action
572	Red	60000000.0	90380162.0	196439693.0	PG-13	Action
573	Starsky & Hutch	60000000.0	88200225.0	170200225.0	PG-13	Comedy
574	Days of Thunder	60000000.0	82670733.0	157670733.0	PG-13	Action
575	Cheaper by the Dozen 2	60000000.0	82571173.0	135015330.0	PG	Adventure
576	Eat Pray Love	60000000.0	80574010.0	206598789.0	PG-13	Drama
577	Jack Reacher	60000000.0	80070736.0	217370736.0	PG-13	Drama
578	The Family Man	60000000.0	75764085.0	124715863.0	PG-13	Comedy
579	Any Given Sunday	60000000.0	75530832.0	100230832.0	R	Drama
580	The Horse Whisperer	60000000.0	75383563.0	186883563.0	PG-13	Drama
581	Coraline	60000000.0	75286229.0	126037057.0	PG	Adventure
582	Ladder 49	60000000.0	74541707.0	102332848.0	PG-13	Action
583	Deep Blue Sea	60000000.0	73648228.0	165048228.0	R	Action
584	Kangaroo Jack	60000000.0	66723216.0	90723216.0	PG	Adventure
585	London Has Fallen	60000000.0	62524260.0	194094168.0	R	Action
586	The Shaggy Dog	60000000.0	61123569.0	87123569.0	PG	Comedy
587	Jingle All the Way	60000000.0	60592389.0	129832389.0	PG	Adventure
588	Hellboy	60000000.0	59623958.0	99823958.0	PG-13	Action
589	Jack Reacher: Never Go Back	60000000.0	58697076.0	160038407.0	PG-13	Action
590	Baywatch	60000000.0	58060186.0	176023296.0	R	Comedy
591	A Civil Action	60000000.0	56709981.0	56709981.0	PG-13	Drama
592	Joy	60000000.0	56451232.0	101134059.0	PG-13	Drama
593	ParaNorman	60000000.0	56003051.0	108119662.0	PG	Adventure
594	Up Close & Personal	60000000.0	51045801.0	100645801.0	PG-13	Drama
595	The Tale of Despereaux	60000000.0	50877145.0	90482317.0	G	Adventure
596	The Boxtrolls	60000000.0	50837305.0	111946251.0	PG	Adventure
597	The Tuxedo	60000000.0	50586000.0	104429625.0	PG-13	Action
598	Jack Ryan: Shadow Recruit	60000000.0	50577412.0	131377412.0	PG-13	Action
599	Under Siege 2: Dark Territory	60000000.0	50024083.0	104324083.0	R	Action
600	Alien: Resurrection	60000000.0	47795018.0	160700000.0	R	Action
601	Practical Magic	60000000.0	46850558.0	68336997.0	PG-13	Comedy
602	Gangster Squad	60000000.0	46000903.0	104100903.0	R	Drama
603	Smurfs: The Lost Village	60000000.0	45020282.0	197422438.0	PG	Adventure
604	Year One	60000000.0	43337279.0	57604723.0	PG-13	Comedy
605	Edge of Darkness	60000000.0	43313890.0	82812456.0	R	Drama
606	Star Trek: Nemesis	60000000.0	43254409.0	67312826.0	PG-13	Adventure
607	Reign of Fire	60000000.0	43061982.0	82150183.0	PG-13	Action
608	Planet 51	60000000.0	42194060.0	108996113.0	PG	Adventure
609	Invictus	60000000.0	37491364.0	124514011.0	PG-13	Drama
610	My Favorite Martian	60000000.0	36850101.0	36850101.0	PG	Comedy
611	Trouble with the Curve	60000000.0	35763137.0	47818913.0	PG-13	Drama
612	The Relic	60000000.0	33956608.0	33956608.0	R	Horror
613	Almost Famous	60000000.0	32522352.0	47371191.0	R	Comedy
614	Analyze That	60000000.0	32122249.0	54994757.0	R	Comedy
615	The Soloist	60000000.0	31853584.0	38522450.0	PG-13	Drama
616	The Legend of Bagger Vance	60000000.0	30695227.0	39235486.0	PG-13	Drama
617	Dragonfly	60000000.0	30063805.0	30063805.0	PG-13	Drama
618	First Man	60000000.0	30000050.0	55500050.0	PG-13	Drama
619	Garfield: A Tail of Two Kitties	60000000.0	28426747.0	147985373.0	PG	Adventure
620	XXX: State of the Union	60000000.0	26873932.0	71073932.0	PG-13	Action
621	Event Horizon	60000000.0	26673242.0	26673242.0	R	Horror
622	Sinbad: Legend of the Seven Seas	60000000.0	26483452.0	80767884.0	PG	Adventure
623	EDtv	60000000.0	22508689.0	35319689.0	PG-13	Comedy
624	The Spirit	60000000.0	19806188.0	39006188.0	PG-13	Action
625	The Last Castle	60000000.0	18208078.0	20541668.0	R	Drama
626	Inkheart	60000000.0	17303424.0	66655938.0	PG	Adventure
627	Supernova	60000000.0	14218868.0	14816494.0	PG-13	Action
628	Flyboys	60000000.0	13090630.0	14816379.0	PG-13	Drama
629	Winter's Tale	60000000.0	12600231.0	22468620.0	PG-13	Drama
630	Holy Man	60000000.0	12069719.0	12069719.0	PG	Comedy
631	Meet Dave	60000000.0	11803254.0	50648806.0	PG	Adventure
632	The Great Raid	60000000.0	10166502.0	10597070.0	R	Action
633	Rock Dog	60000000.0	9420546.0	24152192.0	PG	Adventure
634	Mortdecai	60000000.0	7696134.0	30396134.0	R	Adventure
635	Beyond Borders	60000000.0	4426297.0	11427090.0	R	Drama
636	Sherlock Gnomes	59000000.0	43242871.0	87750965.0	PG	Adventure
637	Deadpool	58000000.0	363070709.0	801029249.0	R	Action
638	American Sniper	58000000.0	350126372.0	547326372.0	R	Drama
639	Goosebumps	58000000.0	80069458.0	158905324.0	PG	Horror
640	Rambo III	58000000.0	53715611.0	188715611.0	R	Action
641	Red Tails	58000000.0	49876377.0	50365498.0	PG-13	Action
642	The Internship	58000000.0	44672764.0	93672764.0	PG-13	Comedy
643	The Flintstones in Viva Rock Vegas	58000000.0	35231365.0	59431365.0	PG	Adventure
644	Sex and the City	57500000.0	152647258.0	415247258.0	R	Comedy
645	Resident Evil: Afterlife	57500000.0	60128566.0	295874190.0	R	Horror
646	That's My Boy	57500000.0	36931089.0	58085235.0	R	Comedy
647	Devil's Advocate	57000000.0	61007424.0	153007424.0	R	Drama
648	Ghost Rider: Spirit of Vengeance	57000000.0	51774002.0	149217355.0	PG-13	Action
649	Dragonheart	57000000.0	51364680.0	104364680.0	PG-13	Adventure
650	After the Sunset	57000000.0	28328132.0	38329114.0	PG-13	Action
651	Captain Corelli's Mandolin	57000000.0	25528495.0	62097495.0	R	Drama
652	Anger Management	56000000.0	135560942.0	195660942.0	PG-13	Comedy
653	The Pacifier	56000000.0	113006880.0	198006880.0	PG	Comedy
654	Walking Tall	56000000.0	46213824.0	47313824.0	PG-13	Action
655	Forrest Gump	55000000.0	330151138.0	679850637.0	PG-13	Drama
656	Alvin and the Chipmunks	55000000.0	217326974.0	362605033.0	PG	Adventure
657	Meet the Parents	55000000.0	166225040.0	330425040.0	PG-13	Comedy
658	The Pursuit of Happyness	55000000.0	162586036.0	307311093.0	PG-13	Drama
659	Pocahontas	55000000.0	141579773.0	347100000.0	G	Adventure
660	Superman	55000000.0	134218018.0	300200000.0	PG	Adventure
661	The Nutty Professor	55000000.0	128814019.0	273814019.0	PG-13	Comedy
662	Fifty Shades Darker	55000000.0	114434010.0	381437482.0	R	Drama
663	Captain Phillips	55000000.0	107136417.0	220648184.0	PG-13	Drama
664	George Of The Jungle	55000000.0	105263257.0	174463257.0	PG	Adventure
665	American Wedding	55000000.0	104354205.0	126425115.0	R	Comedy
666	Murder on the Orient Express	55000000.0	102826543.0	345924923.0	PG-13	Drama
667	The Equalizer	55000000.0	101530738.0	192903624.0	R	Action
668	Fifty Shades Freed	55000000.0	100407760.0	371222158.0	R	Drama
669	Casper	55000000.0	100328194.0	282300000.0	PG	Comedy
670	Date Night	55000000.0	98711404.0	152269033.0	PG-13	Comedy
671	Crimson Tide	55000000.0	91387195.0	159387195.0	R	Action
672	Disclosure	55000000.0	83015089.0	212200000.0	R	Drama
673	City of Angels	55000000.0	78750909.0	198750909.0	PG-13	Drama
674	Paddington	55000000.0	76223578.0	258789097.0	PG	Adventure
675	R.V.	55000000.0	71724497.0	87473024.0	PG	Adventure
676	Stargate	55000000.0	71565669.0	196565669.0	PG-13	Action
677	Kill Bill: Volume 1	55000000.0	70098138.0	176469428.0	R	Action
678	Mr. Poppers's Penguins	55000000.0	68224452.0	189624452.0	PG	Adventure
679	Bowfinger	55000000.0	66458769.0	98699769.0	PG-13	Comedy
680	Kill Bill: Volume 2	55000000.0	66207920.0	153535982.0	R	Action
681	Tango & Cash	55000000.0	63408614.0	63408614.0	R	Action
682	Death Becomes Her	55000000.0	58422650.0	149022650.0	PG-13	Comedy
683	Free Birds	55000000.0	55750480.0	110387072.0	PG	Adventure
684	Alien 3	55000000.0	54927174.0	158500000.0	R	Action
685	The Forbidden Kingdom	55000000.0	52075270.0	129075270.0	PG-13	Action
686	Muppets Most Wanted	55000000.0	51178893.0	79312301.0	PG	Adventure
687	Kubo and the Two Strings	55000000.0	48023088.0	77548564.0	PG	Adventure
688	Ronin	55000000.0	41610884.0	70692101.0	R	Action
689	Burlesque	55000000.0	39440655.0	90552675.0	PG-13	Drama
690	The Ghost and the Darkness	55000000.0	38564422.0	38564422.0	R	Action
691	The Watch	55000000.0	34353000.0	67130045.0	R	Comedy
692	Instinct	55000000.0	34105207.0	34105207.0	R	Drama
693	Stuck On You	55000000.0	33832741.0	63537164.0	PG-13	Comedy
694	Semi-Pro	55000000.0	33479698.0	43980363.0	R	Comedy
695	Crimson Peak	55000000.0	31090320.0	75466595.0	R	Horror
696	The Pirates! Band of Misfits	55000000.0	31051126.0	136143605.0	PG	Adventure
697	Aeon Flux	55000000.0	25857987.0	53913573.0	PG-13	Action
698	Elizabeth: The Golden Age	55000000.0	16285240.0	74870866.0	PG-13	Drama
699	Imagine That	55000000.0	16222392.0	16222392.0	PG	Adventure
700	Gods and Generals	55000000.0	12882934.0	12923936.0	PG-13	Drama
701	Bullet to the Head	55000000.0	9489829.0	22597969.0	R	Action
702	All the King's Men	55000000.0	7221458.0	9521458.0	PG-13	Drama
703	Thunderbirds	55000000.0	6768055.0	28231444.0	PG	Adventure
704	Un long dimanche de fiançailles	55000000.0	6167817.0	69759296.0	R	Drama
705	Lucky You	55000000.0	5755286.0	6521829.0	PG-13	Drama
706	Lolita	55000000.0	1147784.0	1147784.0	R	Drama
707	Superman II	54000000.0	108185706.0	108185706.0	PG	Adventure
708	Blade 2	54000000.0	81676888.0	154338601.0	R	Action
709	You, Me and Dupree	54000000.0	75802010.0	130402010.0	PG-13	Comedy
710	Seven Pounds	54000000.0	69951824.0	166617328.0	PG-13	Drama
711	The Godfather: Part III	54000000.0	66520529.0	66520529.0	R	Drama
712	Elizabethtown	54000000.0	26850426.0	50719373.0	PG-13	Drama
713	The Dukes of Hazzard	53000000.0	80270227.0	109848461.0	PG-13	Comedy
714	Black Mass	53000000.0	62575678.0	98837872.0	R	Drama
715	Flags of Our Fathers	53000000.0	33602376.0	63657941.0	R	Drama
716	Grindhouse	53000000.0	25031037.0	50187789.0	R	Horror
717	Beloved	53000000.0	22852487.0	22852487.0	R	Drama
718	Zero Dark Thirty	52500000.0	95720716.0	134612435.0	R	Drama
719	Catch Me if You Can	52000000.0	164606800.0	355612291.0	PG-13	Drama
720	Casino	52000000.0	42438300.0	110400000.0	R	Drama
721	The Change-Up	52000000.0	37243418.0	75997067.0	R	Comedy
722	The Thin Red Line	52000000.0	36400491.0	97709034.0	R	Drama
723	Man on the Moon	52000000.0	34580635.0	47407635.0	R	Drama
724	Bulletproof Monk	52000000.0	23010607.0	23010607.0	PG-13	Action
725	Deck the Halls	51000000.0	35093569.0	46815807.0	PG	Comedy
726	The Twilight Saga: New Moon	50000000.0	296623634.0	687557727.0	PG-13	Drama
727	Shrek	50000000.0	267655011.0	491812794.0	PG	Adventure
728	Ted	50000000.0	218665740.0	556016627.0	R	Adventure
729	22 Jump Street	50000000.0	191719337.0	331333876.0	R	Comedy
730	Robin Hood: Prince of Thieves	50000000.0	165493908.0	390500000.0	PG-13	Adventure
731	Daddy’s Home	50000000.0	150357137.0	242757137.0	PG-13	Comedy
732	Patch Adams	50000000.0	135014968.0	202173000.0	PG-13	Comedy
733	Central Intelligence	50000000.0	127440871.0	217196811.0	PG-13	Comedy
734	Anchorman 2: The Legend Continues	50000000.0	127352707.0	172185754.0	PG-13	Comedy
735	Mr. Deeds	50000000.0	126293452.0	171269535.0	PG-13	Comedy
736	Erin Brockovich	50000000.0	125548685.0	257805243.0	R	Drama
737	Peter Rabbit	50000000.0	115234093.0	347134901.0	PG	Adventure
738	Yes Man	50000000.0	97690976.0	225990976.0	PG-13	Comedy
739	Non-Stop	50000000.0	91742160.0	222383055.0	PG-13	Action
740	Stepmom	50000000.0	91137662.0	159745279.0	PG-13	Drama
741	Disney Planes	50000000.0	90282580.0	238059569.0	PG	Adventure
742	The Emoji Movie	50000000.0	86089513.0	216508301.0	PG	Adventure
743	Crazy, Stupid, Love	50000000.0	84351197.0	147142328.0	PG-13	Comedy
744	The Post	50000000.0	81903458.0	179769457.0	PG-13	Drama
745	Payback	50000000.0	81526121.0	161626121.0	R	Action
746	Congo	50000000.0	81022333.0	152022333.0	PG-13	Adventure
747	The Ring Two	50000000.0	75941727.0	161941727.0	PG-13	Horror
748	We Bought a Zoo	50000000.0	75624550.0	118729073.0	PG	Drama
749	Moneyball	50000000.0	75605492.0	111300835.0	PG-13	Drama
750	Garfield: The Movie	50000000.0	75367693.0	208094550.0	PG	Adventure
751	Christmas with the Kranks	50000000.0	73701902.0	96469187.0	PG	Comedy
752	V for Vendetta	50000000.0	70511035.0	130214162.0	R	Action
753	Race to Witch Mountain	50000000.0	67172595.0	105103784.0	PG	Adventure
754	Herbie: Fully Loaded	50000000.0	66010682.0	144110682.0	G	Adventure
755	Shanghai Knights	50000000.0	60470220.0	88316835.0	PG-13	Adventure
756	Planes: Fire and Rescue	50000000.0	59157732.0	156399644.0	PG	Adventure
757	Curious George	50000000.0	58640119.0	71052604.0	G	Adventure
758	American Reunion	50000000.0	56758835.0	236799211.0	R	Comedy
759	Hansel & Gretel: Witch Hunters	50000000.0	55703475.0	214949716.0	R	Action
760	I am Number Four	50000000.0	55100437.0	146195159.0	PG-13	Adventure
761	Unfaithful	50000000.0	52752475.0	119114494.0	R	Drama
762	Resident Evil: Apocalypse	50000000.0	50740078.0	125168734.0	R	Horror
763	The Book of Life	50000000.0	50151543.0	97651543.0	PG	Adventure
764	G.I. Jane	50000000.0	48169156.0	48169156.0	R	Drama
765	The Judge	50000000.0	47119388.0	76119388.0	R	Drama
766	Silent Hill	50000000.0	46982632.0	94704227.0	R	Horror
767	The Replacements	50000000.0	44737059.0	50054511.0	PG-13	Comedy
768	The Negotiator	50000000.0	44705766.0	49105766.0	R	Action
769	War Dogs	50000000.0	43034523.0	86234523.0	R	Comedy
770	Beverly Hills Cop III	50000000.0	42586861.0	119180938.0	R	Action
771	Gremlins 2: The New Batch	50000000.0	41476097.0	41476097.0	PG-13	Comedy
772	The Peacemaker	50000000.0	41263140.0	62967368.0	R	Action
773	The Beach	50000000.0	39778599.0	39778599.0	R	Drama
774	On Deadly Ground	50000000.0	38590458.0	38590458.0	R	Action
775	Ninja Assassin	50000000.0	38122883.0	62209892.0	R	Action
776	Raising Helen	50000000.0	37485528.0	49928680.0	PG-13	Comedy
777	For Love of the Game	50000000.0	35188640.0	46112640.0	PG-13	Drama
778	Jack Frost	50000000.0	34645374.0	34645374.0	PG	Comedy
779	Marmaduke	50000000.0	33644788.0	89895930.0	PG	Adventure
780	Striptease	50000000.0	33109743.0	113309743.0	R	Comedy
781	Assassins	50000000.0	30306268.0	83306268.0	R	Action
782	Zoolander 2	50000000.0	28848693.0	55348693.0	PG-13	Comedy
783	Defiance	50000000.0	28644813.0	52987754.0	R	Drama
784	Run All Night	50000000.0	26461644.0	66961644.0	R	Action
785	Escape from L.A.	50000000.0	25426861.0	25426861.0	R	Action
786	The Life Aquatic with Steve Zissou	50000000.0	24006726.0	34806726.0	R	Comedy
787	The Iron Giant	50000000.0	23159305.0	31333917.0	PG	Adventure
788	Your Highness	50000000.0	21596445.0	26121638.0	R	Comedy
789	Snowden	50000000.0	21587519.0	34841016.0	R	Drama
790	Dream House	50000000.0	21302340.0	41642166.0	PG-13	Horror
791	Free State of Jones	50000000.0	20810036.0	23237175.0	R	Drama
792	Gamer	50000000.0	20534907.0	42002029.0	R	Action
793	Into the Blue	50000000.0	18782227.0	41982227.0	PG-13	Adventure
794	Baby's Day Out	50000000.0	16581575.0	16581575.0	PG	Adventure
795	Fair Game	50000000.0	11497497.0	26097497.0	R	Action
796	Drive Angry	50000000.0	10721033.0	41042583.0	R	Action
797	Mad City	50000000.0	10561038.0	10561038.0	PG-13	Drama
798	The Scarlet Letter	50000000.0	10359006.0	10359006.0	R	Drama
799	Domino	50000000.0	10169202.0	22969202.0	R	Action
800	Early Man	50000000.0	8267544.0	44773318.0	PG	Adventure
801	The Boat That Rocked	50000000.0	8017467.0	37472651.0	R	Comedy
802	The Big Bounce	50000000.0	6471394.0	6626115.0	PG-13	Comedy
803	What Planet Are You From?	50000000.0	6291602.0	6291602.0	R	Comedy
804	Outlander	50000000.0	166003.0	1250617.0	R	Adventure
805	Shanghai	50000000.0	46425.0	15505922.0	R	Drama
806	The One	49000000.0	43905746.0	72689126.0	PG-13	Action
807	Chappie	49000000.0	31569268.0	105002056.0	R	Action
808	The Adventures of Ford Fairlane	49000000.0	20423389.0	20423389.0	R	Comedy
809	Indiana Jones and the Last Crusade	48000000.0	197171806.0	474171806.0	PG-13	Adventure
810	The Ring	48000000.0	129094024.0	248218486.0	PG-13	Horror
811	Traffic	48000000.0	124107476.0	208300000.0	R	Drama
812	Taken 3	48000000.0	89256424.0	327656424.0	PG-13	Action
813	Three Kings	48000000.0	60652036.0	107752036.0	R	Action
814	Tooth Fairy	48000000.0	60022256.0	112610386.0	PG	Adventure
815	Rat Race	48000000.0	56607223.0	86607223.0	PG-13	Comedy
816	K-PAX	48000000.0	50315140.0	50315140.0	PG-13	Drama
817	Bedazzled	48000000.0	37879996.0	90376224.0	PG-13	Comedy
818	Out of Sight	48000000.0	37562568.0	77562568.0	R	Drama
819	The Cotton Club	48000000.0	25928721.0	25928721.0	nan	Drama
820	Rambo	47500000.0	42754105.0	112214531.0	R	Action
821	Dick Tracy	47000000.0	103738726.0	162738726.0	PG	Action
822	Arrival	47000000.0	100546139.0	203162211.0	PG-13	Drama
823	The Cable Guy	47000000.0	60240295.0	102825796.0	PG-13	Comedy
824	Riding in Cars with Boys	47000000.0	29781453.0	29781453.0	PG-13	Drama
825	Happily N'Ever After	47000000.0	15849032.0	37923818.0	PG	Adventure
826	Solaris	47000000.0	14970038.0	14970038.0	PG-13	Drama
827	Jonah Hex	47000000.0	10547117.0	11022696.0	PG-13	Action
828	Mary Reilly	47000000.0	5707094.0	12900000.0	R	Drama
829	Silence	46500000.0	7100177.0	23727516.0	R	Drama
830	My Best Friend's Wedding	46000000.0	126813153.0	298923419.0	PG	Comedy
831	Star Trek: First Contact	46000000.0	92027888.0	150000000.0	PG-13	Adventure
832	Courage Under Fire	46000000.0	59003384.0	100833145.0	R	Drama
833	Inchon	46000000.0	4408636.0	4408636.0	nan	Drama
834	Liar Liar	45000000.0	181410615.0	302710615.0	PG-13	Comedy
835	A Bug's Life	45000000.0	162798565.0	363095319.0	G	Adventure
836	The Flintstones	45000000.0	130531208.0	358500000.0	PG	Comedy
837	Scary Movie 3	45000000.0	110000082.0	155200000.0	PG-13	Comedy
838	Miss Congeniality	45000000.0	106807667.0	213420951.0	PG-13	Comedy
839	Pitch Perfect 3	45000000.0	104897530.0	185736412.0	PG-13	Comedy
840	Journey to the Center of the Earth	45000000.0	101704370.0	243180937.0	PG	Adventure
841	The Pelican Brief	45000000.0	100768056.0	187995859.0	PG-13	Drama
842	The Bucket List	45000000.0	93466502.0	174807445.0	PG-13	Comedy
843	The Client	45000000.0	92115211.0	117615211.0	PG-13	Drama
844	The Muppets	45000000.0	88625922.0	160971922.0	PG	Adventure
845	Patriot Games	45000000.0	83287363.0	178100000.0	R	Action
846	Monster-in-Law	45000000.0	82931301.0	155931301.0	PG-13	Comedy
847	Training Day	45000000.0	76261036.0	104505362.0	R	Drama
848	Galaxy Quest	45000000.0	71423726.0	90523726.0	PG	Adventure
849	Scary Movie 2	45000000.0	71277420.0	141189101.0	R	Comedy
850	Blade	45000000.0	70141876.0	131237688.0	R	Action
851	Coach Carter	45000000.0	67264877.0	76665507.0	PG-13	Drama
852	Anaconda	45000000.0	65598907.0	136998907.0	PG-13	Horror
853	Underworld: Evolution	45000000.0	62318875.0	113417762.0	R	Action
854	Coyote Ugly	45000000.0	60786269.0	113916474.0	PG-13	Drama
855	Jack	45000000.0	58617334.0	58617334.0	PG-13	Drama
856	The Specialist	45000000.0	57362581.0	57362581.0	R	Action
857	Office Christmas Party	45000000.0	54767494.0	91340376.0	R	Comedy
858	Yours, Mine and Ours	45000000.0	53359917.0	72359917.0	PG	Comedy
859	Resident Evil: Extinction	45000000.0	50648679.0	146162920.0	R	Action
860	Fat Albert	45000000.0	48114556.0	48563556.0	PG	Comedy
861	The River Wild	45000000.0	46815000.0	94215000.0	PG-13	Action
862	All Eyez on Me	45000000.0	44922302.0	54876855.0	R	Drama
863	Last Holiday	45000000.0	38399961.0	43343247.0	PG-13	Comedy
864	16 Blocks	45000000.0	36895141.0	65595141.0	PG-13	Action
865	The Indian in the Cupboard	45000000.0	35627222.0	35627222.0	PG	Adventure
866	The Ant Bully	45000000.0	28142535.0	49610898.0	PG	Adventure
867	Johnny English	45000000.0	28013509.0	163126676.0	PG	Adventure
868	Dune	45000000.0	27447471.0	27447471.0	nan	Action
869	Aliens in the Attic	45000000.0	25200412.0	59551283.0	PG	Adventure
870	Revolutionary Road	45000000.0	22951340.0	79604820.0	R	Drama
871	Babylon A.D.	45000000.0	22532572.0	70216497.0	PG-13	Action
872	Frankenstein	45000000.0	22006296.0	112006296.0	R	Horror
873	The Glimmer Man	45000000.0	20404841.0	36404841.0	R	Action
874	Multiplicity	45000000.0	20133326.0	20133326.0	PG-13	Comedy
875	The Pledge	45000000.0	19719930.0	29406132.0	R	Drama
876	The Phantom	45000000.0	17220599.0	17220599.0	PG	Action
877	Rebound	45000000.0	16809014.0	17492014.0	PG	Comedy
878	Nixon	45000000.0	13668249.0	34668249.0	R	Drama
879	Dredd	45000000.0	13414714.0	41467606.0	R	Action
880	The Rum Diary	45000000.0	13109815.0	21544732.0	R	Drama
881	Deep Rising	45000000.0	11203026.0	11203026.0	R	Action
882	Johnny English Reborn	45000000.0	8406711.0	164640401.0	PG	Adventure
883	Miracle at St. Anna	45000000.0	7916887.0	9676497.0	R	Drama
884	Big Trouble	45000000.0	7262288.0	8488871.0	PG-13	Comedy
885	Man cheng jin dai huang jin jia	45000000.0	6566773.0	76904429.0	R	Action
886	Love in the Time of Cholera	45000000.0	4617608.0	31077418.0	R	Drama
887	Rambo: First Blood Part II	44000000.0	150415432.0	300400000.0	R	Action
888	Sleepers	44000000.0	53300852.0	165600852.0	R	Drama
889	Charlie St. Cloud	44000000.0	31206263.0	48478084.0	PG-13	Drama
890	The Interview	44000000.0	6105175.0	12342632.0	R	Comedy
891	The Heat	43000000.0	159581587.0	229727774.0	R	Comedy
892	Finding Forrester	43000000.0	51768623.0	80013623.0	PG-13	Drama
893	28 Days	43000000.0	37035515.0	62063972.0	PG-13	Comedy
894	Danny the Dog	43000000.0	24537621.0	49037621.0	R	Action
895	A Monster Calls	43000000.0	3740823.0	46414964.0	PG-13	Drama
896	The Mechanic	42500000.0	29121498.0	76347393.0	R	Action
897	21 Jump Street	42000000.0	138447667.0	202812429.0	R	Comedy
898	Chicken Run	42000000.0	106793915.0	227793915.0	G	Adventure
899	Boomerang	42000000.0	70052444.0	131052444.0	R	Comedy
900	Brüno	42000000.0	60054530.0	138708527.0	R	Comedy
901	Cleopatra	42000000.0	57000000.0	71000000.0	G	Drama
902	Snatched	42000000.0	45852178.0	57852177.0	R	Comedy
903	Here Comes the Boom	42000000.0	45290318.0	73239258.0	PG	Comedy
904	Licence to Kill	42000000.0	34667015.0	156167015.0	PG-13	Action
905	One for the Money	42000000.0	26414527.0	36197221.0	PG-13	Comedy
906	Lord of War	42000000.0	24149632.0	60437727.0	R	Action
907	Super Mario Bros.	42000000.0	20844907.0	20844907.0	PG	Action
908	Hero	42000000.0	19487173.0	66787173.0	PG-13	Comedy
909	McHale's Navy	42000000.0	4408420.0	4408420.0	PG	Comedy
910	Micmacs	42000000.0	1259693.0	11756922.0	R	Comedy
911	8 Mile	41000000.0	116724075.0	245768384.0	R	Drama
912	A Knight’s Tale	41000000.0	56083966.0	100622586.0	PG-13	Adventure
913	The Medallion	41000000.0	22108977.0	22108977.0	PG-13	Comedy
914	The Big Year	41000000.0	7204138.0	7684524.0	PG	Comedy
915	Wedding Crashers	40000000.0	209218368.0	283218368.0	R	Comedy
916	Fifty Shades of Grey	40000000.0	166167230.0	570998101.0	R	Drama
917	Cheaper by the Dozen	40000000.0	138614544.0	190212113.0	PG	Comedy
918	Lucy	40000000.0	126573960.0	457507776.0	R	Action
919	Lone Survivor	40000000.0	125095601.0	149804632.0	R	Action
920	Back to the Future Part II	40000000.0	118450002.0	332000000.0	PG	Adventure
921	Double Jeopardy	40000000.0	116735231.0	177835231.0	R	Action
922	Spy Kids 3-D: Game Over	40000000.0	111760631.0	167851995.0	PG	Adventure
923	A Time to Kill	40000000.0	108766007.0	152266007.0	R	Drama
924	A League of Their Own	40000000.0	107533925.0	132440066.0	PG	Comedy
925	The Social Network	40000000.0	96962694.0	224922135.0	PG-13	Drama
926	Julie & Julia	40000000.0	94125426.0	126646119.0	PG-13	Comedy
927	John Wick: Chapter Two	40000000.0	92029184.0	171370497.0	R	Action
928	Ride Along 2	40000000.0	90862685.0	124827316.0	PG-13	Comedy
929	Scary Movie 4	40000000.0	90710620.0	178710620.0	PG-13	Comedy
930	Get Hard	40000000.0	90411453.0	106511453.0	R	Comedy
931	Scream 3	40000000.0	89138076.0	161838076.0	R	Horror
932	Back to the Future Part III	40000000.0	88055283.0	244088654.0	PG	Adventure
933	Dumb and Dumber To	40000000.0	86208010.0	156553592.0	PG-13	Comedy
934	Bram Stoker's Dracula	40000000.0	82522790.0	215862692.0	R	Horror
935	Eight Below	40000000.0	81612565.0	120455994.0	PG	Adventure
936	The Talented Mr. Ripley	40000000.0	81292135.0	128792135.0	R	Drama
937	The Intern	40000000.0	75764672.0	197232734.0	PG-13	Comedy
938	The Last of the Mohicans	40000000.0	75505856.0	75505856.0	R	Action
939	Ray	40000000.0	75305995.0	124823094.0	PG-13	Drama
940	Sin City	40000000.0	74103820.0	158527918.0	R	Action
941	I Love You, Man	40000000.0	72013010.0	92302502.0	R	Comedy
942	JFK	40000000.0	70405498.0	205400000.0	R	Drama
943	Big Momma's House 2	40000000.0	70165972.0	137047376.0	PG-13	Comedy
944	Hacksaw Ridge	40000000.0	67209615.0	168940583.0	R	Drama
945	The Mexican	40000000.0	66808615.0	145238250.0	R	Action
946	The Final Destination	40000000.0	66477700.0	187384627.0	R	Horror
947	17 Again	40000000.0	64167069.0	139474906.0	PG-13	Comedy
948	Get Him to the Greek	40000000.0	61153526.0	91455875.0	R	Comedy
949	Gothika	40000000.0	59588068.0	141484812.0	R	Horror
950	Behind Enemy Lines	40000000.0	58855732.0	58855732.0	PG-13	Action
951	Invincible	40000000.0	57806952.0	58501127.0	PG	Drama
952	Escape From Planet Earth	40000000.0	57012977.0	74156610.0	PG	Adventure
953	Small Soldiers	40000000.0	55143823.0	71743823.0	PG-13	Adventure
954	Spawn	40000000.0	54979992.0	87949859.0	PG-13	Action
955	Horrible Bosses 2	40000000.0	54445357.0	105945357.0	R	Comedy
956	The Count of Monte Cristo	40000000.0	54228104.0	75389090.0	PG-13	Drama
957	The Lake House	40000000.0	52330111.0	114830111.0	PG	Drama
958	Predators	40000000.0	52000688.0	127234389.0	R	Action
959	The Odd Life of Timothy Green	40000000.0	51853450.0	55249159.0	PG	Drama
960	The Living Daylights	40000000.0	51185000.0	191200000.0	PG	Action
961	Apocalypto	40000000.0	50866635.0	121032272.0	R	Action
962	Legal Eagles	40000000.0	49851591.0	49851591.0	PG	Comedy
963	The Skeleton Key	40000000.0	47907715.0	92256918.0	PG-13	Horror
964	Jersey Boys	40000000.0	47047013.0	65282732.0	R	Drama
965	The Rainmaker	40000000.0	45916769.0	45916769.0	PG-13	Drama
966	Medicine Man	40000000.0	44948240.0	44948240.0	PG-13	Drama
967	Amistad	40000000.0	44212592.0	58250151.0	R	Drama
968	A Million Ways to Die in The West	40000000.0	42720965.0	86778557.0	R	Comedy
969	Final Destination 5	40000000.0	42587643.0	155011165.0	R	Horror
970	Aliens vs. Predator - Requiem	40000000.0	41797066.0	128884494.0	R	Action
971	The Water Horse: Legend of the Deep	40000000.0	40412817.0	103429755.0	PG	Drama
972	Sex Tape	40000000.0	38543473.0	126069509.0	R	Comedy
973	Scream 4	40000000.0	38180928.0	95989590.0	R	Horror
974	Ri¢hie Ri¢h	40000000.0	38087756.0	38087756.0	PG	Comedy
975	Autumn in New York	40000000.0	37752931.0	90717684.0	PG-13	Drama
976	Paul	40000000.0	37412945.0	101162106.0	R	Comedy
977	The Guilt Trip	40000000.0	37134215.0	41294674.0	PG-13	Comedy
978	Hanging Up	40000000.0	36037909.0	51867723.0	PG-13	Comedy
979	The Doors	40000000.0	34416893.0	34416893.0	R	Drama
980	Mickey Blue Eyes	40000000.0	33864342.0	53864342.0	PG-13	Comedy
981	Pay it Forward	40000000.0	33508922.0	55696705.0	PG-13	Drama
982	Drillbit Taylor	40000000.0	32862104.0	49686263.0	PG-13	Comedy
983	Extremely Loud and Incredibly Close	40000000.0	31847881.0	55247881.0	PG-13	Drama
984	The Shadow	40000000.0	31835600.0	31835600.0	PG-13	Action
985	Morning Glory	40000000.0	31011732.0	59795070.0	PG-13	Comedy
986	Get Rich or Die Tryin'	40000000.0	30981850.0	46666955.0	R	Drama
987	Grudge Match	40000000.0	29807260.0	69807260.0	PG-13	Comedy
988	The Out-of-Towners	40000000.0	28544120.0	28544120.0	PG-13	Comedy
989	The Nut Job 2: Nutty by Nature	40000000.0	28370522.0	57465156.0	PG	Adventure
990	The Island of Dr. Moreau	40000000.0	27682712.0	27682712.0	PG-13	Adventure
991	The Musketeer	40000000.0	27053815.0	27053815.0	PG-13	Adventure
992	Resident Evil: The Final Chapter	40000000.0	26844692.0	312825686.0	R	Action
993	The Other Boleyn Girl	40000000.0	26814957.0	78269970.0	PG-13	Drama
994	The House	40000000.0	25584504.0	31192743.0	R	Comedy
995	Sweet November	40000000.0	25288103.0	65754228.0	PG-13	Drama
996	The Reaping	40000000.0	25126214.0	62226214.0	R	Horror
997	Renaissance Man	40000000.0	24172899.0	24172899.0	PG-13	Comedy
998	Quest for Camelot	40000000.0	22772500.0	38172500.0	G	Adventure
999	City by the Sea	40000000.0	22433915.0	22433915.0	R	Drama
1000	At First Sight	40000000.0	22365133.0	22365133.0	PG-13	Drama
1001	Torque	40000000.0	21176322.0	46176322.0	PG-13	Action
1002	Fantastic Mr. Fox	40000000.0	21002919.0	47083412.0	PG	Adventure
1003	City Hall	40000000.0	20278055.0	20278055.0	R	Drama
1004	Big Miracle	40000000.0	20157300.0	25268680.0	PG	Drama
1005	The Impossible	40000000.0	19019882.0	169590606.0	PG-13	Drama
1006	A Thousand Words	40000000.0	18450127.0	20790486.0	PG-13	Comedy
1007	Marie Antoinette	40000000.0	15962471.0	60862471.0	PG-13	Drama
1008	Get Carter	40000000.0	14967182.0	19417182.0	R	Drama
1009	Kiss of Death	40000000.0	14942422.0	14942422.0	R	Drama
1010	Ishtar	40000000.0	14375181.0	14375181.0	PG-13	Comedy
1011	Memoirs of an Invisible Man	40000000.0	14358033.0	14358033.0	PG-13	Comedy
1012	Amelia	40000000.0	14279575.0	19756077.0	PG	Drama
1013	New York Minute	40000000.0	14018364.0	21215882.0	PG	Comedy
1014	The Deep End of the Ocean	40000000.0	13508635.0	13508635.0	PG-13	Drama
1015	FearDotCom	40000000.0	13208023.0	13208023.0	R	Horror
1016	Soul Men	40000000.0	12082391.0	12345883.0	R	Comedy
1017	Universal Soldier II: The Return	40000000.0	10447421.0	10717421.0	R	Action
1018	Pandorum	40000000.0	10330853.0	17033431.0	R	Horror
1019	Duplex	40000000.0	9652000.0	10070651.0	PG-13	Comedy
1020	Extreme Ops	40000000.0	4835968.0	12624471.0	PG-13	Action
1021	Just Visiting	40000000.0	4777007.0	16172200.0	PG-13	Comedy
1022	The Hudsucker Proxy	40000000.0	2816518.0	14938149.0	PG	Comedy
1023	Billy Lynn’s Long Halftime Walk	40000000.0	1738477.0	30230402.0	R	Drama
1024	Delgo	40000000.0	915840.0	915840.0	PG	Adventure
1025	The Hunting Party	40000000.0	876671.0	7729552.0	R	Adventure
1026	Alex Rider: Operation Stormbreaker	40000000.0	659210.0	20722450.0	PG	Action
1027	Red Cliff	40000000.0	627047.0	119627047.0	R	Action
1028	The Last Shot	40000000.0	463730.0	463730.0	R	Comedy
1029	Nomad	40000000.0	79123.0	79123.0	R	Drama
1030	USS Indianapolis: Men of Courage	40000000.0	0.0	1641255.0	R	Drama
1031	The Time Traveler's Wife	39000000.0	63414846.0	102332135.0	PG-13	Drama
1032	Superman III	39000000.0	59950623.0	59950623.0	PG	Adventure
1033	Because I Said So	39000000.0	42674040.0	69538833.0	PG-13	Comedy
1034	Frankenweenie	39000000.0	35287788.0	81150788.0	PG	Adventure
1035	Sgt. Bilko	39000000.0	30356589.0	37956589.0	PG	Comedy
1036	Serenity	39000000.0	25514517.0	40319440.0	PG-13	Action
1037	Against the Ropes	39000000.0	5881504.0	6429865.0	PG-13	Drama
1038	Yi dai zong shi	38600000.0	6594959.0	57987299.0	PG-13	Action
1039	The Fast and the Furious	38000000.0	144512310.0	206512310.0	PG-13	Action
1040	Sweet Home Alabama	38000000.0	127214072.0	182365114.0	PG-13	Comedy
1041	Star Trek: Generations	38000000.0	75671262.0	120000000.0	PG	Adventure
1042	Paul Blart: Mall Cop 2	38000000.0	71091594.0	107650646.0	PG	Adventure
1043	Mouse Hunt	38000000.0	61894591.0	61894591.0	PG	Adventure
1044	Why Him?	38000000.0	60323786.0	117439538.0	R	Comedy
1045	Water for Elephants	38000000.0	58709717.0	116809717.0	PG-13	Drama
1046	The Hurricane	38000000.0	50699241.0	73956241.0	R	Drama
1047	Riddick	38000000.0	42025135.0	94763758.0	R	Action
1048	The 5th Wave	38000000.0	34912982.0	111336398.0	PG-13	Action
1049	Rush	38000000.0	26947624.0	98230839.0	R	Drama
1050	Angel Eyes	38000000.0	24044532.0	29544532.0	R	Drama
1051	Joe Somebody	38000000.0	22770864.0	24515990.0	PG	Comedy
1052	Only the Brave	38000000.0	18340051.0	24181629.0	PG-13	Drama
1053	Extreme Measures	38000000.0	17378193.0	17378193.0	R	Drama
1054	Rock Star	38000000.0	16991902.0	19317765.0	R	Drama
1055	White Squall	38000000.0	10229300.0	10229300.0	PG-13	Adventure
1056	City of Ember	38000000.0	7873007.0	17831558.0	PG	Adventure
1057	Switchback	38000000.0	6504442.0	6504442.0	R	Action
1058	The Master	37500000.0	16247159.0	50647416.0	R	Drama
1059	The Express	37500000.0	9793406.0	9813309.0	PG	Drama
1060	We're the Millers	37000000.0	150394119.0	267816276.0	R	Comedy
1061	Creed	37000000.0	109767581.0	173567581.0	PG-13	Drama
1062	The Town	37000000.0	92186262.0	152566881.0	R	Drama
1063	Dolphin Tale	37000000.0	72286779.0	96068724.0	PG	Drama
1064	Game Night	37000000.0	69001013.0	117201013.0	R	Comedy
1065	13 Going On 30	37000000.0	57139723.0	97658712.0	PG-13	Comedy
1066	Nim's Island	37000000.0	48006762.0	101857425.0	PG	Adventure
1067	Cop Out	37000000.0	44875481.0	55909910.0	R	Comedy
1068	The Rite	37000000.0	33047633.0	97143987.0	PG-13	Horror
1069	Space Chimps	37000000.0	30105968.0	67029956.0	G	Adventure
1070	Magnolia	37000000.0	22450975.0	48446802.0	R	Drama
1071	Aloha	37000000.0	21052030.0	24935799.0	PG-13	Drama
1072	A Star is Born	36000000.0	126181246.0	200881246.0	R	Drama
1073	Gnomeo and Juliet	36000000.0	99967670.0	193737977.0	G	Comedy
1074	John Q	36000000.0	71026631.0	102226631.0	PG-13	Drama
1075	Blue Streak	36000000.0	68208190.0	117448157.0	PG-13	Action
1076	Never Say Never Again	36000000.0	55500000.0	160000000.0	PG	Action
1077	Hot Tub Time Machine	36000000.0	50269859.0	65967750.0	R	Comedy
1078	Dolphin Tale 2	36000000.0	42024533.0	57824533.0	PG	Drama
1079	Collateral Beauty	36000000.0	31016021.0	85315070.0	PG-13	Drama
1080	A Man Apart	36000000.0	26500000.0	43797731.0	R	Action
1081	Reindeer Games	36000000.0	23360779.0	23360779.0	R	Action
1082	Snow Falling on Cedars	36000000.0	14378353.0	14378353.0	PG-13	Drama
1083	Ghosts of Mississippi	36000000.0	13052741.0	13052741.0	PG-13	Drama
1084	Gattaca	36000000.0	12532777.0	12532777.0	PG-13	Drama
1085	Isn't She Great	36000000.0	2954405.0	2954405.0	R	Comedy
1086	Yip Man 3	36000000.0	2679437.0	157300954.0	PG-13	Action
1087	There Be Dragons	36000000.0	1069334.0	4020990.0	PG-13	Drama
1088	Queen of the Desert	36000000.0	0.0	1578543.0	PG-13	Drama
1089	Head of State	35200000.0	37788228.0	38283765.0	PG-13	Comedy
1090	It	35000000.0	327481748.0	697459228.0	R	Horror
1091	The Hangover	35000000.0	277322503.0	465764086.0	R	Comedy
1092	The Blind Side	35000000.0	255959475.0	305705794.0	PG-13	Drama
1093	Batman	35000000.0	251188924.0	411348924.0	PG-13	Action
1094	Lethal Weapon 3	35000000.0	144731527.0	319700000.0	R	Action
1095	Rush Hour	35000000.0	141186864.0	245300000.0	PG-13	Action
1096	Identity Thief	35000000.0	134506920.0	175361578.0	R	Comedy
1097	The Devil Wears Prada	35000000.0	124740460.0	326073155.0	PG-13	Comedy
1098	Horrible Bosses	35000000.0	117538559.0	212417601.0	R	Comedy
1099	Spy Kids	35000000.0	112692062.0	197692062.0	PG	Adventure
1100	Trainwreck	35000000.0	110212700.0	141123897.0	R	Comedy
1101	Saving Mr. Banks	35000000.0	83299761.0	114962525.0	PG-13	Drama
1102	Star Trek: The Motion Picture	35000000.0	82258456.0	139000000.0	PG	Adventure
1103	The English Patient	35000000.0	78716374.0	231710008.0	R	Drama
1104	Hotel for Dogs	35000000.0	73178547.0	122357172.0	PG	Adventure
1105	Guess Who	35000000.0	68915888.0	102115888.0	PG-13	Comedy
1106	This is 40	35000000.0	67544505.0	90221182.0	R	Comedy
1107	L.A. Confidential	35000000.0	64604977.0	126204977.0	R	Drama
1108	Sky High	35000000.0	63939454.0	83109359.0	PG	Adventure
1109	In & Out	35000000.0	63826569.0	83226569.0	PG-13	Comedy
1110	Species	35000000.0	60054449.0	113354449.0	R	Action
1111	The Benchwarmers	35000000.0	59843754.0	65063726.0	PG-13	Comedy
1112	Secretariat	35000000.0	59699513.0	60376247.0	PG	Drama
1113	The Man in the Iron Mask	35000000.0	56968169.0	56968169.0	PG-13	Adventure
1114	Neighbors 2: Sorority Rising	35000000.0	55340730.0	108758521.0	R	Comedy
1115	TMNT	35000000.0	54149098.0	96096018.0	PG	Action
1116	Radio	35000000.0	52333738.0	53293628.0	PG	Drama
1117	Sicario: Day of the Soldado	35000000.0	50065850.0	73285196.0	R	Action
1118	Old Dogs	35000000.0	49492060.0	95104304.0	PG	Comedy
1119	Malcolm X	35000000.0	48169910.0	48169910.0	PG-13	Drama
1120	Underworld 3: Rise of the Lycans	35000000.0	45802315.0	89102315.0	R	Action
1121	12 Strong	35000000.0	45500164.0	70798829.0	R	Drama
1122	Donnie Brasco	35000000.0	41954997.0	65303052.0	R	Drama
1123	Max Payne	35000000.0	40689393.0	85763888.0	PG-13	Action
1124	Resident Evil	35000000.0	40119709.0	103787401.0	R	Horror
1125	The Ladykillers	35000000.0	39692139.0	77392139.0	R	Comedy
1126	The Nativity Story	35000000.0	37629831.0	46309644.0	PG	Drama
1127	J. Edgar	35000000.0	37306030.0	84606030.0	R	Drama
1128	Bounce	35000000.0	36805288.0	53425292.0	PG-13	Drama
1129	Mile 22	35000000.0	36108758.0	64708758.0	R	Action
1130	The Foreigner	35000000.0	34393507.0	140783646.0	R	Action
1131	Closer	35000000.0	33987757.0	116177695.0	R	Drama
1132	Street Fighter	35000000.0	33423000.0	99423000.0	PG-13	Action
1133	Black Knight	35000000.0	33422806.0	33422806.0	PG-13	Adventure
1134	The Pianist	35000000.0	32519322.0	111854182.0	R	Drama
1135	House of Wax	35000000.0	32064800.0	70064800.0	R	Horror
1136	Adrift	35000000.0	31445011.0	57931376.0	PG-13	Drama
1137	Mirrors	35000000.0	30691439.0	77220596.0	R	Horror
1138	Queen of the Damned	35000000.0	30307804.0	30307804.0	R	Horror
1139	Nanny McPhee and the Big Bang	35000000.0	29197642.0	97799865.0	PG	Adventure
1140	Goosebumps 2: Haunted Halloween	35000000.0	28804812.0	39904812.0	PG	Horror
1141	Predator 2	35000000.0	28317513.0	54768418.0	R	Action
1142	Flash Gordon	35000000.0	27107960.0	27107960.0	nan	Action
1143	Superhero Movie	35000000.0	26638520.0	73026302.0	PG-13	Comedy
1144	Blast from the Past	35000000.0	26613620.0	26613620.0	PG-13	Comedy
1145	Jersey Girl	35000000.0	25266129.0	37066129.0	PG-13	Comedy
1146	Heist	35000000.0	23483357.0	28906817.0	R	Action
1147	Hoffa	35000000.0	23365858.0	28391473.0	R	Drama
1148	Whiskey Tango Foxtrot	35000000.0	23083334.0	25350747.0	R	Comedy
1149	Ella Enchanted	35000000.0	22913677.0	22913677.0	PG	Comedy
1150	Hitman: Agent 47	35000000.0	22467450.0	81959582.0	R	Action
1151	The X-Files: I Want to Believe	35000000.0	20982478.0	68170792.0	PG-13	Action
1152	Valiant	35000000.0	19478106.0	64188387.0	G	Adventure
1153	Wonder Boys	35000000.0	19389454.0	33422485.0	R	Comedy
1154	Cursed	35000000.0	19294901.0	25114901.0	PG-13	Horror
1155	Walk Hard: The Dewey Cox Story	35000000.0	18317151.0	20606053.0	R	Comedy
1156	The Four Feathers	35000000.0	18306166.0	29882645.0	PG-13	Drama
1157	Furry Vengeance	35000000.0	17630465.0	39340177.0	PG	Adventure
1158	Bait	35000000.0	15325127.0	15471969.0	R	Action
1159	Dungeons and Dragons	35000000.0	15185241.0	33771965.0	PG-13	Adventure
1160	Lions for Lambs	35000000.0	14998070.0	63211088.0	R	Drama
1161	Flight of the Intruder	35000000.0	14471440.0	14471440.0	PG-13	Action
1162	The Tree of Life	35000000.0	13305665.0	61721826.0	PG-13	Drama
1163	Zoom	35000000.0	11989328.0	12506188.0	PG	Adventure
1164	The Shipping News	35000000.0	11405825.0	24405825.0	R	Drama
1165	The Young Victoria	35000000.0	11001272.0	31878891.0	PG	Drama
1166	Sabotage	35000000.0	10508518.0	18376443.0	R	Action
1167	Knock Off	35000000.0	10319915.0	10319915.0	R	Action
1168	Unfinished Business	35000000.0	10219501.0	12819501.0	R	Comedy
1169	The Walk	35000000.0	10161183.0	61197045.0	PG	Drama
1170	The Fountain	35000000.0	10144010.0	15461638.0	PG-13	Drama
1171	Mandela: Long Walk to Freedom	35000000.0	8323085.0	29890402.0	PG-13	Drama
1172	Punisher: War Zone	35000000.0	8050977.0	10157534.0	R	Action
1173	A Good Year	35000000.0	7459300.0	42064105.0	PG-13	Drama
1174	The Brothers Grimsby	35000000.0	6864016.0	28721408.0	R	Comedy
1175	Warriors of Virtue	35000000.0	6448817.0	6448817.0	PG	Action
1176	Luther	35000000.0	5781086.0	32736879.0	PG-13	Drama
1177	Biutiful	35000000.0	5101237.0	24687524.0	R	Drama
1178	Radio Flyer	35000000.0	4651977.0	4651977.0	PG-13	Drama
1179	A Hologram for the King	35000000.0	4212494.0	11848058.0	R	Drama
1180	Lion of the Desert	35000000.0	1500000.0	1500000.0	nan	Drama
1181	Le hussard sur le toit	35000000.0	1320043.0	1320043.0	R	Drama
1182	Stolen	35000000.0	289773.0	17967746.0	R	Action
1183	The Lovers	35000000.0	0.0	11106.0	PG-13	Adventure
1184	The Darkest Hour	34800000.0	21443494.0	62831715.0	PG-13	Action
1185	The Longest Ride	34000000.0	37446117.0	63802928.0	PG-13	Drama
1186	The Age of Innocence	34000000.0	32014993.0	32014993.0	PG	Drama
1187	Gake no ue no Ponyo	34000000.0	15090399.0	205312666.0	G	Adventure
1188	Chill Factor	34000000.0	11263966.0	11263966.0	R	Action
1189	I Dreamed of Africa	34000000.0	6543194.0	14291999.0	PG-13	Drama
1190	Reds	33500000.0	50000000.0	50000000.0	PG	Drama
1191	A Few Good Men	33000000.0	141340178.0	236500000.0	R	Drama
1192	Big Momma's House	33000000.0	117559438.0	173559438.0	PG-13	Comedy
1193	Exit Wounds	33000000.0	51758599.0	79958599.0	R	Action
1194	Mike and Dave Need Wedding Dates	33000000.0	46009673.0	75909673.0	R	Comedy
1195	Step Up Revolution	33000000.0	35074677.0	165552290.0	PG-13	Drama
1196	The Punisher	33000000.0	33664370.0	54533774.0	R	Action
1197	Safe	33000000.0	17142080.0	41495213.0	R	Action
1198	Doomsday	33000000.0	11008770.0	21621188.0	R	Action
1199	Pushing Tin	33000000.0	8408835.0	8408835.0	R	Comedy
1200	Goal! The Dream Begins	33000000.0	4283255.0	27610873.0	PG	Drama
1201	Bridesmaids	32500000.0	169211718.0	289632023.0	R	Comedy
1202	The Reader	32500000.0	34194407.0	112964875.0	R	Drama
1203	Wanderlust	32500000.0	17288155.0	24159934.0	R	Comedy
1204	Elf	32000000.0	173398518.0	220236410.0	PG	Adventure
1205	Phenomenon	32000000.0	104636382.0	152036382.0	PG	Drama
1206	This is the End	32000000.0	101470202.0	126539117.0	R	Comedy
1207	Snow Dogs	32000000.0	81150692.0	116898028.0	PG	Adventure
1208	Nacho Libre	32000000.0	80197993.0	99296462.0	PG	Comedy
1209	Scrooged	32000000.0	59450353.0	59450353.0	PG-13	Comedy
1210	Takers	32000000.0	57744720.0	70587268.0	PG-13	Drama
1211	Stigmata	32000000.0	50041732.0	89441732.0	R	Horror
1212	Men of Honor	32000000.0	48814909.0	82339483.0	R	Drama
1213	I Feel Pretty	32000000.0	48795601.0	91569698.0	PG-13	Comedy
1214	The Transporter 2	32000000.0	43095856.0	88978458.0	PG-13	Action
1215	Big Mommas: Like Father, Like Son	32000000.0	37915414.0	82332450.0	PG-13	Comedy
1216	Alive	32000000.0	36299670.0	36299670.0	R	Drama
1217	Dreamer: Inspired by a True Story	32000000.0	33022286.0	39498360.0	PG	Drama
1218	A History of Violence	32000000.0	31493782.0	61477797.0	R	Drama
1219	The Incredible Burt Wonderstone	32000000.0	22537881.0	27392609.0	PG-13	Comedy
1220	Repo Men	32000000.0	13942007.0	18195238.0	R	Action
1221	Dragon Wars: D-War	32000000.0	10977721.0	79915361.0	PG-13	Action
1222	Bogus	32000000.0	4357406.0	4357406.0	PG	Comedy
1223	Cradle Will Rock	32000000.0	2899970.0	2899970.0	R	Drama
1224	The Good German	32000000.0	1308696.0	6678033.0	R	Drama
1225	Apocalypse Now	31500000.0	78800000.0	81250485.0	R	Action
1226	Criminal	31500000.0	14708696.0	38771262.0	R	Action
1227	Flight	31000000.0	93772375.0	160558438.0	R	Drama
1228	Mr. Holland’s Opus	31000000.0	82582604.0	106282604.0	PG	Drama
1229	Out of Africa	31000000.0	79096868.0	258210860.0	PG	Drama
1230	Moonraker	31000000.0	70300000.0	210300000.0	PG	Action
1231	The Grand Budapest Hotel	31000000.0	59076019.0	164180547.0	R	Comedy
1232	Vacation	31000000.0	58884188.0	101627989.0	R	Comedy
1233	Frequency	31000000.0	44983704.0	68079671.0	PG-13	Drama
1234	Hearts in Atlantis	31000000.0	24185781.0	30885781.0	PG-13	Drama
1235	Extraordinary Measures	31000000.0	12482741.0	15826984.0	PG	Drama
1236	Birth of the Dragon	31000000.0	6901965.0	7220514.0	PG-13	Action
1237	Get Shorty	30250000.0	72021008.0	115021008.0	R	Comedy
1238	Ghostbusters	30000000.0	242212467.0	295212467.0	PG	Adventure
1239	Toy Story	30000000.0	191796233.0	364545516.0	G	Adventure
1240	Big Daddy	30000000.0	163479795.0	228641283.0	PG-13	Comedy
1241	American Pie 2	30000000.0	145096820.0	286500000.0	R	Comedy
1242	The Vow	30000000.0	125014030.0	197618160.0	PG-13	Drama
1243	Speed	30000000.0	121248145.0	283200000.0	R	Action
1244	Lee Daniels' The Butler	30000000.0	116632095.0	177025498.0	PG-13	Drama
1245	Remember the Titans	30000000.0	115654751.0	136706683.0	PG	Drama
1246	Dodgeball: A True Underdog Story	30000000.0	114326736.0	167791704.0	PG-13	Comedy
1247	Ace Ventura: When Nature Calls	30000000.0	108360063.0	212400000.0	PG-13	Comedy
1248	The Princess Diaries	30000000.0	108244774.0	165334774.0	G	Comedy
1249	Analyze This	30000000.0	106885658.0	176885658.0	R	Comedy
1250	The First Wives Club	30000000.0	105489203.0	181489203.0	PG	Comedy
1251	Million Dollar Baby	30000000.0	100492203.0	231928227.0	PG-13	Drama
1252	Mystic River	30000000.0	90135191.0	156822020.0	R	Drama
1253	Sisters	30000000.0	87044645.0	106030660.0	R	Comedy
1254	Pokemon: The First Movie	30000000.0	85744662.0	163644662.0	G	Adventure
1255	SpongeBob SquarePants: The Movie	30000000.0	85416609.0	142051255.0	PG	Adventure
1256	Up in the Air	30000000.0	83823381.0	166842739.0	R	Drama
1257	The Notebook	30000000.0	81001787.0	116025023.0	PG-13	Drama
1258	Hannah Montana the Movie	30000000.0	79576189.0	169173206.0	G	Drama
1259	Rugrats in Paris	30000000.0	76501438.0	103284813.0	G	Adventure
1260	The Hitman’s Bodyguard	30000000.0	75468583.0	172779292.0	R	Action
1261	The Prince of Tides	30000000.0	74787599.0	74787599.0	R	Drama
1262	Four Brothers	30000000.0	74494381.0	92494381.0	R	Drama
1263	Legends of the Fall	30000000.0	66502573.0	160502573.0	R	Drama
1264	Looper	30000000.0	66486205.0	170466405.0	R	Action
1265	About Schmidt	30000000.0	65005217.0	107054484.0	R	Drama
1266	The Nut Job	30000000.0	64251538.0	122529966.0	PG	Adventure
1267	Down to Earth	30000000.0	64172251.0	71172251.0	PG-13	Comedy
1268	Babe	30000000.0	63658910.0	246100000.0	G	Adventure
1269	Forgetting Sarah Marshall	30000000.0	63172463.0	105173042.0	R	Comedy
1270	Friday Night Lights	30000000.0	61255921.0	61950770.0	PG-13	Drama
1271	Harlem Nights	30000000.0	60857262.0	95857262.0	R	Comedy
1272	Baby Mama	30000000.0	60494212.0	64170447.0	PG-13	Comedy
1273	Hope Floats	30000000.0	60110313.0	81529000.0	PG-13	Drama
1274	Bride Wars	30000000.0	58715510.0	115150424.0	PG	Comedy
1275	Without a Paddle	30000000.0	58156435.0	65121280.0	PG-13	Comedy
1276	Darkest Hour	30000000.0	56443120.0	150355828.0	PG-13	Drama
1277	Corpse Bride	30000000.0	53359111.0	114770654.0	PG	Adventure
1278	Letters to Juliet	30000000.0	53032453.0	82148538.0	PG	Drama
1279	Blow	30000000.0	52990775.0	83282296.0	R	Drama
1280	Message in a Bottle	30000000.0	52880016.0	52880016.0	PG-13	Drama
1281	Life of the Party	30000000.0	52856061.0	65556061.0	PG-13	Comedy
1282	Southpaw	30000000.0	52421953.0	94207861.0	R	Drama
1283	Star Trek V: The Final Frontier	30000000.0	52210049.0	70200000.0	PG	Action
1284	Like Mike	30000000.0	51432423.0	62432423.0	PG	Adventure
1285	Naked Gun 33 1/3: The Final Insult	30000000.0	51041856.0	51041856.0	PG-13	Comedy
1286	Atonement	30000000.0	50980159.0	129779728.0	R	Drama
1287	A View to a Kill	30000000.0	50327960.0	152627960.0	PG	Action
1288	Racing Stripes	30000000.0	49772522.0	89955540.0	PG	Adventure
1289	Den of Thieves	30000000.0	44947622.0	79424321.0	R	Action
1290	The Three Stooges	30000000.0	44338224.0	54052249.0	PG	Adventure
1291	Pokemon 2000	30000000.0	43746923.0	133946923.0	G	Adventure
1292	John Wick	30000000.0	43037835.0	76235001.0	R	Action
1293	Glory Road	30000000.0	42647449.0	42799060.0	PG	Drama
1294	The Age of Adaline	30000000.0	42629776.0	69057415.0	PG-13	Drama
1295	Step Up 3D	30000000.0	42400223.0	165889117.0	PG-13	Drama
1296	Drag Me To Hell	30000000.0	42100625.0	91388487.0	PG-13	Horror
1297	Secondhand Lions	30000000.0	42070939.0	47902566.0	PG	Drama
1298	Stranger Than Fiction	30000000.0	40435190.0	53572822.0	PG-13	Comedy
1299	Hanna	30000000.0	40259119.0	65343694.0	PG-13	Drama
1300	Blue Crush	30000000.0	40118420.0	51618420.0	PG-13	Drama
1301	30 Days of Night	30000000.0	39568996.0	80276156.0	R	Horror
1302	Gridiron Gang	30000000.0	38432823.0	41457834.0	PG-13	Drama
1303	Midnight Run	30000000.0	38413606.0	81613606.0	R	Action
1304	Meet the Spartans	30000000.0	38233676.0	84646831.0	PG-13	Comedy
1305	The Running Man	30000000.0	38122000.0	38122000.0	R	Action
1306	The 15:17 to Paris	30000000.0	36250957.0	56070897.0	PG-13	Drama
1307	Mortal Kombat: Annihilation	30000000.0	35927406.0	51327406.0	PG-13	Action
1308	Take the Lead	30000000.0	34742066.0	65390493.0	PG-13	Drama
1309	Love and Other Drugs	30000000.0	32367005.0	102716321.0	R	Drama
1310	Entourage	30000000.0	32363404.0	46362449.0	R	Comedy
1311	What's the Worst That Could Happen?	30000000.0	32267774.0	38462071.0	PG-13	Comedy
1312	Deliver Us from Evil	30000000.0	30577122.0	87956618.0	R	Horror
1313	Get on Up	30000000.0	30569935.0	33339868.0	PG-13	Drama
1314	Winnie the Pooh	30000000.0	26692846.0	50145607.0	G	Adventure
1315	Bulworth	30000000.0	26528684.0	29203383.0	R	Comedy
1316	Virtuosity	30000000.0	23998226.0	23998226.0	R	Action
1317	White Boy Rick	30000000.0	23851700.0	23851700.0	R	Drama
1318	One True Thing	30000000.0	23337196.0	26708196.0	R	Drama
1319	Sanctum	30000000.0	23209310.0	104283753.0	R	Adventure
1320	My Super Ex-Girlfriend	30000000.0	22530295.0	60772856.0	PG-13	Comedy
1321	Ballerina	30000000.0	21858070.0	96908157.0	PG	Adventure
1322	Mr. 3000	30000000.0	21800302.0	21827296.0	PG-13	Comedy
1323	Assault On Precinct 13	30000000.0	20040895.0	36040895.0	R	Action
1324	The Replacement Killers	30000000.0	19035741.0	19035741.0	R	Action
1325	Ultraviolet	30000000.0	18522064.0	30962112.0	PG-13	Action
1326	North Country	30000000.0	18324242.0	23676771.0	R	Drama
1327	Steve Jobs	30000000.0	17766658.0	35579007.0	R	Drama
1328	Eight Legged Freaks	30000000.0	17266505.0	36722311.0	PG-13	Comedy
1329	Fled	30000000.0	17192205.0	19892205.0	R	Action
1330	Splice	30000000.0	17010170.0	28542494.0	R	Horror
1331	The Whole Ten Yards	30000000.0	16323969.0	26323969.0	PG-13	Comedy
1332	Howard the Duck	30000000.0	16295774.0	16295774.0	nan	Action
1333	Pride and Glory	30000000.0	15740721.0	43440721.0	R	Drama
1334	The Cave	30000000.0	15007991.0	27147991.0	PG-13	Horror
1335	Alex & Emma	30000000.0	14208384.0	15358583.0	PG-13	Drama
1336	The New World	30000000.0	12712093.0	26184400.0	PG-13	Adventure
1337	Evening	30000000.0	12406646.0	12885574.0	PG-13	Drama
1338	The Last Stand	30000000.0	12050299.0	48330757.0	R	Action
1339	In Dreams	30000000.0	12017369.0	12017369.0	R	Horror
1340	Wing Commander	30000000.0	11578022.0	11578022.0	PG-13	Action
1341	Hoodwinked Too: Hood vs. Evil	30000000.0	10143779.0	23353111.0	PG	Adventure
1342	Dragonball Evolution	30000000.0	9362785.0	58228460.0	PG	Adventure
1343	An Unfinished Life	30000000.0	8535575.0	18535575.0	PG-13	Drama
1344	The Space Between Us	30000000.0	7885294.0	16481405.0	PG-13	Drama
1345	The Imaginarium of Doctor Parnassus	30000000.0	7689607.0	64352607.0	PG-13	Adventure
1346	Barney's Version	30000000.0	7502560.0	8845575.0	R	Drama
1347	Once Upon a Time in America	30000000.0	5321508.0	5575648.0	R	Drama
1348	Gloria	30000000.0	4167493.0	4967493.0	R	Drama
1349	The Merchant of Venice	30000000.0	3765585.0	18765585.0	R	Drama
1350	The Good Thief	30000000.0	3517797.0	6460758.0	R	Drama
1351	Supercross	30000000.0	3102550.0	3252550.0	PG-13	Action
1352	Miss Potter	30000000.0	3005605.0	35891257.0	PG	Drama
1353	Wu ji	30000000.0	669625.0	35869934.0	PG-13	Action
1354	Machine Gun Preacher	30000000.0	538690.0	3721988.0	R	Drama
1355	Bilal: A New Breed of Hero	30000000.0	490973.0	648599.0	PG-13	Adventure
1356	DOA: Dead or Alive	30000000.0	480314.0	7755686.0	PG-13	Action
1357	Xinhai geming	30000000.0	135739.0	8593154.0	R	Drama
1358	Wild Card	30000000.0	3200.0	3989464.0	R	Action
1359	Goodbye Bafana	30000000.0	0.0	2717302.0	nan	Drama
1360	Collide	29200000.0	2280004.0	5466631.0	PG-13	Action
1361	Pitch Perfect 2	29000000.0	184296230.0	287641616.0	PG-13	Comedy
1362	Walk the Line	29000000.0	119519402.0	187707495.0	PG-13	Drama
1363	Night School	29000000.0	66906825.0	84406825.0	PG-13	Comedy
1364	The Boss	29000000.0	63077560.0	78652395.0	R	Comedy
1365	Twelve Monkeys	29000000.0	57141459.0	168841459.0	R	Drama
1366	Once Upon a Time in Mexico	29000000.0	56330657.0	97413527.0	R	Action
1367	Logan Lucky	29000000.0	27778642.0	43886147.0	PG-13	Comedy
1368	Florence Foster Jenkins	29000000.0	27383770.0	56017691.0	PG-13	Drama
1369	The Borrowers	29000000.0	22619589.0	54045832.0	PG	Adventure
1370	Frost/Nixon	29000000.0	18622031.0	28452945.0	R	Drama
1371	Seed of Chucky	29000000.0	17016190.0	24716190.0	R	Horror
1372	Confessions of a Dangerous Mind	29000000.0	16007718.0	33013805.0	R	Drama
1373	Taking Woodstock	29000000.0	7460204.0	10066366.0	R	Drama
1374	Cry Freedom	29000000.0	5899797.0	25899797.0	nan	Drama
1375	Mumford	28700000.0	4559569.0	4559569.0	R	Comedy
1376	Aladdin	28000000.0	217350219.0	504050219.0	G	Adventure
1377	Straight Outta Compton	28000000.0	161197785.0	202182981.0	R	Drama
1378	Girls Trip	28000000.0	115108515.0	140886353.0	R	Comedy
1379	The Rugrats Movie	28000000.0	100494685.0	140894685.0	G	Adventure
1380	Die Hard	28000000.0	81350242.0	139109346.0	R	Action
1381	A Bad Moms Christmas	28000000.0	72110659.0	127710659.0	R	Comedy
1382	Safe Haven	28000000.0	71399120.0	94050951.0	PG-13	Drama
1383	The Big Short	28000000.0	70259870.0	133162752.0	R	Drama
1384	Role Models	28000000.0	67300955.0	94500826.0	R	Comedy
1385	Miracle	28000000.0	64378093.0	64474705.0	PG	Drama
1386	Last Vegas	28000000.0	63914167.0	112914167.0	PG-13	Comedy
1387	For Your Eyes Only	28000000.0	54800000.0	195300000.0	PG	Action
1388	Tag	28000000.0	54547470.0	76844788.0	R	Comedy
1389	Zoolander	28000000.0	45172250.0	60780981.0	PG-13	Comedy
1390	Timecop	28000000.0	44853581.0	102053581.0	R	Action
1391	Hocus Pocus	28000000.0	39360491.0	39360491.0	PG	Comedy
1392	Pride & Prejudice	28000000.0	38372662.0	126549607.0	PG	Drama
1393	30 Minutes or Less	28000000.0	37053924.0	40966716.0	R	Comedy
1394	Dracula 2000	28000000.0	33000377.0	33000377.0	R	Horror
1395	Rob Roy	28000000.0	31390587.0	31390587.0	R	Drama
1396	Kick-Ass 2	28000000.0	28795985.0	63129909.0	R	Action
1397	We Own the Night	28000000.0	28563179.0	55307857.0	R	Drama
1398	A Walk Among the Tombstones	28000000.0	26017685.0	62108587.0	R	Action
1399	The Spy Next Door	28000000.0	24307106.0	46752858.0	PG	Adventure
1400	Brick Mansions	28000000.0	20396829.0	73421224.0	PG-13	Action
1401	Mystery, Alaska	28000000.0	8891623.0	8891623.0	R	Comedy
1402	John Carpenter's Ghosts of Mars	28000000.0	8434601.0	8434601.0	R	Action
1403	A Simple Wish	28000000.0	8165213.0	8165213.0	PG	Comedy
1404	Our Brand is Crisis	28000000.0	7002261.0	8592432.0	R	Drama
1405	Kundun	28000000.0	5686694.0	5686694.0	PG-13	Drama
1406	Octopussy	27500000.0	67900000.0	187500000.0	PG	Action
1407	My Sister's Keeper	27500000.0	49200230.0	96673002.0	PG-13	Drama
1408	Welcome Home Roscoe Jenkins	27500000.0	42436517.0	43607627.0	PG-13	Comedy
1409	A Passage to India	27500000.0	27187653.0	27187653.0	nan	Drama
1410	Notes on a Scandal	27500000.0	17510118.0	50578411.0	R	Drama
1411	The Jungle Book	27000000.0	44342956.0	44342956.0	PG	Adventure
1412	Spy Kids: All the Time in the World	27000000.0	38536376.0	80681183.0	PG	Adventure
1413	The Right Stuff	27000000.0	21500000.0	21500000.0	nan	Action
1414	Die Unendliche Geschichte	27000000.0	21300000.0	21300000.0	nan	Adventure
1415	The Duchess	27000000.0	13848978.0	45160110.0	PG-13	Drama
1416	Case 39	27000000.0	13261851.0	28773827.0	R	Horror
1417	The Honeymooners	27000000.0	12834849.0	13174426.0	PG-13	Comedy
1418	Return to Oz	27000000.0	10618813.0	10618813.0	PG	Adventure
1419	The Newton Boys	27000000.0	10341093.0	10341093.0	PG-13	Drama
1420	Martian Child	27000000.0	7500310.0	9352089.0	PG	Drama
1421	Formula 51	27000000.0	5204007.0	5204007.0	R	Action
1422	Flawless	27000000.0	4485485.0	4485485.0	R	Drama
1423	What Just Happened	27000000.0	1090947.0	2412123.0	R	Comedy
1424	Paul Blart: Mall Cop	26000000.0	146336178.0	185904750.0	PG	Adventure
1425	The 40 Year-old Virgin	26000000.0	109449237.0	177344230.0	R	Comedy
1426	Kindergarten Cop	26000000.0	91457688.0	202000000.0	PG-13	Comedy
1427	Pineapple Express	26000000.0	87341380.0	102404019.0	R	Comedy
1428	Philadelphia	26000000.0	77324422.0	201324422.0	PG-13	Drama
1429	Ever After: A Cinderella Story	26000000.0	65705772.0	65705772.0	PG	Drama
1430	A Bridge Too Far	26000000.0	50800000.0	50800000.0	PG	Action
1431	Pain & Gain	26000000.0	49875291.0	81275291.0	R	Action
1432	Final Destination 2	26000000.0	46896664.0	90396664.0	R	Horror
1433	O Brother, Where Art Thou?	26000000.0	45506619.0	75763814.0	PG-13	Comedy
1434	In Good Company	26000000.0	45489752.0	63489752.0	PG-13	Comedy
1435	Lawless	26000000.0	37397291.0	54393637.0	R	Drama
1436	Clockstoppers	26000000.0	36985501.0	38788828.0	PG	Adventure
1437	Brothers	26000000.0	28544157.0	45043870.0	R	Drama
1438	The Best of Me	26000000.0	26766213.0	41059418.0	PG-13	Drama
1439	Welcome to Mooseport	26000000.0	14469428.0	14469428.0	PG-13	Comedy
1440	Highlander: The Final Dimension	26000000.0	13738574.0	13738574.0	PG-13	Action
1441	The Curse of the Jade Scorpion	26000000.0	7496522.0	18496522.0	PG-13	Comedy
1442	The Fifth Estate	26000000.0	3254172.0	6154172.0	R	Drama
1443	Blood Ties	26000000.0	42472.0	2923959.0	R	Drama
1444	The Grimm Brothers' Snow White	26000000.0	5000.0	5000.0	PG-13	Horror
1445	Accidental Love	26000000.0	0.0	135436.0	PG-13	Comedy
1446	Flipper	25530000.0	20080020.0	30593313.0	PG	Adventure
1447	The Constant Gardener	25500000.0	33579798.0	86301599.0	R	Drama
1448	W.	25100000.0	25534493.0	28575778.0	PG-13	Drama
1449	The Passion of the Christ	25000000.0	370782930.0	622341924.0	R	Drama
1450	Mrs. Doubtfire	25000000.0	219195051.0	441286003.0	PG-13	Comedy
1451	Rain Man	25000000.0	172825435.0	412800000.0	R	Comedy
1452	The Help	25000000.0	169705587.0	213120004.0	PG-13	Drama
1453	Hidden Figures	25000000.0	169607287.0	231771716.0	PG	Drama
1454	Gran Torino	25000000.0	148095302.0	274543085.0	R	Drama
1455	Ride Along	25000000.0	134202565.0	153733800.0	PG-13	Comedy
1456	Schindler’s List	25000000.0	96067179.0	321365567.0	R	Drama
1457	Scooby-Doo 2: Monsters Unleashed	25000000.0	84185387.0	181185387.0	PG	Adventure
1458	Freddy vs. Jason	25000000.0	82622655.0	114576403.0	R	Horror
1459	Bridge to Terabithia	25000000.0	82234139.0	137984788.0	PG	Drama
1460	Jimmy Neutron: Boy Genius	25000000.0	80936232.0	102992536.0	G	Adventure
1461	Cloverfield	25000000.0	80048433.0	171302226.0	PG-13	Action
1462	Dear John	25000000.0	80014842.0	142033509.0	PG-13	Drama
1463	Parental Guidance	25000000.0	77267296.0	120832383.0	PG	Adventure
1464	The Untouchables	25000000.0	76270454.0	76270454.0	R	Action
1465	No Country for Old Men	25000000.0	74273505.0	164035753.0	R	Action
1466	Contraband	25000000.0	66528000.0	98406855.0	R	Action
1467	A Dog’s Purpose	25000000.0	64321890.0	203731707.0	PG	Drama
1468	The Lucky One	25000000.0	60457138.0	96633833.0	PG-13	Drama
1469	Romeo Must Die	25000000.0	55973336.0	91036760.0	R	Action
1470	Final Destination 3	25000000.0	54098051.0	112798051.0	R	Horror
1471	Madea's Big Happy Family	25000000.0	53345287.0	54160818.0	PG-13	Drama
1472	Tyler Perry's A Madea Christmas	25000000.0	52543354.0	52543354.0	PG-13	Comedy
1473	Finding Neverland	25000000.0	51676606.0	115036108.0	PG	Drama
1474	Cobra	25000000.0	49042224.0	49042224.0	R	Action
1475	The House Bunny	25000000.0	48237389.0	71390601.0	PG-13	Comedy
1476	Agent Cody Banks	25000000.0	47545060.0	58240458.0	PG	Adventure
1477	Nanny McPhee	25000000.0	47279279.0	128745578.0	PG	Adventure
1478	Goodfellas	25000000.0	46743809.0	46777347.0	R	Drama
1479	The Giver	25000000.0	45090374.0	55090374.0	PG-13	Drama
1480	Nothing To Lose	25000000.0	44480039.0	64594061.0	R	Comedy
1481	The Last Emperor	25000000.0	43984987.0	44005073.0	PG-13	Drama
1482	The Night Before	25000000.0	43035725.0	52427346.0	R	Comedy
1483	The Beverly Hillbillies	25000000.0	42222647.0	55598481.0	PG	Comedy
1484	The Hours	25000000.0	41675994.0	97030468.0	PG-13	Drama
1485	Money Talks	25000000.0	41076865.0	41076865.0	R	Action
1486	There Will Be Blood	25000000.0	40222514.0	77208711.0	R	Drama
1487	The Wild Thornberrys Movie	25000000.0	40108697.0	60694737.0	PG	Adventure
1488	Rugrats Go Wild	25000000.0	39402572.0	55443032.0	PG	Adventure
1489	Undercover Brother	25000000.0	38230435.0	40796145.0	PG-13	Comedy
1490	Kiss of the Dragon	25000000.0	36833473.0	36833473.0	R	Action
1491	Million Dollar Arm	25000000.0	36447959.0	39217912.0	PG	Drama
1492	Beauty Shop	25000000.0	36351350.0	38351350.0	PG-13	Comedy
1493	What a Girl Wants	25000000.0	35990505.0	35990505.0	PG	Comedy
1494	Jeepers Creepers II	25000000.0	35623801.0	119923801.0	R	Horror
1495	Cradle 2 the Grave	25000000.0	34657731.0	56434942.0	R	Action
1496	Mr. Bean’s Holiday	25000000.0	33302167.0	234981342.0	G	Adventure
1497	Bride of Chucky	25000000.0	32404188.0	50692188.0	R	Horror
1498	Fist Fight	25000000.0	32187017.0	40287017.0	R	Comedy
1499	August Rush	25000000.0	31664162.0	66015869.0	PG	Drama
1500	The Sitter	25000000.0	30542576.0	38749404.0	R	Comedy
1501	Elizabeth	25000000.0	30082699.0	82150642.0	R	Drama
1502	Spice World	25000000.0	29342592.0	56042592.0	PG	Comedy
1503	Draft Day	25000000.0	28842237.0	29847480.0	PG-13	Drama
1504	The Shawshank Redemption	25000000.0	28241469.0	28307092.0	R	Drama
1505	Rings	25000000.0	27793018.0	82933201.0	PG-13	Horror
1506	Dance Flick	25000000.0	25794018.0	32224624.0	PG-13	Comedy
1507	Crocodile Dundee in Los Angeles	25000000.0	25590119.0	39393111.0	PG	Adventure
1508	Kingpin	25000000.0	25023424.0	32223424.0	R	Comedy
1509	Ice Princess	25000000.0	24381334.0	25732334.0	G	Comedy
1510	Don't Be Afraid of the Dark	25000000.0	24046682.0	39126427.0	R	Horror
1511	The Losers	25000000.0	23591432.0	29863840.0	PG-13	Action
1512	War	25000000.0	22486409.0	40686409.0	R	Action
1513	Don Juan DeMarco	25000000.0	22032635.0	22032635.0	PG-13	Drama
1514	A Lot Like Love	25000000.0	21835784.0	41921590.0	PG-13	Comedy
1515	He Got Game	25000000.0	21567853.0	22411948.0	R	Drama
1516	The Eagle	25000000.0	19490041.0	38993548.0	PG-13	Action
1517	Shaun the Sheep	25000000.0	19375982.0	101927062.0	PG	Adventure
1518	Shark Night 3D	25000000.0	18877153.0	18877153.0	PG-13	Horror
1519	CHiPS	25000000.0	18600152.0	23190697.0	R	Action
1520	Punch-Drunk Love	25000000.0	17791031.0	24591031.0	R	Comedy
1521	Eurotrip	25000000.0	17718223.0	20718223.0	R	Comedy
1522	Father Figures	25000000.0	17501244.0	21038826.0	R	Comedy
1523	The Ruins	25000000.0	17432844.0	22910563.0	R	Horror
1524	Unaccompanied Minors	25000000.0	16655224.0	21970831.0	PG	Adventure
1525	Bright Lights, Big City	25000000.0	16118077.0	16118077.0	R	Drama
1526	Half Past Dead	25000000.0	15567860.0	19233280.0	PG-13	Action
1527	Legend	25000000.0	15502112.0	23506237.0	PG	Adventure
1528	The Adventures of Pinocchio	25000000.0	15382170.0	36682170.0	G	Adventure
1529	The Greatest Game Ever Played	25000000.0	15331289.0	15468266.0	PG	Drama
1530	The Next Best Thing	25000000.0	14983572.0	24355762.0	PG-13	Drama
1531	My Soul to Take	25000000.0	14744435.0	16727470.0	R	Horror
1532	Fly Me To the Moon	25000000.0	14543943.0	43530281.0	G	Adventure
1533	Maximum Risk	25000000.0	14102929.0	51702929.0	R	Action
1534	Stealing Harvard	25000000.0	13973532.0	13973532.0	PG-13	Comedy
1535	Hot Rod	25000000.0	13938332.0	14334401.0	PG-13	Comedy
1536	Warrior	25000000.0	13657115.0	24215385.0	PG-13	Drama
1537	Angela's Ashes	25000000.0	13038660.0	13038660.0	R	Drama
1538	Battle of the Sexes	25000000.0	12638526.0	18445094.0	PG-13	Drama
1539	Cirque du Soleil: Worlds Away	25000000.0	12512862.0	28012862.0	PG	Drama
1540	The 33	25000000.0	12227722.0	28400715.0	PG-13	Drama
1541	Lifeforce	25000000.0	11603545.0	11603545.0	R	Horror
1542	The Conspirator	25000000.0	11538204.0	15907411.0	PG-13	Drama
1543	The Powerpuff Girls	25000000.0	11411644.0	16425701.0	PG	Adventure
1544	The Lords of Dogtown	25000000.0	11273517.0	13424365.0	PG-13	Action
1545	Big Trouble in Little China	25000000.0	11100000.0	11100000.0	nan	Action
1546	Michael Collins	25000000.0	11092559.0	27572844.0	R	Drama
1547	Stop-Loss	25000000.0	10915744.0	11229035.0	R	Drama
1548	Gettysburg	25000000.0	10731997.0	10731997.0	PG	Drama
1549	Brokedown Palace	25000000.0	10115014.0	11115766.0	PG-13	Drama
1550	Possession	25000000.0	10103647.0	14805812.0	PG-13	Drama
1551	Stone Cold	25000000.0	9286314.0	9286314.0	R	Action
1552	The Road	25000000.0	8114270.0	29206732.0	R	Drama
1553	The Hoax	25000000.0	7164995.0	7164995.0	R	Drama
1554	Sheena	25000000.0	5778353.0	5778353.0	nan	Adventure
1555	Say It Isn't So	25000000.0	5516708.0	5516708.0	R	Comedy
1556	The World's Fastest Indian	25000000.0	5128124.0	18991288.0	PG-13	Drama
1557	Tank Girl	25000000.0	4064333.0	4064333.0	R	Action
1558	King's Ransom	25000000.0	4008527.0	4049527.0	PG-13	Comedy
1559	Carnage	25000000.0	2546747.0	38112154.0	R	Drama
1560	Tulip Fever	25000000.0	2455635.0	6498776.0	R	Drama
1561	BloodRayne	25000000.0	2405420.0	3605420.0	R	Action
1562	Me and Orson Welles	25000000.0	1190003.0	1190003.0	PG-13	Drama
1563	Without Limits	25000000.0	780326.0	780326.0	PG-13	Drama
1564	On the Road	25000000.0	720828.0	9313302.0	R	Drama
1565	Love Ranch	25000000.0	137885.0	146149.0	R	Drama
1566	Ironclad	25000000.0	0.0	5297411.0	R	Action
1567	Star Trek IV: The Voyage Home	24000000.0	109713132.0	133000000.0	PG	Adventure
1568	Scream 2	24000000.0	101363301.0	172363301.0	R	Horror
1569	Old School	24000000.0	75155000.0	86765463.0	R	Comedy
1570	Rocky Balboa	24000000.0	70269899.0	156229050.0	PG	Drama
1571	Fences	24000000.0	57682904.0	64282881.0	PG-13	Drama
1572	The Whole Nine Yards	24000000.0	57262492.0	85527867.0	R	Comedy
1573	Going in Style	24000000.0	45018541.0	78673103.0	PG-13	Comedy
1574	Point Break	24000000.0	43218387.0	83531958.0	R	Action
1575	The Fisher King	24000000.0	41798224.0	41798224.0	R	Drama
1576	Zack and Miri Make a Porno	24000000.0	31457946.0	36856306.0	R	Comedy
1577	Double Take	24000000.0	29823162.0	29823162.0	PG-13	Action
1578	Girl, Interrupted	24000000.0	28871190.0	28871190.0	R	Drama
1579	Piranha 3D	24000000.0	25003155.0	83660160.0	R	Horror
1580	Faster	24000000.0	23240020.0	35792945.0	R	Action
1581	Muppets From Space	24000000.0	16304786.0	16304786.0	G	Adventure
1582	Ready to Rumble	24000000.0	12372410.0	12372410.0	PG-13	Comedy
1583	I Don't Know How She Does It	24000000.0	9659074.0	24474463.0	PG-13	Comedy
1584	Play it to the Bone	24000000.0	8427204.0	8427204.0	R	Comedy
1585	Beyond the Sea	24000000.0	6144806.0	8292914.0	PG-13	Drama
1586	Hauru no ugoku shiro	24000000.0	4710455.0	237814327.0	PG	Adventure
1587	Meet the Deedles	24000000.0	4356126.0	4356126.0	PG	Comedy
1588	The Thief and the Cobbler	24000000.0	669276.0	669276.0	G	Adventure
1589	The Bridge of San Luis Rey	24000000.0	49981.0	1696765.0	PG	Drama
1590	Zombieland	23600000.0	75590286.0	102236596.0	R	Comedy
1591	The Waterboy	23000000.0	161491646.0	190191646.0	PG-13	Comedy
1592	Bad Boys	23000000.0	65647413.0	141247413.0	R	Action
1593	The Wedding Ringer	23000000.0	64460211.0	80171596.0	R	Comedy
1594	Final Destination	23000000.0	53302314.0	112036870.0	R	Horror
1595	King Kong	23000000.0	52614445.0	90614445.0	PG	Action
1596	The Ides of March	23000000.0	40962534.0	77735925.0	R	Drama
1597	Pitch Black	23000000.0	39235088.0	53182088.0	R	Horror
1598	Her	23000000.0	25568251.0	48259031.0	R	Drama
1599	Kari gurashi no Arietti	23000000.0	19192510.0	151496097.0	G	Adventure
1600	Anywhere But Here	23000000.0	18653615.0	18653615.0	PG-13	Drama
1601	Vanity Fair	23000000.0	16123851.0	19123851.0	PG-13	Drama
1602	Eddie the Eagle	23000000.0	15789389.0	45061177.0	PG-13	Drama
1603	Jaws 4: The Revenge	23000000.0	15728335.0	15728335.0	PG-13	Horror
1604	The Crew	23000000.0	13019253.0	13019253.0	PG-13	Comedy
1605	Marvin's Room	23000000.0	12803305.0	12803305.0	PG-13	Drama
1606	The Longshots	23000000.0	11511323.0	11778396.0	PG	Drama
1607	The End of the Affair	23000000.0	10660147.0	10660147.0	R	Drama
1608	In the Valley of Elah	23000000.0	6777741.0	24489150.0	R	Drama
1609	Coco avant Chanel	23000000.0	6113834.0	50813834.0	PG-13	Drama
1610	Chéri	23000000.0	2715657.0	2715657.0	R	Drama
1611	Rogue	23000000.0	10452.0	4673377.0	R	Horror
1612	Spaceballs	22700000.0	38119483.0	38119483.0	PG	Comedy
1613	The Water Diviner	22500000.0	4200117.0	30864649.0	R	Drama
1614	Ghost	22000000.0	217631306.0	517600000.0	PG-13	Drama
1615	The Santa Clause	22000000.0	144833357.0	189800000.0	PG	Adventure
1616	The Game Plan	22000000.0	90648202.0	146590987.0	PG	Comedy
1617	The Rookie	22000000.0	75600072.0	80491516.0	G	Drama
1618	The Bridges of Madison County	22000000.0	71516617.0	175516617.0	PG-13	Drama
1619	Son of God	22000000.0	59700064.0	70949793.0	PG-13	Drama
1620	The Animal	22000000.0	55762229.0	55762229.0	PG-13	Comedy
1621	Gandhi	22000000.0	52767889.0	127767889.0	PG	Drama
1622	Underworld	22000000.0	51970690.0	95708457.0	R	Action
1623	Diary of a Wimpy Kid: Dog Days	22000000.0	49008662.0	77229695.0	PG	Adventure
1624	I Am Sam	22000000.0	40270895.0	92542418.0	PG-13	Drama
1625	Derailed	22000000.0	36020063.0	57520063.0	R	Action
1626	Delivery Man	22000000.0	30659817.0	70536870.0	PG-13	Comedy
1627	Hail, Caesar!	22000000.0	30080225.0	64171419.0	PG-13	Comedy
1628	Jay and Silent Bob Strike Back	22000000.0	30059386.0	33762400.0	R	Comedy
1629	Shadowlands	22000000.0	25842377.0	25842377.0	R	Drama
1630	Deuce Bigalow: European Gigolo	22000000.0	22400154.0	45273464.0	R	Comedy
1631	Diary of a Wimpy Kid: The Long Haul	22000000.0	20738724.0	35608734.0	PG	Adventure
1632	Mad Money	22000000.0	20668843.0	25044057.0	PG-13	Comedy
1633	Homefront	22000000.0	20158492.0	51695362.0	R	Action
1634	Igor	22000000.0	19528602.0	31013349.0	PG	Adventure
1635	Saving Silverman	22000000.0	19351569.0	25873142.0	R	Comedy
1636	Summer of Sam	22000000.0	19288130.0	19288130.0	R	Drama
1637	The Transporter Refueled	22000000.0	16029670.0	69698495.0	PG-13	Action
1638	Josie and the Pussycats	22000000.0	14252830.0	14252830.0	PG-13	Comedy
1639	Hit & Run	22000000.0	13749300.0	17216955.0	R	Comedy
1640	The Little Vampire	22000000.0	13555988.0	13555988.0	PG	Adventure
1641	I Heart Huckabees	22000000.0	12784713.0	20034713.0	R	Comedy
1642	Roman J. Israel, Esq.	22000000.0	11962712.0	12967012.0	PG-13	Drama
1643	Out of the Furnace	22000000.0	11330849.0	15434375.0	R	Drama
1644	RoboCop 3	22000000.0	10696210.0	10696210.0	PG-13	Action
1645	Dudley Do-Right	22000000.0	9818792.0	9818792.0	PG	Adventure
1646	Just Getting Started	22000000.0	6069605.0	6756452.0	PG-13	Comedy
1647	Megiddo: Omega Code 2	22000000.0	6047691.0	6047691.0	PG-13	Action
1648	Darling Lili	22000000.0	5000000.0	5000000.0	nan	Drama
1649	The Libertine	22000000.0	4835065.0	9448623.0	R	Drama
1650	Stone	22000000.0	1810078.0	4065020.0	R	Drama
1651	Joyeux Noël	22000000.0	1054361.0	23134075.0	PG-13	Drama
1652	Sorcerer	21600000.0	12000000.0	12005968.0	PG	Adventure
1653	Molière	21600000.0	635733.0	791154.0	PG-13	Comedy
1654	Michael Clayton	21500000.0	49033882.0	92987651.0	R	Drama
1655	My Fellow Americans	21500000.0	22331846.0	22331846.0	PG-13	Comedy
1656	Silver Linings Playbook	21000000.0	132092958.0	236412453.0	R	Drama
1657	Blockers	21000000.0	59839515.0	93442495.0	R	Comedy
1658	South Park: Bigger, Longer & Uncut	21000000.0	52037603.0	52037603.0	R	Comedy
1659	Firefox	21000000.0	45785720.0	45785720.0	PG	Action
1660	Teenage Mutant Ninja Turtles III	21000000.0	42273609.0	42273609.0	PG	Adventure
1661	Hardball	21000000.0	40222729.0	43728560.0	PG-13	Drama
1662	For Colored Girls	21000000.0	37729698.0	38017873.0	R	Drama
1663	Freedom Writers	21000000.0	36605602.0	43632609.0	PG-13	Drama
1664	The Transporter	21000000.0	25296447.0	43928932.0	PG-13	Action
1665	Never Back Down	21000000.0	24850922.0	39319801.0	PG-13	Action
1666	The Rage: Carrie 2	21000000.0	17760244.0	17760244.0	R	Horror
1667	Swing Vote	21000000.0	16289867.0	17589867.0	PG-13	Comedy
1668	Away We Go	21000000.0	9451946.0	10108016.0	R	Comedy
1669	Moonlight Mile	21000000.0	6830957.0	6830957.0	PG-13	Drama
1670	The Beaver	21000000.0	970816.0	5046038.0	PG-13	Comedy
1671	Bitter Harvest	21000000.0	557241.0	606162.0	R	Drama
1672	The Best Little Whorehouse in Texas	20500000.0	69701637.0	69701637.0	R	Comedy
1673	Pulse	20500000.0	20264436.0	30241435.0	R	Horror
1674	Raiders of the Lost Ark	20000000.0	225686079.0	367452079.0	PG	Adventure
1675	Home Alone 2: Lost in New York	20000000.0	173585516.0	358994850.0	PG	Adventure
1676	Close Encounters of the Third Kind	20000000.0	169100479.0	340800479.0	PG	Adventure
1677	Beverly Hills Cop II	20000000.0	153665036.0	276665036.0	R	Action
1678	The Conjuring	20000000.0	137400141.0	318000141.0	R	Horror
1679	Bringing Down the House	20000000.0	132675402.0	164675402.0	PG-13	Comedy
1680	Wonder	20000000.0	132422809.0	305051118.0	PG	Drama
1681	Wayne's World	20000000.0	121697323.0	183097323.0	PG-13	Comedy
1682	Jackass 3D	20000000.0	117229692.0	171685793.0	R	Comedy
1683	Bad Moms	20000000.0	113257297.0	180999077.0	R	Comedy
1684	Jaws 2	20000000.0	102922376.0	208900376.0	PG	Horror
1685	Beverly Hills Chihuahua	20000000.0	94514402.0	154218168.0	PG	Adventure
1686	Tammy	20000000.0	84525432.0	96407655.0	R	Comedy
1687	The Descendants	20000000.0	82624961.0	175507800.0	R	Drama
1688	School of Rock	20000000.0	81261177.0	131944672.0	PG-13	Comedy
1689	Free Willy	20000000.0	77698625.0	153698625.0	PG	Adventure
1690	Mortal Kombat	20000000.0	70433227.0	122133227.0	PG-13	Action
1691	White Chicks	20000000.0	69148997.0	111448997.0	PG-13	Comedy
1692	Holes	20000000.0	67383924.0	71232214.0	PG	Drama
1693	The Last Song	20000000.0	62950384.0	92678948.0	PG	Drama
1694	Why Did I Get Married Too?	20000000.0	60095852.0	60831067.0	PG-13	Drama
1695	La vita è bella	20000000.0	57598247.0	229385361.0	PG-13	Drama
1696	12 Years a Slave	20000000.0	56671993.0	181025343.0	R	Drama
1697	Drumline	20000000.0	56398162.0	56398162.0	PG-13	Comedy
1698	Me Before You	20000000.0	56245075.0	208314186.0	PG-13	Drama
1699	Barbershop: The Next Cut	20000000.0	54030051.0	54404202.0	PG-13	Comedy
1700	Edward Scissorhands	20000000.0	53976987.0	53976987.0	PG-13	Comedy
1701	Selma	20000000.0	52076908.0	66776576.0	PG-13	Drama
1702	Date Movie	20000000.0	48548426.0	85146165.0	PG-13	Comedy
1703	Peter Pan: Return to Neverland	20000000.0	48430258.0	109862682.0	G	Adventure
1704	The Jungle Book 2	20000000.0	47901582.0	140122225.0	G	Adventure
1705	Boogeyman	20000000.0	46752382.0	67192859.0	PG-13	Horror
1706	The Tigger Movie	20000000.0	45542421.0	96147688.0	G	Adventure
1707	Spotlight	20000000.0	45055776.0	92108847.0	R	Drama
1708	Max	20000000.0	42656255.0	43658157.0	PG	Adventure
1709	Meet the Browns	20000000.0	41975388.0	41975388.0	PG-13	Comedy
1710	Orphan	20000000.0	41596251.0	78769428.0	R	Drama
1711	The Star	20000000.0	40847995.0	62758010.0	PG	Adventure
1712	Epic Movie	20000000.0	39739367.0	86858578.0	PG-13	Comedy
1713	The Grudge 2	20000000.0	39143839.0	70743839.0	PG-13	Horror
1714	Conan the Barbarian	20000000.0	38264085.0	79114085.0	nan	Action
1715	How Stella Got Her Groove Back	20000000.0	37672944.0	37672944.0	R	Drama
1716	Bill & Ted's Bogus Journey	20000000.0	37537675.0	37537675.0	PG	Adventure
1717	Man of the Year	20000000.0	37442180.0	41342180.0	PG-13	Comedy
1718	Risen	20000000.0	36880033.0	46255763.0	PG-13	Drama
1719	Vampires Suck	20000000.0	36661504.0	81424988.0	PG-13	Comedy
1720	Selena	20000000.0	35450113.0	35450113.0	PG	Drama
1721	A Very Harold & Kumar 3D Christmas	20000000.0	35061031.0	36265745.0	R	Comedy
1722	Texas Chainsaw 3D	20000000.0	34341945.0	47666013.0	R	Horror
1723	Babel	20000000.0	34302837.0	132121212.0	R	Drama
1724	This is Where I Leave You	20000000.0	34296320.0	41296320.0	R	Comedy
1725	Doubt	20000000.0	33446470.0	53191101.0	PG-13	Drama
1726	Team America: World Police	20000000.0	32774834.0	50948811.0	R	Comedy
1727	Scary Movie V	20000000.0	32015787.0	78613981.0	PG-13	Comedy
1728	Milk	20000000.0	31841299.0	57293371.0	R	Drama
1729	Ghost Ship	20000000.0	30113491.0	68349884.0	R	Horror
1730	Daybreakers	20000000.0	30101577.0	51445503.0	R	Horror
1731	High Fidelity	20000000.0	27277055.0	47881663.0	R	Comedy
1732	Stick It	20000000.0	26910736.0	30399714.0	PG-13	Comedy
1733	One Missed Call	20000000.0	26890041.0	44513466.0	PG-13	Horror
1734	Eye for an Eye	20000000.0	26792700.0	26792700.0	R	Drama
1735	The World's End	20000000.0	26004851.0	47508505.0	R	Comedy
1736	From Dusk Till Dawn	20000000.0	25728961.0	25732986.0	R	Horror
1737	You Again	20000000.0	25702053.0	32838945.0	PG	Comedy
1738	Alpha and Omega 3D	20000000.0	25107267.0	48958353.0	PG	Adventure
1739	Stay Alive	20000000.0	23086480.0	23187506.0	PG-13	Horror
1740	2 For the Money	20000000.0	22991379.0	30491379.0	R	Drama
1741	Shorts	20000000.0	20919166.0	29870801.0	PG	Adventure
1742	Vampires	20000000.0	20268825.0	20268825.0	R	Horror
1743	Yu-Gi-Oh	20000000.0	19762690.0	28762690.0	PG	Adventure
1744	Reign Over Me	20000000.0	19661987.0	20081987.0	R	Drama
1745	My Best Friend's Girl	20000000.0	19219250.0	34787111.0	R	Comedy
1746	Georgia Rule	20000000.0	18882880.0	20819601.0	R	Drama
1747	Under the Rainbow	20000000.0	18826490.0	18826490.0	nan	Comedy
1748	Ladyhawke	20000000.0	18400000.0	18400000.0	nan	Action
1749	Into the Wild	20000000.0	18354356.0	56822960.0	R	Drama
1750	Simon Birch	20000000.0	18253415.0	18310591.0	PG	Drama
1751	Pooh's Heffalump Movie	20000000.0	18098433.0	55686944.0	G	Adventure
1752	School for Scoundrels	20000000.0	17807569.0	17807569.0	PG-13	Comedy
1753	Silent Hill: Revelation 3D	20000000.0	17530219.0	55975672.0	R	Horror
1754	Home for the Holidays	20000000.0	17468887.0	22119269.0	PG-13	Comedy
1755	The Zookeeper’s Wife	20000000.0	17445186.0	24521550.0	PG-13	Drama
1756	Fired Up	20000000.0	17231291.0	18608570.0	PG-13	Comedy
1757	Kung Fu Hustle	20000000.0	17104669.0	102034104.0	R	Action
1758	The Country Bears	20000000.0	16988996.0	16988996.0	G	Adventure
1759	Dead Silence	20000000.0	16574590.0	20614661.0	R	Horror
1760	21 Grams	20000000.0	16248701.0	59667625.0	R	Drama
1761	The Kite Runner	20000000.0	15800078.0	74180745.0	PG-13	Drama
1762	The Greatest Story Ever Told	20000000.0	15473333.0	15473333.0	G	Drama
1763	Twilight	20000000.0	15055091.0	15055091.0	R	Drama
1764	Disaster Movie	20000000.0	14190901.0	36720752.0	PG-13	Comedy
1765	The Man Who Knew Too Little	20000000.0	13801755.0	13801755.0	PG	Comedy
1766	Burnt	20000000.0	13651946.0	36780895.0	R	Comedy
1767	Envy	20000000.0	13548322.0	14566246.0	PG-13	Comedy
1768	One Night with the King	20000000.0	13395961.0	13725032.0	PG	Drama
1769	Bullets Over Broadway	20000000.0	13383747.0	13383747.0	R	Comedy
1770	The Quiet American	20000000.0	12987647.0	26348203.0	R	Drama
1771	The Light Between Oceans	20000000.0	12545979.0	21748977.0	PG-13	Drama
1772	The Weather Man	20000000.0	12482775.0	15466961.0	R	Drama
1773	Undisputed	20000000.0	12398628.0	12398628.0	R	Drama
1774	12 Rounds	20000000.0	12234694.0	17306648.0	PG-13	Action
1775	3 Ninjas Kick Back	20000000.0	11744960.0	11744960.0	PG	Action
1776	Be Kind Rewind	20000000.0	11175164.0	30894247.0	PG-13	Comedy
1777	Mrs. Henderson Presents	20000000.0	11036366.0	27836366.0	R	Comedy
1778	We're No Angels	20000000.0	10555348.0	10555348.0	PG-13	Comedy
1779	Death Sentence	20000000.0	9534258.0	16907831.0	R	Action
1780	Popstar: Never Stop Never Stopping	20000000.0	9496130.0	9537120.0	R	Comedy
1781	Thank You for Your Service	20000000.0	9479390.0	9985316.0	R	Drama
1782	Everybody's Fine	20000000.0	9208876.0	9208876.0	PG-13	Drama
1783	Superbabies: Baby Geniuses 2	20000000.0	9109322.0	9355369.0	PG	Adventure
1784	Battle of the Year	20000000.0	8888355.0	16723377.0	PG-13	Drama
1785	Ratchet and Clank	20000000.0	8813410.0	12769469.0	PG	Adventure
1786	Death at a Funeral	20000000.0	8580428.0	46790428.0	R	Comedy
1787	The Man	20000000.0	8330720.0	10393696.0	PG-13	Comedy
1788	Code Name: The Cleaner	20000000.0	8135024.0	8135024.0	PG-13	Comedy
1789	Inherent Vice	20000000.0	8110975.0	14772346.0	R	Drama
1790	Connie & Carla	20000000.0	8047525.0	8047525.0	PG-13	Comedy
1791	Machete Kills	20000000.0	8008161.0	18273009.0	R	Action
1792	Doogal	20000000.0	7578946.0	28058652.0	G	Adventure
1793	Proof	20000000.0	7535331.0	8284331.0	PG-13	Drama
1794	An American Carol	20000000.0	7013191.0	7022183.0	PG-13	Comedy
1795	Willard	20000000.0	6882696.0	6882696.0	PG-13	Horror
1796	Strange Wilderness	20000000.0	6575282.0	6947084.0	R	Comedy
1797	Little Boy	20000000.0	6485961.0	17768390.0	PG-13	Drama
1798	Chasing Mavericks	20000000.0	6002756.0	8300821.0	PG	Drama
1799	A Most Violent Year	20000000.0	5749134.0	8398291.0	R	Drama
1800	A Dangerous Method	20000000.0	5702083.0	14807531.0	R	Drama
1801	Bandslam	20000000.0	5210988.0	12967829.0	PG	Comedy
1802	Alone in the Dark	20000000.0	5178569.0	8178569.0	R	Horror
1803	Birth	20000000.0	5005899.0	14603001.0	R	Drama
1804	Hands of Stone	20000000.0	4712792.0	5032013.0	R	Drama
1805	Flash of Genius	20000000.0	4442377.0	4504111.0	PG-13	Drama
1806	I’m Not There	20000000.0	4017609.0	12397613.0	R	Drama
1807	Synecdoche, New York	20000000.0	3083538.0	4383538.0	R	Drama
1808	LBJ	20000000.0	2468683.0	2507181.0	R	Drama
1809	Mononoke-hime	20000000.0	2374107.0	150350000.0	PG-13	Action
1810	Bon Voyage	20000000.0	2353728.0	8361736.0	PG-13	Comedy
1811	My All-American	20000000.0	2246000.0	2246000.0	PG	Drama
1812	Marci X	20000000.0	1646664.0	1646664.0	R	Comedy
1813	Equilibrium	20000000.0	1190018.0	5345869.0	R	Action
1814	Dylan Dog: Dead of Night	20000000.0	1186538.0	6093725.0	PG-13	Horror
1815	The Children of Huang Shi	20000000.0	1031872.0	8221700.0	R	Drama
1816	The Yards	20000000.0	882710.0	2282710.0	R	Drama
1817	Middle Men	20000000.0	754301.0	754301.0	R	Comedy
1818	All Good Things	20000000.0	582024.0	873617.0	R	Drama
1819	By the Sea	20000000.0	538460.0	3727746.0	R	Drama
1820	Steamboy	20000000.0	468867.0	10468867.0	PG-13	Action
1821	The Game of Their Lives	20000000.0	375474.0	375474.0	PG	Drama
1822	The Tempest	20000000.0	277943.0	277943.0	PG-13	Drama
1823	長江七號 (CJ7)	20000000.0	206678.0	47300771.0	PG	Adventure
1824	The Burning Plain	20000000.0	200730.0	1167092.0	R	Drama
1825	The Touch	20000000.0	0.0	5918742.0	PG-13	Adventure
1826	Dwegons and Leprechauns	20000000.0	0.0	0.0	PG	Adventure
1827	Der Baader Meinhof Komplex	19700000.0	476270.0	16498827.0	R	Action
1828	The Shape of Water	19500000.0	63859435.0	189258193.0	R	Drama
1829	De rouille et d’os	19500000.0	2061449.0	29393634.0	R	Drama
1830	The Painted Veil	19400000.0	8060487.0	15118795.0	PG-13	Drama
1831	The Devil's Double	19100000.0	1361512.0	5965646.0	R	Drama
1832	Back to the Future	19000000.0	212259762.0	385524862.0	PG	Adventure
1833	Scary Movie	19000000.0	157019771.0	277200000.0	R	Comedy
1834	Bad Teacher	19000000.0	100292856.0	215448997.0	R	Comedy
1835	Sausage Party	19000000.0	97670358.0	141354394.0	R	Comedy
1836	I Can Do Bad All By Myself	19000000.0	51733921.0	51733921.0	PG-13	Comedy
1837	The Shining	19000000.0	44017374.0	44728227.0	R	Horror
1838	Thirteen Ghosts	19000000.0	41867960.0	68467960.0	R	Horror
1839	House on Haunted Hill	19000000.0	40846082.0	65090541.0	R	Horror
1840	Notorious	19000000.0	36843682.0	44972183.0	R	Drama
1841	The Book Thief	19000000.0	21488481.0	76086711.0	PG-13	Drama
1842	Gone, Baby, Gone	19000000.0	20300218.0	34352162.0	R	Drama
1843	Thomas and the Magic Railroad	19000000.0	15911332.0	15911332.0	G	Adventure
1844	Sen to Chihiro no Kamikakushi	19000000.0	10049886.0	274949886.0	PG	Adventure
1845	Sex Drive	19000000.0	8402485.0	10412485.0	R	Comedy
1846	Firestorm	19000000.0	8123860.0	8123860.0	R	Action
1847	Take Me Home Tonight	19000000.0	6928068.0	7576604.0	R	Comedy
1848	Won't Back Down	19000000.0	5310554.0	5745503.0	PG	Drama
1849	Action Point	19000000.0	5059608.0	5103675.0	R	Comedy
1850	Kansas City	19000000.0	1353824.0	1353824.0	R	Drama
1851	George A. Romero's Land of the Dead	18975000.0	20700082.0	47751015.0	R	Horror
1852	Adaptation	18500000.0	22498520.0	32531759.0	R	Comedy
1853	The Invention of Lying	18500000.0	18451251.0	32679264.0	PG-13	Comedy
1854	Fear and Loathing in Las Vegas	18500000.0	10680275.0	13711903.0	R	Comedy
1855	Left Behind	18500000.0	4221341.0	4221341.0	PG-13	Drama
1856	Borat	18000000.0	128505958.0	261443242.0	R	Comedy
1857	The Mask	18000000.0	119920129.0	351620129.0	PG-13	Comedy
1858	Big	18000000.0	114968774.0	151668774.0	PG	Comedy
1859	Legally Blonde	18000000.0	96493426.0	141809235.0	PG-13	Comedy
1860	Mean Girls	18000000.0	86047227.0	130953026.0	PG-13	Comedy
1861	Star Trek III: The Search for Spock	18000000.0	76471046.0	87000000.0	PG	Adventure
1862	The Exorcism of Emily Rose	18000000.0	75072454.0	144529078.0	PG-13	Horror
1863	Deuce Bigalow: Male Gigolo	18000000.0	65535067.0	92935067.0	R	Comedy
1864	Barbershop 2: Back in Business	18000000.0	65070412.0	65842412.0	PG-13	Comedy
1865	The Family Stone	18000000.0	60062868.0	92357499.0	PG-13	Comedy
1866	Predator	18000000.0	59735548.0	98267558.0	R	Action
1867	My Big Fat Greek Wedding 2	18000000.0	59689605.0	92057814.0	PG-13	Comedy
1868	Diary of a Wimpy Kid: Rodrick Rules	18000000.0	52698535.0	73695194.0	PG	Adventure
1869	Amadeus	18000000.0	51973029.0	51973029.0	R	Drama
1870	Prom Night	18000000.0	43869350.0	57193655.0	PG-13	Horror
1871	Soul Surfer	18000000.0	43853424.0	47158652.0	PG	Drama
1872	Under the Tuscan Sun	18000000.0	43601508.0	57490024.0	PG-13	Comedy
1873	Peggy Sue Got Married	18000000.0	41382841.0	41382841.0	PG-13	Comedy
1874	Gosford Park	18000000.0	41300105.0	41300105.0	R	Comedy
1875	Orange County	18000000.0	41059716.0	43308707.0	PG-13	Comedy
1876	Blue Jasmine	18000000.0	33404871.0	102912961.0	PG-13	Comedy
1877	United 93	18000000.0	31567134.0	77635035.0	R	Drama
1878	Honey	18000000.0	30272254.0	62646763.0	PG-13	Drama
1879	Spy Hard	18000000.0	26936265.0	26936265.0	PG-13	Comedy
1880	Ricki and the Flash	18000000.0	26839498.0	41166033.0	PG-13	Drama
1881	Glory	18000000.0	26593580.0	26593580.0	R	Action
1882	Conan the Destroyer	18000000.0	26400000.0	26400000.0	nan	Action
1883	Love the Coopers	18000000.0	26302731.0	42227490.0	PG-13	Comedy
1884	Catch-22	18000000.0	24911670.0	24911670.0	nan	Comedy
1885	Observe and Report	18000000.0	24007324.0	27148898.0	R	Comedy
1886	Love Happens	18000000.0	22965110.0	36133014.0	PG-13	Drama
1887	Young Sherlock Holmes	18000000.0	19739000.0	19739000.0	PG-13	Adventure
1888	127 Hours	18000000.0	18335230.0	60217171.0	R	Drama
1889	Small Time Crooks	18000000.0	17266359.0	29934477.0	PG	Comedy
1890	Center Stage	18000000.0	17200925.0	21361109.0	PG-13	Drama
1891	Norm of the North	18000000.0	17062499.0	30535660.0	PG	Adventure
1892	Catch That Kid	18000000.0	16703799.0	16959614.0	PG	Adventure
1893	Jobs	18000000.0	16131410.0	43402515.0	PG-13	Drama
1894	Life as a House	18000000.0	15652637.0	23889158.0	R	Drama
1895	Youth in Revolt	18000000.0	15285588.0	19685588.0	R	Comedy
1896	And So It Goes	18000000.0	15160801.0	17868801.0	PG-13	Comedy
1897	I Love You, Beth Cooper	18000000.0	14800725.0	16382538.0	PG-13	Comedy
1898	Labor Day	18000000.0	13371528.0	14189810.0	PG-13	Drama
1899	The Ice Storm	18000000.0	8038061.0	16011975.0	R	Drama
1900	Being Julia	18000000.0	7739049.0	14488705.0	R	Drama
1901	Troop Beverly Hills	18000000.0	7190505.0	7190505.0	nan	Comedy
1902	Nine 1/2 Weeks	18000000.0	6734844.0	6734844.0	nan	Drama
1903	The Last Station	18000000.0	6617867.0	15696146.0	R	Drama
1904	Dragonslayer	18000000.0	6000000.0	6000000.0	nan	Action
1905	Ed Wood	18000000.0	5828466.0	5828466.0	R	Comedy
1906	Mongol	18000000.0	5705761.0	27147349.0	R	Drama
1907	RocknRolla	18000000.0	5700626.0	27794339.0	R	Action
1908	Megaforce	18000000.0	5675599.0	5675599.0	nan	Action
1909	Mao's Last Dancer	18000000.0	4806750.0	25941437.0	PG	Drama
1910	The Railway Man	18000000.0	4438438.0	23910210.0	R	Drama
1911	Restoration	18000000.0	4100000.0	4100000.0	R	Drama
1912	Midnight Special	18000000.0	3712282.0	7680250.0	PG-13	Drama
1913	Miss Sloane	18000000.0	3500605.0	7727952.0	R	Drama
1914	T2: Trainspotting	18000000.0	2402004.0	42091497.0	R	Drama
1915	8 Million Ways to Die	18000000.0	1305114.0	1305114.0	nan	Action
1916	Renaissance	18000000.0	70644.0	2401413.0	R	Action
1917	I Am Wrath	18000000.0	0.0	309608.0	R	Action
1918	The Prince	18000000.0	0.0	0.0	R	Action
1919	Red Sonja	17900000.0	6905861.0	6908640.0	PG-13	Action
1920	Superbad	17500000.0	121463226.0	169955142.0	R	Comedy
1921	Madea Goes To Jail	17500000.0	90508336.0	90508336.0	PG-13	Comedy
1922	Step Up 2 the Streets	17500000.0	58017783.0	148586910.0	PG-13	Drama
1923	Hoodwinked	17500000.0	51386611.0	109843390.0	PG	Adventure
1924	Hitman	17500000.0	39687694.0	99135571.0	R	Action
1925	Hotel Rwanda	17500000.0	23519128.0	36521223.0	PG-13	Drama
1926	Beerfest	17500000.0	19185184.0	20159316.0	R	Comedy
1927	City of Ghosts	17500000.0	325491.0	325491.0	R	Drama
1928	A Quiet Place	17000000.0	188024361.0	334524361.0	PG-13	Horror
1929	The Others	17000000.0	96522687.0	207765056.0	PG-13	Horror
1930	Aliens	17000000.0	85160248.0	183316455.0	R	Action
1931	Let’s Be Cops	17000000.0	82390774.0	136890774.0	R	Comedy
1932	I Know What You Did Last Summer	17000000.0	72250091.0	125250091.0	R	Horror
1933	Sideways	17000000.0	71502303.0	109793192.0	R	Drama
1934	The Best Man Holiday	17000000.0	70525195.0	72835710.0	R	Comedy
1935	Pitch Perfect	17000000.0	65001093.0	116044347.0	PG-13	Comedy
1936	Halloween: H2O	17000000.0	55041738.0	55041738.0	R	Horror
1937	Evil Dead	17000000.0	54239856.0	97778356.0	R	Horror
1938	Jet Li's Hero	17000000.0	53652140.0	177535958.0	PG-13	Action
1939	Saw 3D	17000000.0	45710178.0	133735284.0	R	Horror
1940	McFarland, USA	17000000.0	44480275.0	45707924.0	PG	Drama
1941	Almost Christmas	17000000.0	42065185.0	42493506.0	PG-13	Drama
1942	The Hills Have Eyes	17000000.0	41778863.0	70355813.0	R	Horror
1943	Good Boy!	17000000.0	37667746.0	45312217.0	PG	Adventure
1944	Smokin' Aces	17000000.0	35662731.0	57263440.0	R	Comedy
1945	A Night at the Roxbury	17000000.0	30331165.0	30331165.0	PG-13	Comedy
1946	Beastly	17000000.0	27865571.0	38028230.0	PG-13	Drama
1947	Tron	17000000.0	26918576.0	26918576.0	nan	Action
1948	Lottery Ticket	17000000.0	24719879.0	24719879.0	PG-13	Comedy
1949	Dickie Roberts: Former Child Star	17000000.0	22734486.0	23734486.0	PG-13	Comedy
1950	ATL	17000000.0	21170563.0	21170563.0	PG-13	Comedy
1951	Summer Catch	17000000.0	19693891.0	19693891.0	PG-13	Comedy
1952	A Simple Plan	17000000.0	16316273.0	16316273.0	R	Drama
1953	Wes Craven Presents: They	17000000.0	12840842.0	16140842.0	PG-13	Horror
1954	Superman IV: The Quest for Peace	17000000.0	11227824.0	11227824.0	PG	Action
1955	How She Move	17000000.0	7070641.0	8607815.0	PG-13	Drama
1956	Running Scared	17000000.0	6855137.0	9729088.0	R	Action
1957	The Apparition	17000000.0	4936819.0	10637281.0	PG-13	Horror
1958	Bobby Jones: Stroke of Genius	17000000.0	2694071.0	2694071.0	PG	Drama
1959	L'illusionniste	17000000.0	2231474.0	8609949.0	PG	Adventure
1960	Roar	17000000.0	2110050.0	2110050.0	PG	Adventure
1961	Veronica Guerin	17000000.0	1569918.0	9438074.0	R	Drama
1962	Genius	17000000.0	1361045.0	6942889.0	PG-13	Drama
1963	Escobar: Paradise Lost	17000000.0	195792.0	3917679.0	R	Drama
1964	The Young Messiah	16800000.0	6469813.0	7313697.0	PG-13	Drama
1965	My Girl	16500000.0	58011485.0	58011485.0	PG-13	Comedy
1966	Wall Street	16500000.0	43848100.0	43848100.0	R	Drama
1967	Sense and Sensibility	16500000.0	42993774.0	134993774.0	PG	Drama
1968	The Illusionist	16500000.0	39868642.0	83792062.0	PG-13	Drama
1969	House of Sand and Fog	16500000.0	13005485.0	16157923.0	R	Drama
1970	Sydney White	16500000.0	11892415.0	13636339.0	PG-13	Comedy
1971	Dead Poets Society	16400000.0	95860116.0	239500000.0	PG	Drama
1972	Dumb & Dumber	16000000.0	127175374.0	246400000.0	PG-13	Comedy
1973	Road Trip	16000000.0	68525609.0	119739110.0	R	Comedy
1974	The Verdict	16000000.0	53977250.0	53977250.0	R	Drama
1975	Varsity Blues	16000000.0	52894169.0	54294169.0	R	Drama
1976	Moonrise Kingdom	16000000.0	45512466.0	68848446.0	PG-13	Drama
1977	The Artist	16000000.0	44667095.0	128256712.0	PG-13	Drama
1978	The Master of Disguise	16000000.0	40363530.0	40363530.0	PG	Adventure
1979	El Laberinto del Fauno	16000000.0	37634615.0	87041569.0	R	Horror
1980	The Messengers	16000000.0	35374833.0	53774833.0	PG-13	Horror
1981	See Spot Run	16000000.0	33357476.0	43057552.0	PG	Adventure
1982	Double Impact	16000000.0	29090445.0	29090445.0	R	Action
1983	Baby Boy	16000000.0	28734552.0	28734552.0	R	Drama
1984	Joe Dirt	16000000.0	27087695.0	30987695.0	PG-13	Comedy
1985	The Women	16000000.0	26902075.0	50103808.0	PG-13	Comedy
1986	Hot Fuzz	16000000.0	23618786.0	81742618.0	R	Comedy
1987	Vicky Cristina Barcelona	16000000.0	23216709.0	104504817.0	PG-13	Comedy
1988	Superfly	16000000.0	20537137.0	20723581.0	R	Action
1989	Remember Me	16000000.0	19068240.0	56506120.0	PG-13	Drama
1990	White Oleander	16000000.0	16357770.0	21657770.0	PG-13	Drama
1991	Drowning Mona	16000000.0	15427192.0	15980376.0	PG-13	Comedy
1992	Radio Days	16000000.0	14792779.0	14792779.0	nan	Comedy
1993	How to Deal	16000000.0	14108518.0	14108518.0	PG-13	Drama
1994	Soul Plane	16000000.0	13922211.0	14553807.0	R	Comedy
1995	My Stepmother Is an Alien	16000000.0	13854000.0	13854000.0	PG-13	Comedy
1996	People Like Us	16000000.0	12431792.0	12617472.0	PG-13	Drama
1997	The Cookout	16000000.0	11540112.0	11540112.0	PG-13	Comedy
1998	Meteor	16000000.0	8400000.0	8400000.0	nan	Action
1999	Highlander	16000000.0	5900000.0	12900000.0	R	Action
2000	Bleed for This	16000000.0	5083906.0	6603926.0	R	Drama
2001	Duets	16000000.0	4734235.0	6615452.0	R	Drama
2002	Detroit Rock City	16000000.0	4217115.0	5825314.0	R	Comedy
2003	Things We Lost in the Fire	16000000.0	3287315.0	8120148.0	R	Drama
2004	The Immigrant	16000000.0	2013456.0	7585011.0	R	Drama
2005	Steel	16000000.0	1686429.0	1686429.0	PG-13	Action
2006	The White Countess	16000000.0	1669971.0	2814566.0	PG-13	Drama
2007	Men, Women and Children	16000000.0	705908.0	1685403.0	R	Comedy
2008	Good	16000000.0	31631.0	31631.0	R	Drama
2009	Juwanna Mann	15600000.0	13571817.0	13771817.0	PG-13	Comedy
2010	La Môme	15500000.0	10299782.0	88611837.0	PG-13	Drama
2011	Ararat	15500000.0	1693000.0	1693000.0	R	Drama
2012	Madison	15500000.0	517262.0	517262.0	PG	Drama
2013	The Yellow Handkerchief	15500000.0	318623.0	318623.0	PG-13	Drama
2014	Slither	15250000.0	7802450.0	12930343.0	R	Horror
2015	Home Alone	15000000.0	285761243.0	476684675.0	PG	Comedy
2016	Beverly Hills Cop	15000000.0	234760478.0	316300000.0	R	Action
2017	Top Gun	15000000.0	179800601.0	356799634.0	PG	Action
2018	Tootsie	15000000.0	177200000.0	177200000.0	PG	Comedy
2019	3 Men and a Baby	15000000.0	167780960.0	167780960.0	PG	Comedy
2020	The King’s Speech	15000000.0	138797449.0	430821168.0	R	Drama
2021	American Beauty	15000000.0	130058047.0	356258047.0	R	Drama
2022	Crouching Tiger, Hidden Dragon	15000000.0	128067808.0	213514672.0	PG-13	Action
2023	Twins	15000000.0	111936388.0	216600000.0	PG	Comedy
2024	Scream	15000000.0	103046663.0	173046663.0	R	Horror
2025	Annabelle: Creation	15000000.0	102092201.0	305385888.0	R	Horror
2026	Jackass Presents: Bad Grandpa	15000000.0	102003019.0	160903019.0	R	Comedy
2027	Heaven Can Wait	15000000.0	98800000.0	98800000.0	PG	Comedy
2028	The Color Purple	15000000.0	93589701.0	93589701.0	PG-13	Drama
2029	The Imitation Game	15000000.0	91125143.0	227773686.0	PG-13	Drama
2030	Beetlejuice	15000000.0	73326666.0	73326666.0	PG	Comedy
2031	Ben-Hur	15000000.0	73000000.0	73000000.0	G	Adventure
2032	Mama	15000000.0	71628180.0	148095566.0	PG-13	Horror
2033	Private Benjamin	15000000.0	69847348.0	69847348.0	R	Comedy
2034	Coal Miner's Daughter	15000000.0	67182787.0	67182787.0	PG	Drama
2035	Lethal Weapon	15000000.0	65192350.0	120192350.0	R	Action
2036	Diary of a Wimpy Kid	15000000.0	64003625.0	76954311.0	PG	Adventure
2037	National Lampoon’s Vacation	15000000.0	61400000.0	61400000.0	R	Comedy
2038	The Queen	15000000.0	56441711.0	128885873.0	PG-13	Drama
2039	Little Women	15000000.0	50003303.0	50003303.0	PG	Drama
2040	The Deer Hunter	15000000.0	50000000.0	50009253.0	R	Drama
2041	When a Stranger Calls	15000000.0	47860214.0	67215435.0	PG-13	Horror
2042	Big Fat Liar	15000000.0	47811275.0	52461017.0	PG	Adventure
2043	Cop Land	15000000.0	44906632.0	63706632.0	R	Drama
2044	Wag the Dog	15000000.0	43057470.0	64252038.0	R	Drama
2045	The Lizzie McGuire Movie	15000000.0	42734455.0	55534455.0	PG	Adventure
2046	The Faculty	15000000.0	40283321.0	40283321.0	R	Horror
2047	What's Love Got to Do With It	15000000.0	39100956.0	39100956.0	R	Drama
2048	Not Another Teen Movie	15000000.0	37882551.0	62401343.0	R	Comedy
2049	Wild	15000000.0	37880356.0	52460543.0	R	Drama
2050	Lawrence of Arabia	15000000.0	37495385.0	69995385.0	PG	Adventure
2051	The Theory of Everything	15000000.0	35893537.0	123327692.0	PG-13	Drama
2052	Drive	15000000.0	35060689.0	81357930.0	R	Action
2053	Malibu's Most Wanted	15000000.0	34308901.0	34499204.0	PG-13	Comedy
2054	Where the Heart Is	15000000.0	33771174.0	40862054.0	PG-13	Drama
2055	Halloween 2	15000000.0	33392973.0	38512850.0	R	Horror
2056	The Last House on the Left	15000000.0	32752215.0	46526243.0	R	Horror
2057	Because of Winn-Dixie	15000000.0	32647042.0	33508485.0	PG	Comedy
2058	The Princess Bride	15000000.0	30857000.0	30858487.0	PG	Adventure
2059	Halloween: Resurrection	15000000.0	30259652.0	37659652.0	R	Horror
2060	The Great Debaters	15000000.0	30226144.0	30261293.0	PG-13	Drama
2061	When the Game Stands Tall	15000000.0	30127963.0	30138912.0	PG	Drama
2062	28 Weeks Later	15000000.0	28638916.0	64232714.0	R	Horror
2063	Love and Basketball	15000000.0	27441122.0	27709625.0	PG-13	Drama
2064	Book of Shadows: Blair Witch 2	15000000.0	26421314.0	47721314.0	R	Horror
2065	Boogie Nights	15000000.0	26410771.0	43111725.0	R	Drama
2066	Ramona and Beezus	15000000.0	26167002.0	27469621.0	G	Adventure
2067	The Remains of the Day	15000000.0	22954968.0	63954968.0	PG	Drama
2068	Nowhere to Run	15000000.0	22189039.0	52189039.0	R	Action
2069	Urban Legends: Final Cut	15000000.0	21468807.0	38574362.0	R	Horror
2070	The Place Beyond the Pines	15000000.0	21403519.0	47011449.0	R	Drama
2071	Flicka	15000000.0	21000147.0	21896367.0	PG	Drama
2072	The Hills Have Eyes II	15000000.0	20804166.0	37466538.0	R	Horror
2073	Keanu	15000000.0	20591853.0	20688141.0	R	Comedy
2074	Country Strong	15000000.0	20218921.0	20601987.0	PG-13	Drama
2075	Tuck Everlasting	15000000.0	19161999.0	19344615.0	PG	Drama
2076	The Marine	15000000.0	18844784.0	22165608.0	PG-13	Action
2077	The Big Lebowski	15000000.0	17498804.0	46189568.0	R	Comedy
2078	The Hurt Locker	15000000.0	17017811.0	49894223.0	R	Drama
2079	The Man with the Iron Fists	15000000.0	15634090.0	22018988.0	R	Action
2080	Firestarter	15000000.0	15136870.0	15136870.0	nan	Horror
2081	Freddy Got Fingered	15000000.0	14249005.0	14249005.0	R	Comedy
2082	One Day	15000000.0	13843771.0	59168692.0	PG-13	Drama
2083	De-Lovely	15000000.0	13337299.0	18524496.0	PG-13	Drama
2084	Whip It	15000000.0	13077184.0	18889972.0	PG-13	Comedy
2085	Highlander: Endgame	15000000.0	12801190.0	12801190.0	R	Action
2086	The Founder	15000000.0	12786053.0	24408130.0	PG-13	Drama
2087	Confidence	15000000.0	12212417.0	12212417.0	R	Drama
2088	Knockaround Guys	15000000.0	11660180.0	12419700.0	R	Drama
2089	The Muse	15000000.0	11614954.0	11614954.0	PG-13	Comedy
2090	Barney's Great Adventure	15000000.0	11156471.0	11156471.0	G	Adventure
2091	New York Stories	15000000.0	10763469.0	10763469.0	PG	Drama
2092	Here on Earth	15000000.0	10494147.0	10845127.0	PG-13	Drama
2093	Raise Your Voice	15000000.0	10411980.0	14811980.0	PG	Drama
2094	The Dark Half	15000000.0	9579068.0	9579068.0	R	Horror
2095	Black Snake Moan	15000000.0	9396870.0	10951153.0	R	Drama
2096	Dark Blue	15000000.0	9237470.0	12262065.0	R	Drama
2097	A Mighty Heart	15000000.0	9176787.0	19153568.0	R	Drama
2098	Boat Trip	15000000.0	8586376.0	14933713.0	R	Comedy
2099	The Importance of Being Earnest	15000000.0	8378141.0	8378141.0	PG	Comedy
2100	Hoot	15000000.0	8117637.0	8224998.0	PG	Adventure
2101	In Bruges	15000000.0	7800825.0	34533783.0	R	Comedy
2102	Promised Land	15000000.0	7597898.0	12394562.0	R	Drama
2103	Mulholland Drive	15000000.0	7219578.0	20785973.0	R	Drama
2104	The Rocker	15000000.0	6409528.0	8767338.0	PG-13	Comedy
2105	Jakob the Liar	15000000.0	4956401.0	4956401.0	PG-13	Drama
2106	Kiss Kiss, Bang Bang	15000000.0	4235837.0	16829464.0	R	Comedy
2107	Idle Hands	15000000.0	4023741.0	4023741.0	R	Horror
2108	Blood and Chocolate	15000000.0	3526588.0	6551310.0	PG-13	Horror
2109	You Will Meet a Tall Dark Stranger	15000000.0	3247816.0	34247816.0	R	Drama
2110	Never Let Me Go	15000000.0	2434652.0	11173718.0	R	Drama
2111	The Disappointments Room	15000000.0	2423467.0	3144688.0	R	Horror
2112	The Company	15000000.0	2281585.0	3396508.0	PG-13	Drama
2113	Crazy in Alabama	15000000.0	1954202.0	1954202.0	PG-13	Drama
2114	The Clan of the Cave Bear	15000000.0	1953732.0	1953732.0	nan	Adventure
2115	Banlieue 13	15000000.0	1200216.0	11599903.0	R	Action
2116	Felicia's Journey	15000000.0	824295.0	1970268.0	PG-13	Drama
2117	Metropolis	15000000.0	673414.0	1405032.0	PG-13	Adventure
2118	The Reluctant Fundamentalist	15000000.0	528731.0	528731.0	R	Drama
2119	The Return	15000000.0	501752.0	5953886.0	PG-13	Drama
2120	Buffalo Soldiers	15000000.0	353743.0	353743.0	R	Comedy
2121	Centurion	15000000.0	123570.0	7885048.0	R	Action
2122	Ong-Bak 2	15000000.0	102458.0	7583050.0	R	Action
2123	Winnie Mandela	15000000.0	61847.0	61847.0	R	Drama
2124	The Son of No One	15000000.0	30680.0	1148578.0	R	Drama
2125	All the Queen's Men	15000000.0	22723.0	22723.0	PG-13	Comedy
2126	In Dubious Battle	15000000.0	0.0	214182.0	R	Drama
2127	Magic Mike XXL	14500000.0	66013057.0	123709460.0	R	Comedy
2128	Romeo+Juliet	14500000.0	46338728.0	147542381.0	PG-13	Drama
2129	Elle s'appelait Sarah	14500000.0	7691700.0	25480031.0	PG-13	Drama
2130	Freedom	14500000.0	0.0	872757.0	R	Drama
2131	Slumdog Millionaire	14000000.0	141330703.0	384530440.0	R	Drama
2132	Towering Inferno	14000000.0	116000000.0	139700000.0	PG	Action
2133	Crocodile Dundee 2	14000000.0	109306210.0	239606210.0	PG	Adventure
2134	Born on the Fourth of July	14000000.0	70001698.0	70001698.0	R	Drama
2135	Cool Runnings	14000000.0	68856263.0	155056263.0	PG	Adventure
2136	Stomp the Yard	14000000.0	61356221.0	75525718.0	PG-13	Drama
2137	My Bloody Valentine	14000000.0	51545952.0	102836002.0	R	Horror
2138	The Possession	14000000.0	49130588.0	82925064.0	PG-13	Horror
2139	First Blood	14000000.0	47212904.0	125212904.0	R	Action
2140	The Spy Who Loved Me	14000000.0	46800000.0	185400000.0	PG	Action
2141	Urban Legend	14000000.0	38116707.0	72571864.0	R	Horror
2142	Taps	14000000.0	35856053.0	35856053.0	PG	Drama
2143	Tyler Perry's Good Deeds	14000000.0	35025791.0	35579177.0	PG-13	Drama
2144	White Fang	14000000.0	34729091.0	34729091.0	PG	Adventure
2145	Dangerous Liaisons	14000000.0	34700000.0	34700000.0	R	Drama
2146	Superstar	14000000.0	30628981.0	30628981.0	PG-13	Comedy
2147	The Iron Lady	14000000.0	29959436.0	115592104.0	PG-13	Drama
2148	Poetic Justice	14000000.0	27450453.0	27450453.0	R	Drama
2149	Jonah: A VeggieTales Movie	14000000.0	25571351.0	25608779.0	G	Adventure
2150	All About the Benjamins	14000000.0	25482931.0	25873145.0	R	Comedy
2151	Exorcist II: The Heretic	14000000.0	25011000.0	25011000.0	nan	Horror
2152	Our Family Wedding	14000000.0	20255281.0	21410546.0	PG-13	Comedy
2153	Vampire in Brooklyn	14000000.0	19637147.0	19637147.0	R	Horror
2154	An American Haunting	14000000.0	16298046.0	30443277.0	PG-13	Horror
2155	Thinner	14000000.0	15171475.0	15171475.0	R	Horror
2156	Tea with Mussolini	14000000.0	14395874.0	14395874.0	PG	Drama
2157	Jason X	14000000.0	13121555.0	16951798.0	R	Horror
2158	Crooklyn	14000000.0	13024170.0	13024170.0	PG-13	Comedy
2159	Hot Tub Time Machine 2	14000000.0	12314651.0	12452601.0	R	Comedy
2160	Bobby	14000000.0	11242801.0	20597806.0	R	Drama
2161	Fun Size	14000000.0	9409538.0	11166615.0	PG-13	Comedy
2162	Le Scaphandre et le Papillon	14000000.0	5990075.0	22754472.0	PG-13	Drama
2163	Little Children	14000000.0	5463019.0	14121177.0	R	Drama
2164	Gossip	14000000.0	5108820.0	12591270.0	R	Drama
2165	A Walk on the Moon	14000000.0	4741987.0	4741987.0	R	Drama
2166	Suffragette	14000000.0	4702420.0	34044909.0	PG-13	Drama
2167	Mr. Turner	14000000.0	3958546.0	25187026.0	R	Drama
2168	Soul Survivors	14000000.0	3100650.0	4288246.0	PG-13	Horror
2169	Jefferson in Paris	14000000.0	2461628.0	2461628.0	PG-13	Drama
2170	Caravans	14000000.0	1000000.0	1000000.0	nan	Adventure
2171	The Lucky Ones	14000000.0	266967.0	266967.0	R	Drama
2172	Margaret	14000000.0	47185.0	623292.0	R	Drama
2173	Brokeback Mountain	13900000.0	83043761.0	177012173.0	R	Drama
2174	Clueless	13700000.0	56598476.0	56598476.0	PG-13	Comedy
2175	Teenage Mutant Ninja Turtles	13500000.0	135265915.0	202000000.0	PG	Adventure
2176	Far From Heaven	13500000.0	15901849.0	29027914.0	PG-13	Drama
2177	Seven Psychopaths	13500000.0	15024049.0	33035736.0	R	Comedy
2178	Quills	13500000.0	7060876.0	11732088.0	R	Drama
2179	The Border	13500000.0	6118683.0	6118683.0	nan	Drama
2180	Der Untergang	13500000.0	5501940.0	93631744.0	R	Drama
2181	The Caveman's Valentine	13500000.0	687081.0	892506.0	R	Drama
2182	The Last Godfather	13400000.0	164247.0	164247.0	PG-13	Comedy
2183	Mar adentro	13300000.0	2086345.0	39686345.0	PG-13	Drama
2184	Good Morning Vietnam	13000000.0	123922370.0	123922370.0	R	Comedy
2185	Save the Last Dance	13000000.0	91038276.0	122244329.0	PG-13	Drama
2186	The First Purge	13000000.0	69086325.0	136112145.0	R	Horror
2187	Miracles from Heaven	13000000.0	61705123.0	73798720.0	PG	Drama
2188	Snow Day	13000000.0	60008303.0	62452927.0	PG	Adventure
2189	The Shallows	13000000.0	55121623.0	118888025.0	PG-13	Drama
2190	RoboCop	13000000.0	53424681.0	53424681.0	R	Action
2191	This Christmas	13000000.0	49121934.0	49733545.0	PG-13	Drama
2192	Dude, Where's My Car?	13000000.0	46729374.0	73180297.0	PG-13	Comedy
2193	St. Vincent	13000000.0	44137712.0	54837234.0	PG-13	Comedy
2194	Earth to Echo	13000000.0	38934842.0	42174545.0	PG	Adventure
2195	The New Guy	13000000.0	28972187.0	28972187.0	PG-13	Comedy
2196	Loaded Weapon 1	13000000.0	27979399.0	27979399.0	PG-13	Comedy
2197	Baby Geniuses	13000000.0	27151490.0	27151490.0	PG	Adventure
2198	The Big Hit	13000000.0	27066941.0	27066941.0	R	Action
2199	Child's Play 2	13000000.0	26904572.0	34166572.0	R	Horror
2200	Harriet the Spy	13000000.0	26570048.0	26570048.0	PG	Adventure
2201	21 and Over	13000000.0	25682380.0	42195766.0	R	Comedy
2202	The Mist	13000000.0	25593755.0	57189408.0	R	Horror
2203	The Perks of Being a Wallflower	13000000.0	17742948.0	33069303.0	PG-13	Drama
2204	crazy/beautiful	13000000.0	16929123.0	19929123.0	PG-13	Drama
2205	Room	13000000.0	14677674.0	36262783.0	R	Drama
2206	Woodlawn	13000000.0	14394097.0	14403703.0	PG	Drama
2207	Letters from Iwo Jima	13000000.0	13756082.0	67867998.0	R	Drama
2208	The Astronaut Farmer	13000000.0	11003643.0	11141213.0	PG	Drama
2209	Dirty Work	13000000.0	10020081.0	10020081.0	PG-13	Comedy
2210	Robinson Crusoe	13000000.0	8005586.0	33490316.0	PG	Adventure
2211	Serial Mom	13000000.0	7881335.0	7881335.0	R	Comedy
2212	Dick	13000000.0	6276869.0	6276869.0	PG-13	Comedy
2213	Light It Up	13000000.0	5871603.0	5871603.0	R	Drama
2214	Bubble Boy	13000000.0	5002310.0	5002310.0	PG-13	Comedy
2215	Paris, je t'aime	13000000.0	4857374.0	5175088.0	R	Drama
2216	Resurrecting the Champ	13000000.0	3172382.0	3260555.0	PG-13	Drama
2217	The Widow of St. Pierre	13000000.0	3058380.0	3058380.0	R	Drama
2218	Youth	13000000.0	2703296.0	24002112.0	R	Drama
2219	Un Prophète	13000000.0	2087720.0	19910624.0	R	Drama
2220	I Love You, Phillip Morris	13000000.0	2037459.0	23014027.0	R	Comedy
2221	The Vatican Tapes	13000000.0	1784763.0	14999638.0	PG-13	Horror
2222	Find Me Guilty	13000000.0	1173673.0	2898225.0	R	Drama
2223	Infamous	13000000.0	1151330.0	2613717.0	R	Drama
2224	Attack the Block	13000000.0	1024175.0	6459183.0	R	Action
2225	In The Land of Blood and Honey	13000000.0	303877.0	509193.0	R	Drama
2226	The Killer Inside Me	13000000.0	217277.0	3617277.0	R	Drama
2227	The Drop	12600000.0	10724389.0	19054534.0	R	Drama
2228	Machete	12500000.0	26593646.0	46370970.0	R	Action
2229	Antwone Fisher	12500000.0	21078145.0	23367586.0	PG-13	Drama
2230	La Guerre du feu	12500000.0	20959585.0	20959585.0	nan	Adventure
2231	The Emperor's Club	12500000.0	14060950.0	16193713.0	PG-13	Drama
2232	Sorority Row	12500000.0	11965282.0	26735797.0	R	Horror
2233	Glengarry Glen Ross	12500000.0	10725228.0	10725228.0	R	Drama
2234	The Boy in the Striped Pyjamas	12500000.0	9046156.0	44083403.0	PG-13	Drama
2235	Cat People	12500000.0	7000000.0	21000000.0	R	Drama
2236	The Prisoner of Zenda	12500000.0	7000000.0	7000000.0	nan	Comedy
2237	Conviction	12500000.0	6797696.0	11826980.0	R	Drama
2238	Lars and the Real Girl	12500000.0	5956480.0	11277119.0	PG-13	Comedy
2239	Solitary Man	12500000.0	4360548.0	4360548.0	R	Drama
2240	Oscar and Lucinda	12500000.0	1612957.0	1612957.0	R	Drama
2241	The Funeral	12500000.0	1212799.0	1412799.0	R	Drama
2242	Tae Guik Gi: The Brotherhood of War	12500000.0	1110186.0	69826708.0	R	Drama
2243	The Perfect Game	12500000.0	1089445.0	3931367.0	PG	Drama
2244	The Land Before Time	12300000.0	48092846.0	81972846.0	G	Adventure
2245	Jaws	12000000.0	260000000.0	470700000.0	PG	Horror
2246	The Exorcist	12000000.0	204868002.0	402735134.0	R	Horror
2247	The Fault in Our Stars	12000000.0	124872350.0	307166834.0	PG-13	Drama
2248	American Pie	12000000.0	101800948.0	234723148.0	R	Comedy
2249	Heaven is for Real	12000000.0	91386097.0	100916299.0	PG	Drama
2250	The Golden Child	12000000.0	79817937.0	79817937.0	PG-13	Action
2251	Star Trek II: The Wrath of Khan	12000000.0	78912963.0	95800000.0	PG	Adventure
2252	Barbershop	12000000.0	75781642.0	77063461.0	PG-13	Comedy
2253	Ace Ventura: Pet Detective	12000000.0	72217396.0	107217396.0	PG-13	Comedy
2254	Act of Valor	12000000.0	70012847.0	82497035.0	R	Action
2255	Step Up	12000000.0	65328121.0	110989157.0	PG-13	Drama
2256	Beavis and Butt-Head Do America	12000000.0	63118386.0	63118386.0	PG-13	Adventure
2257	Lion	12000000.0	51739495.0	149875676.0	PG-13	Drama
2258	Jackie Brown	12000000.0	39673162.0	74727492.0	R	Drama
2259	Philomena	12000000.0	37709979.0	98963392.0	PG-13	Drama
2260	Time Bandits	12000000.0	37400000.0	37400000.0	nan	Adventure
2261	Paper Towns	12000000.0	32000304.0	85512300.0	PG-13	Drama
2262	Quarantine	12000000.0	31691811.0	41924774.0	R	Horror
2263	One Hour Photo	12000000.0	31597131.0	52223306.0	R	Drama
2264	Johnson Family Vacation	12000000.0	31203964.0	31286759.0	PG-13	Comedy
2265	How High	12000000.0	31155435.0	31222395.0	R	Comedy
2266	Spartacus	12000000.0	30000000.0	60000000.0	PG-13	Action
2267	Crank	12000000.0	27838408.0	43924923.0	R	Action
2268	The Muppet Christmas Carol	12000000.0	27281507.0	27492918.0	G	Comedy
2269	Frida	12000000.0	25885000.0	56131239.0	R	Drama
2270	Top Five	12000000.0	25317379.0	26001741.0	R	Comedy
2271	Rounders	12000000.0	22921898.0	22921898.0	R	Drama
2272	Project Almanac	12000000.0	22348241.0	32909437.0	PG-13	Adventure
2273	Tales from the Crypt: Demon Knight	12000000.0	21089146.0	21089146.0	R	Horror
2274	The Upside of Anger	12000000.0	18761993.0	28915761.0	R	Drama
2275	Aquamarine	12000000.0	18597342.0	22978953.0	PG	Comedy
2276	Nebraska	12000000.0	17654912.0	24761360.0	R	Drama
2277	My Baby's Daddy	12000000.0	17321573.0	17322212.0	PG-13	Comedy
2278	Max Keeble's Big Move	12000000.0	17292381.0	17292381.0	PG	Adventure
2279	Young Adult	12000000.0	16311571.0	22750356.0	R	Comedy
2280	Wish Upon	12000000.0	14301505.0	23477345.0	PG-13	Horror
2281	Def Jam's How To Be a Player	12000000.0	14010363.0	14010363.0	R	Comedy
2282	Living Out Loud	12000000.0	12905901.0	12905901.0	R	Drama
2283	Rachel Getting Married	12000000.0	12796861.0	17475475.0	R	Drama
2284	The Postman Always Rings Twice	12000000.0	12200000.0	44200000.0	nan	Drama
2285	Girl with a Pearl Earring	12000000.0	11634362.0	43274797.0	PG-13	Drama
2286	Das Boot	12000000.0	11487676.0	84970337.0	R	Drama
2287	House of Flying Daggers	12000000.0	11050094.0	92863945.0	PG-13	Action
2288	Sorority Boys	12000000.0	10198766.0	12516222.0	R	Comedy
2289	Marshall	12000000.0	10051659.0	10116816.0	PG-13	Drama
2290	Cadillac Records	12000000.0	8195551.0	8942516.0	R	Drama
2291	Screwed	12000000.0	6982680.0	6982680.0	PG-13	Comedy
2292	Running With Scissors	12000000.0	6860000.0	8706701.0	R	Comedy
2293	Fortress	12000000.0	6730578.0	46730578.0	R	Action
2294	For Your Consideration	12000000.0	5549923.0	5549923.0	PG-13	Comedy
2295	Celebrity	12000000.0	5078660.0	6200000.0	R	Comedy
2296	Invaders from Mars	12000000.0	4884663.0	4984663.0	nan	Horror
2297	Girl 6	12000000.0	4880941.0	4880941.0	R	Comedy
2298	Charlie Bartlett	12000000.0	3950294.0	5295909.0	R	Comedy
2299	Two Lovers	12000000.0	3149034.0	16349034.0	R	Drama
2300	Last Orders	12000000.0	2326407.0	2326407.0	R	Drama
2301	Gwoemul	12000000.0	2201923.0	92618117.0	R	Action
2302	The Pursuit of D.B. Cooper	12000000.0	2104164.0	2104164.0	nan	Adventure
2303	Ravenous	12000000.0	2062406.0	2062406.0	R	Horror
2304	The Dangerous Lives of Altar Boys	12000000.0	1779284.0	1779284.0	R	Drama
2305	Stoker	12000000.0	1703125.0	12034913.0	R	Drama
2306	Married Life	12000000.0	1506998.0	2975188.0	PG-13	Drama
2307	Kill the Irishman	12000000.0	1188194.0	1188194.0	R	Drama
2308	Duma	12000000.0	870067.0	994790.0	PG	Adventure
2309	Darling Companion	12000000.0	793352.0	1200346.0	PG-13	Comedy
2310	Ondine	12000000.0	550472.0	557545.0	PG-13	Drama
2311	Life Before Her Eyes	12000000.0	303439.0	7203439.0	R	Drama
2312	Critical Care	12000000.0	220175.0	220175.0	R	Drama
2313	Trade	12000000.0	214202.0	1513388.0	R	Drama
2314	Fateless	12000000.0	196857.0	196857.0	R	Drama
2315	San qiang pai an jing qi	12000000.0	190946.0	310946.0	R	Drama
2316	Breakfast of Champions	12000000.0	178287.0	178287.0	R	Comedy
2317	Company Man	12000000.0	146028.0	622273.0	PG-13	Comedy
2318	Nanjing! Nanjing!	12000000.0	122558.0	20122558.0	R	Drama
2319	Trash	12000000.0	17484.0	6553186.0	R	Adventure
2320	5 Days of War	12000000.0	17479.0	87793.0	R	Drama
2321	10 Days in a Madhouse	12000000.0	14616.0	14616.0	R	Drama
2322	The Dressmaker	11900000.0	2022115.0	24041617.0	R	Drama
2323	Diamonds	11900000.0	81897.0	81897.0	PG-13	Comedy
2324	Madadayo	11900000.0	48856.0	48856.0	nan	Drama
2325	Carol	11800000.0	12711491.0	42895440.0	R	Drama
2326	Pet Sematary	11500000.0	57469179.0	57469179.0	R	Horror
2327	Dirty Grandpa	11500000.0	35593113.0	105241410.0	R	Comedy
2328	St. Trinian’s	11400000.0	15000.0	29830239.0	PG-13	Comedy
2329	Star Wars Ep. IV: A New Hope	11000000.0	460998007.0	786598007.0	PG	Adventure
2330	Gremlins	11000000.0	148168459.0	148199515.0	PG	Comedy
2331	Doctor Zhivago	11000000.0	111721000.0	111859493.0	PG-13	Drama
2332	The Fighter	11000000.0	93617009.0	129262388.0	R	Drama
2333	Fried Green Tomatoes	11000000.0	81204830.0	81204830.0	PG-13	Drama
2334	Jackass: Number Two	11000000.0	72778712.0	85278712.0	R	Comedy
2335	My Cousin Vinny	11000000.0	52929168.0	52929168.0	R	Comedy
2336	If I Stay	11000000.0	50474843.0	78356170.0	PG-13	Drama
2337	Major League	11000000.0	49793054.0	49793054.0	R	Comedy
2338	A Walk to Remember	11000000.0	41227069.0	46060915.0	PG	Drama
2339	Dead Man Walking	11000000.0	39387284.0	83088295.0	R	Drama
2340	Brooklyn	11000000.0	38322743.0	62076141.0	PG-13	Drama
2341	Cruel Intentions	11000000.0	38230075.0	75803716.0	R	Drama
2342	The Secret Life of Bees	11000000.0	37780486.0	39994347.0	PG-13	Drama
2343	Woman in Gold	11000000.0	33307793.0	57019592.0	PG-13	Drama
2344	History of the World: Part I	11000000.0	31672000.0	31672000.0	nan	Comedy
2345	Saw VI	11000000.0	27693292.0	69752402.0	R	Horror
2346	Corky Romano	11000000.0	23978402.0	25116103.0	PG-13	Comedy
2347	F.I.S.T	11000000.0	20388920.0	20388920.0	nan	Drama
2348	Barry Lyndon	11000000.0	20000000.0	20169934.0	PG	Drama
2349	Quartet	11000000.0	18388357.0	56178935.0	PG-13	Comedy
2350	Out Cold	11000000.0	13906394.0	14786394.0	PG-13	Comedy
2351	The Ladies Man	11000000.0	13592872.0	13719474.0	R	Comedy
2352	Tomcats	11000000.0	13558739.0	13558739.0	R	Comedy
2353	Inside Llewyn Davis	11000000.0	13248209.0	32943247.0	R	Drama
2354	Army of Darkness	11000000.0	11502976.0	21502976.0	R	Horror
2355	Kinsey	11000000.0	10214647.0	17443529.0	R	Drama
2356	What's Eating Gilbert Grape	11000000.0	9170214.0	9170214.0	PG-13	Drama
2357	Slackers	11000000.0	4814244.0	5942218.0	R	Comedy
2358	The Gospel of John	11000000.0	4068087.0	4234355.0	PG-13	Drama
2359	Vera Drake	11000000.0	3753806.0	13353855.0	R	Drama
2360	The Guru	11000000.0	3051221.0	24150550.0	R	Comedy
2361	Othello	11000000.0	2844379.0	2844379.0	R	Drama
2362	The Perez Family	11000000.0	2794056.0	2794056.0	R	Comedy
2363	The Molly Maguires	11000000.0	2200000.0	2200000.0	PG	Drama
2364	Return to the Blue Lagoon	11000000.0	2000000.0	2000000.0	PG-13	Adventure
2365	Romance and Cigarettes	11000000.0	551002.0	3231251.0	R	Comedy
2366	Copying Beethoven	11000000.0	355968.0	6586324.0	PG-13	Drama
2367	Brighton Rock	11000000.0	229653.0	229653.0	R	Drama
2368	LOL	11000000.0	0.0	10431506.0	PG-13	Comedy
2369	Saw V	10800000.0	56746769.0	118209778.0	R	Horror
2370	Les Intouchables	10800000.0	13182281.0	484873045.0	R	Comedy
2371	Jindabyne	10800000.0	399879.0	2862544.0	R	Drama
2372	Poltergeist	10700000.0	74706019.0	121706019.0	PG	Horror
2373	An Ideal Husband	10700000.0	18542974.0	31341183.0	PG-13	Comedy
2374	Darkness	10600000.0	22163442.0	34409206.0	PG-13	Horror
2375	ET: The Extra-Terrestrial	10500000.0	435110554.0	792965326.0	PG	Drama
2376	2001: A Space Odyssey	10500000.0	58583410.0	70576492.0	G	Adventure
2377	In the Land of Women	10500000.0	11052958.0	14140402.0	PG-13	Comedy
2378	The Blue Butterfly	10400000.0	1610194.0	1610194.0	PG	Drama
2379	Lovesick	10100000.0	10143618.0	10143618.0	nan	Comedy
2380	September Dawn	10100000.0	1066555.0	1066555.0	R	Drama
2381	Good Will Hunting	10000000.0	138433435.0	225925989.0	R	Drama
2382	The Grudge	10000000.0	110359362.0	187281115.0	PG-13	Horror
2383	Don’t Breathe	10000000.0	89217875.0	159047649.0	R	Horror
2384	Stripes	10000000.0	85300000.0	85300000.0	R	Comedy
2385	Saw III	10000000.0	80238724.0	163876815.0	R	Horror
2386	The Purge: Election Year	10000000.0	79042440.0	118557124.0	R	Horror
2387	Book Club	10000000.0	68566296.0	89643819.0	PG-13	Comedy
2388	Bring it On	10000000.0	68353550.0	90453550.0	PG-13	Comedy
2389	Saw IV	10000000.0	63300095.0	135759694.0	R	Horror
2390	Madea's Family Reunion	10000000.0	63257940.0	63320521.0	PG-13	Comedy
2391	White Noise	10000000.0	56094360.0	92094360.0	PG-13	Drama
2392	The Color of Money	10000000.0	52293000.0	52293000.0	R	Drama
2393	Insidious Chapter 3	10000000.0	52218558.0	120678444.0	PG-13	Horror
2394	The Mighty Ducks	10000000.0	50752337.0	50752337.0	PG	Comedy
2395	Lady Bird	10000000.0	48958273.0	78610769.0	R	Drama
2396	The Best Exotic Marigold Hotel	10000000.0	46383639.0	134639780.0	PG-13	Comedy
2397	Hereditary	10000000.0	44069456.0	70090779.0	R	Horror
2398	Love, Simon	10000000.0	40826341.0	65521685.0	PG-13	Drama
2399	Bill & Ted's Excellent Adventure	10000000.0	40485039.0	40485039.0	PG	Adventure
2400	The Longest Day	10000000.0	39100000.0	50100000.0	G	Action
2401	Happy Gilmore	10000000.0	38623460.0	41004412.0	PG-13	Comedy
2402	Jigsaw	10000000.0	38052832.0	102499582.0	R	Horror
2403	Jeepers Creepers	10000000.0	37904175.0	58939035.0	R	Horror
2404	St. Elmo’s Fire	10000000.0	37800000.0	37800000.0	R	Drama
2405	Recess: School's Out	10000000.0	36696761.0	44451470.0	G	Adventure
2406	Mad Max Beyond Thunderdome	10000000.0	36230219.0	36230219.0	PG-13	Action
2407	The Boy	10000000.0	35819556.0	68220952.0	PG-13	Horror
2408	Commando	10000000.0	35073978.0	35073978.0	R	Action
2409	Everything, Everything	10000000.0	34121140.0	61604439.0	PG-13	Drama
2410	Devil	10000000.0	33679655.0	63354114.0	PG-13	Horror
2411	Friday After Next	10000000.0	33253609.0	33526835.0	R	Comedy
2412	The Last Dragon	10000000.0	33000000.0	33000000.0	nan	Action
2413	How to Be a Latin Lover	10000000.0	32149404.0	62556228.0	PG-13	Comedy
2414	The Lawnmower Man	10000000.0	32100816.0	32100816.0	R	Action
2415	Nick and Norah's Infinite Playlist	10000000.0	31487293.0	33886017.0	PG-13	Drama
2416	Calendar Girls	10000000.0	31011616.0	93074616.0	PG-13	Comedy
2417	Dogma	10000000.0	30651422.0	43948865.0	R	Comedy
2418	The Banger Sisters	10000000.0	30306281.0	38067218.0	R	Comedy
2419	Road House	10000000.0	30050028.0	30050028.0	R	Action
2420	Teen Titans Go! To The Movies	10000000.0	29562341.0	51411600.0	PG	Adventure
2421	Twilight Zone: The Movie	10000000.0	29500000.0	29500000.0	PG	Horror
2422	A Low Down Dirty Shame	10000000.0	29317886.0	29317886.0	R	Action
2423	Swimfan	10000000.0	28564995.0	34084228.0	PG-13	Drama
2424	Employee of the Month	10000000.0	28444855.0	38364855.0	PG-13	Comedy
2425	Sinister 2	10000000.0	27740955.0	54104225.0	R	Horror
2426	The Outsiders	10000000.0	25697647.0	25697647.0	PG-13	Drama
2427	Can't Hardly Wait	10000000.0	25358996.0	25358996.0	PG-13	Comedy
2428	Mud	10000000.0	21590086.0	31556959.0	PG-13	Drama
2429	Blair Witch	10000000.0	20777061.0	37478274.0	R	Horror
2430	The Dead Zone	10000000.0	20766000.0	20766000.0	nan	Horror
2431	Valentine	10000000.0	20384136.0	20384136.0	R	Horror
2432	A Prairie Home Companion	10000000.0	20342852.0	26716191.0	PG-13	Comedy
2433	Reno 911!: Miami	10000000.0	20342161.0	21851362.0	R	Comedy
2434	Jane Austen's Mafia	10000000.0	19843795.0	30143795.0	PG-13	Comedy
2435	Sugar Hill	10000000.0	18272447.0	18423914.0	R	Drama
2436	Kit Kittredge: An American Girl	10000000.0	17657973.0	17657973.0	G	Drama
2437	Invasion U.S.A.	10000000.0	17536256.0	17536256.0	R	Action
2438	Roll Bounce	10000000.0	17380866.0	17433072.0	PG-13	Comedy
2439	Tremors	10000000.0	16667084.0	16667084.0	PG-13	Action
2440	Mo' Better Blues	10000000.0	16153000.0	16153000.0	R	Drama
2441	Kung Pow: Enter the Fist	10000000.0	16033556.0	17033556.0	PG-13	Comedy
2442	The Birth of a Nation	10000000.0	15861566.0	16891011.0	R	Drama
2443	Wrong Turn	10000000.0	15417771.0	28649556.0	R	Horror
2444	The Long Riders	10000000.0	15198912.0	15198912.0	nan	Action
2445	The Corruptor	10000000.0	15164492.0	15164492.0	R	Action
2446	The Goods: Live Hard, Sell Hard	10000000.0	15122676.0	15297318.0	R	Comedy
2447	My Week with Marilyn	10000000.0	14597405.0	34240572.0	R	Drama
2448	Big Eyes	10000000.0	14482031.0	27317872.0	PG-13	Drama
2449	Hey Arnold! The Movie	10000000.0	13684949.0	13684949.0	PG	Adventure
2450	Love Jones	10000000.0	12554569.0	12554569.0	R	Drama
2451	End of the Spear	10000000.0	11748661.0	11924041.0	PG-13	Drama
2452	The Legend of Drunken Master	10000000.0	11546543.0	11546543.0	R	Action
2453	Drop Dead Gorgeous	10000000.0	10571408.0	10571408.0	PG-13	Comedy
2454	The Spanish Prisoner	10000000.0	10162034.0	13835130.0	PG	Drama
2455	Le Violon rouge	10000000.0	10019109.0	10019109.0	R	Drama
2456	Sleepover	10000000.0	9408183.0	9408183.0	PG	Adventure
2457	Movie 43	10000000.0	8840453.0	31164747.0	R	Comedy
2458	MacGruber	10000000.0	8525600.0	8629895.0	R	Comedy
2459	Dirty Pretty Things	10000000.0	8112414.0	14156753.0	R	Drama
2460	Bad Words	10000000.0	7779614.0	7843145.0	R	Comedy
2461	While We're Young	10000000.0	7582065.0	14956484.0	R	Comedy
2462	Over Her Dead Body	10000000.0	7570127.0	21596074.0	PG-13	Comedy
2463	Bones	10000000.0	7316658.0	8378853.0	R	Horror
2464	Cedar Rapids	10000000.0	6861102.0	7862131.0	R	Comedy
2465	The Collection	10000000.0	6810754.0	8890094.0	R	Horror
2466	American History X	10000000.0	6719864.0	6719864.0	R	Drama
2467	Teacher's Pet: The Movie	10000000.0	6491969.0	6491969.0	PG	Adventure
2468	The Straight Story	10000000.0	6197866.0	6197866.0	G	Drama
2469	Deuces Wild	10000000.0	6044618.0	6244618.0	R	Drama
2470	Run, Fatboy, Run	10000000.0	6003262.0	33512260.0	PG-13	Comedy
2471	Heartbeeps	10000000.0	6000000.0	6000000.0	nan	Comedy
2472	Danny Collins	10000000.0	5637066.0	7501132.0	R	Comedy
2473	Rescue Dawn	10000000.0	5490423.0	7037886.0	PG-13	Action
2474	Black and White	10000000.0	5241315.0	5241315.0	R	Drama
2475	Io sono l’amore	10000000.0	5005465.0	15121528.0	R	Drama
2476	Gotti	10000000.0	4286367.0	6089100.0	R	Drama
2477	Jeff, Who Lives at Home	10000000.0	4269426.0	4708127.0	R	Comedy
2478	Denial	10000000.0	4073448.0	9263940.0	PG-13	Drama
2479	Everybody Wants Some	10000000.0	3400278.0	5437126.0	R	Comedy
2480	Crash	10000000.0	3357324.0	3357324.0	R	Drama
2481	Atlas Shrugged: Part II	10000000.0	3336053.0	3336053.0	PG-13	Drama
2482	Romeo Is Bleeding	10000000.0	3275585.0	3275585.0	R	Drama
2483	The Limey	10000000.0	3193102.0	6030047.0	R	Drama
2484	Rosewater	10000000.0	3128941.0	3185717.0	R	Drama
2485	The House of Mirth	10000000.0	3041803.0	5149131.0	PG	Drama
2486	Malone	10000000.0	3000000.0	3000000.0	R	Action
2487	Peaceful Warrior	10000000.0	2893666.0	3260179.0	PG-13	Drama
2488	Bucky Larson: Born to Be a Star	10000000.0	2529395.0	2529395.0	R	Comedy
2489	Bamboozled	10000000.0	2185266.0	2373937.0	R	Drama
2490	The Iceman	10000000.0	1930282.0	3623609.0	R	Drama
2491	Free Fire	10000000.0	1799322.0	3793739.0	R	Action
2492	A Better Life	10000000.0	1759252.0	1884251.0	PG-13	Drama
2493	Spider	10000000.0	1641788.0	1641788.0	R	Drama
2494	Nicholas Nickleby	10000000.0	1562800.0	1562800.0	PG	Drama
2495	50 to 1	10000000.0	1069454.0	1069454.0	PG-13	Drama
2496	Owning Mahowny	10000000.0	1011054.0	1011054.0	R	Drama
2497	The Ten Commandments	10000000.0	952820.0	1051907.0	PG	Adventure
2498	The Brothers Solomon	10000000.0	900926.0	900926.0	R	Comedy
2499	My Blueberry Nights	10000000.0	866778.0	22198996.0	PG-13	Drama
2500	Illuminata	10000000.0	836641.0	836641.0	R	Drama
2501	Coriolanus	10000000.0	749641.0	2179623.0	R	Drama
2502	Parkland	10000000.0	641439.0	1616353.0	PG-13	Drama
2503	Shaolin Soccer	10000000.0	488872.0	42776032.0	PG-13	Comedy
2504	King of California	10000000.0	268461.0	1165102.0	PG-13	Drama
2505	Rien ne va plus	10000000.0	245359.0	5045359.0	nan	Comedy
2506	La femme de chambre du Titanic	10000000.0	244465.0	244465.0	nan	Drama
2507	Imaginary Heroes	10000000.0	228524.0	290875.0	R	Drama
2508	Cinco de Mayo, La Batalla	10000000.0	173472.0	173472.0	R	Action
2509	Welcome to the Rileys	10000000.0	152857.0	355919.0	R	Drama
2510	Kicks	10000000.0	150191.0	150191.0	R	Adventure
2511	High School	10000000.0	139034.0	248133.0	R	Comedy
2512	Severance	10000000.0	137221.0	5950002.0	R	Comedy
2513	Joheunnom nabbeunnom isanghannom	10000000.0	128486.0	42226657.0	R	Action
2514	Police Academy 7: Mission to Moscow	10000000.0	126247.0	126247.0	PG	Comedy
2515	Blood Done Sign My Name	10000000.0	109383.0	109383.0	PG-13	Drama
2516	Motherhood	10000000.0	93388.0	723388.0	PG-13	Comedy
2517	Eulogy	10000000.0	70527.0	70527.0	R	Comedy
2518	Elsa & Fred	10000000.0	67657.0	109144.0	PG-13	Comedy
2519	The Open Road	10000000.0	19716.0	19716.0	PG-13	Drama
2520	Strangerland	10000000.0	17472.0	161097.0	R	Drama
2521	Janky Promoters	10000000.0	9069.0	9069.0	R	Comedy
2522	Blonde Ambition	10000000.0	6422.0	1537479.0	PG-13	Comedy
2523	It's a Wonderful Afterlife	10000000.0	0.0	1642939.0	PG-13	Comedy
2524	Fifty Dead Men Walking	10000000.0	0.0	997921.0	R	Drama
2525	Plastic	10000000.0	0.0	575371.0	R	Action
2526	Partition	10000000.0	0.0	0.0	nan	Drama
2527	Detention	10000000.0	0.0	0.0	R	Comedy
2528	Nurse 3D	10000000.0	0.0	0.0	R	Horror
2529	American Heist	10000000.0	0.0	0.0	R	Action
2530	Amour	9700000.0	6738954.0	36787044.0	PG-13	Drama
2531	The Lost City	9600000.0	2484186.0	5256839.0	R	Drama
2532	Next Friday	9500000.0	57176582.0	59675307.0	R	Comedy
2533	You Only Live Twice	9500000.0	43100000.0	111600000.0	PG	Action
2534	Poltergeist III	9500000.0	14114000.0	14114000.0	PG-13	Horror
2535	The Runaways	9500000.0	3573673.0	5278632.0	R	Drama
2536	Gentlemen Broncos	9500000.0	115155.0	119955.0	PG-13	Comedy
2537	It's a Mad Mad Mad Mad World	9400000.0	46300000.0	60000000.0	nan	Comedy
2538	Volver	9400000.0	12899867.0	87226613.0	R	Comedy
2539	Heavy Metal	9300000.0	19571091.0	19571091.0	nan	Adventure
2540	Richard III	9200000.0	2684904.0	4199334.0	R	Drama
2541	Alien	9000000.0	80930630.0	203630630.0	R	Horror
2542	Thunderball	9000000.0	63600000.0	141200000.0	PG	Action
2543	Set It Off	9000000.0	36049108.0	36049108.0	R	Drama
2544	Ouija: Origin of Evil	9000000.0	35144505.0	81831866.0	PG-13	Horror
2545	Child's Play	9000000.0	33244684.0	44196684.0	R	Horror
2546	Black or White	9000000.0	21571189.0	21971021.0	PG-13	Drama
2547	Harold & Kumar Go to White Castle	9000000.0	18225165.0	18225165.0	R	Comedy
2548	The Contender	9000000.0	17804273.0	17804273.0	R	Drama
2549	Boiler Room	9000000.0	16963963.0	28773637.0	R	Drama
2550	Black Christmas	9000000.0	16235738.0	16235738.0	R	Horror
2551	The Edge of Seventeen	9000000.0	14431633.0	19096003.0	R	Drama
2552	Jackie	9000000.0	13960394.0	29345883.0	R	Drama
2553	The Ice Pirates	9000000.0	13075390.0	13075390.0	nan	Comedy
2554	Henry V	9000000.0	10161099.0	10176701.0	PG-13	Action
2555	Loving	9000000.0	7710234.0	12898064.0	PG-13	Drama
2556	The Savages	9000000.0	6623082.0	10642023.0	R	Drama
2557	Chasing Papi	9000000.0	6126237.0	12657377.0	PG	Comedy
2558	The Way of the Gun	9000000.0	6047856.0	13061935.0	R	Action
2559	Hamlet 2	9000000.0	4886216.0	4934104.0	R	Comedy
2560	Igby Goes Down	9000000.0	4777465.0	4777465.0	R	Comedy
2561	PCU	9000000.0	4333569.0	4333569.0	PG-13	Comedy
2562	The Ultimate Gift	9000000.0	3438735.0	3438735.0	PG	Drama
2563	Beautiful	9000000.0	3134509.0	3134509.0	PG-13	Drama
2564	Gracie	9000000.0	2956339.0	3922043.0	PG-13	Drama
2565	Greater	9000000.0	2000093.0	2000093.0	PG	Drama
2566	Trust the Man	9000000.0	1530535.0	2548378.0	R	Comedy
2567	Princess Kaiulani	9000000.0	883887.0	883887.0	PG	Drama
2568	Dheepan	9000000.0	248795.0	7704357.0	R	Drama
2569	All or Nothing	9000000.0	184255.0	184255.0	R	Drama
2570	Opal Dream	9000000.0	14443.0	14443.0	PG	Drama
2571	Skin Trade	9000000.0	1242.0	1242.0	R	Action
2572	Veronika Decides to Die	9000000.0	0.0	2243.0	R	Drama
2573	Barbarella	9000000.0	0.0	0.0	PG	Adventure
2574	Ultramarines	8900000.0	0.0	0.0	R	Action
2575	Crocodile Dundee	8800000.0	174803506.0	328203506.0	PG-13	Comedy
2576	Manchester by the Sea	8500000.0	47695371.0	77733867.0	R	Drama
2577	Crazy Heart	8500000.0	39471742.0	47417251.0	R	Drama
2578	Star Wars: The Clone Wars	8500000.0	35161554.0	68695443.0	PG	Adventure
2579	The DUFF	8500000.0	34030343.0	43528634.0	PG-13	Comedy
2580	The Lost Boys	8500000.0	32222567.0	32222567.0	R	Horror
2581	The Rose	8500000.0	29200000.0	29200000.0	nan	Drama
2582	Haakon Haakonsen	8500000.0	15024232.0	15024232.0	PG	Adventure
2583	The Namesake	8500000.0	13610521.0	20288774.0	PG-13	Drama
2584	Club Dread	8500000.0	5001655.0	7573551.0	R	Comedy
2585	Bright Star	8500000.0	4444637.0	17220091.0	PG	Drama
2586	The Rover	8500000.0	1109199.0	3180252.0	R	Drama
2587	A.C.O.R.N.S.: Operation Crackdown	8500000.0	0.0	1353287.0	PG	Adventure
2588	My Name is Khan	8470000.0	4046336.0	42355526.0	PG-13	Drama
2589	Limbo	8300000.0	2160710.0	2598224.0	R	Drama
2590	The City of Your Final Destination	8300000.0	493296.0	1353296.0	PG-13	Drama
2591	Kurtlar vadisi - Irak	8300000.0	0.0	24906717.0	nan	Action
2592	Pulp Fiction	8000000.0	107928762.0	212928762.0	R	Drama
2593	The Karate Kid	8000000.0	90815558.0	90815558.0	PG	Action
2594	The Muppet Movie	8000000.0	76657000.0	76657000.0	G	Adventure
2595	Splash	8000000.0	62599495.0	62599495.0	PG	Comedy
2596	Little Miss Sunshine	8000000.0	59891098.0	100642353.0	R	Comedy
2597	Easy A	8000000.0	58401464.0	76200721.0	PG-13	Comedy
2598	Stand by Me	8000000.0	52287414.0	52287414.0	R	Drama
2599	28 Days Later…	8000000.0	45064915.0	82955633.0	R	Horror
2600	Escape from Alcatraz	8000000.0	43000000.0	43000000.0	PG	Drama
2601	You Got Served	8000000.0	40066497.0	50811858.0	PG-13	Drama
2602	Howards End	8000000.0	26124872.0	26317943.0	PG	Drama
2603	Shutter	8000000.0	25928550.0	47782426.0	PG-13	Horror
2604	Modern Problems	8000000.0	24474312.0	24474312.0	nan	Comedy
2605	On Her Majesty's Secret Service	8000000.0	22800000.0	82000000.0	PG	Action
2606	Creepshow	8000000.0	20036244.0	20036244.0	nan	Horror
2607	Akeelah and the Bee	8000000.0	18848430.0	18959424.0	PG	Drama
2608	Wes Craven's New Nightmare	8000000.0	18090181.0	18090181.0	R	Horror
2609	Drive Me Crazy	8000000.0	17843379.0	22591451.0	PG-13	Comedy
2610	Enough Said	8000000.0	17550872.0	25621449.0	PG-13	Comedy
2611	Half Baked	8000000.0	17394881.0	17394881.0	R	Comedy
2612	Begin Again	8000000.0	16170632.0	68838736.0	R	Drama
2613	See No Evil	8000000.0	15032800.0	18828036.0	R	Horror
2614	The Good Girl	8000000.0	14018296.0	16585503.0	R	Drama
2615	Prom	8000000.0	10130219.0	10763183.0	PG	Comedy
2616	The Inkwell	8000000.0	8864699.0	8864699.0	R	Comedy
2617	Shadow of the Vampire	8000000.0	8279017.0	8279017.0	R	Drama
2618	Me and Earl and the Dying Girl	8000000.0	6758416.0	9266180.0	PG-13	Drama
2619	It's Kind of a Funny Story	8000000.0	6363628.0	6632950.0	PG-13	Comedy
2620	Held Up	8000000.0	4714090.0	4714090.0	PG-13	Comedy
2621	Anomalisa	8000000.0	3759286.0	5538273.0	R	Adventure
2622	Caché	8000000.0	3647381.0	19891331.0	R	Drama
2623	Another Year	8000000.0	3205706.0	20005613.0	PG-13	Drama
2624	Showdown in Little Tokyo	8000000.0	2275557.0	2275557.0	R	Action
2625	Made in Dagenham	8000000.0	1095369.0	15644196.0	R	Drama
2626	Prefontaine	8000000.0	590817.0	590817.0	PG-13	Drama
2627	The Wicked Lady	8000000.0	589308.0	589308.0	R	Drama
2628	Brooklyn Rules	8000000.0	458232.0	458232.0	R	Drama
2629	The Singing Detective	8000000.0	336456.0	524747.0	R	Comedy
2630	Fido	8000000.0	298110.0	456814.0	R	Horror
2631	Restless	8000000.0	163753.0	2772511.0	PG-13	Drama
2632	The Wendell Baker Story	8000000.0	127188.0	127188.0	PG-13	Comedy
2633	Wild Target	8000000.0	109338.0	5314194.0	PG-13	Comedy
2634	Aloft	8000000.0	53086.0	53086.0	R	Drama
2635	Fireflies in the Garden	8000000.0	36884.0	3587191.0	R	Drama
2636	Akira	8000000.0	19585.0	19585.0	R	Action
2637	Don Gato, el inicio de la pandilla	8000000.0	0.0	4598934.0	PG	Adventure
2638	Maurice Richard	8000000.0	0.0	0.0	PG	Drama
2639	Code of Honor	8000000.0	0.0	0.0	R	Action
2640	The Blood of Heroes	7700000.0	882290.0	882290.0	nan	Action
2641	Driving Miss Daisy	7500000.0	106593296.0	106593296.0	PG	Drama
2642	Soul Food	7500000.0	43492389.0	43492389.0	R	Comedy
2643	Rumble in the Bronx	7500000.0	32281907.0	36238752.0	R	Action
2644	Hostel: Part II	7500000.0	17544812.0	33606409.0	R	Horror
2645	An Education	7500000.0	12574914.0	29652736.0	PG-13	Drama
2646	Extract	7500000.0	10823158.0	10849158.0	R	Comedy
2647	Shopgirl	7500000.0	10284523.0	11758418.0	R	Drama
2648	The Hotel New Hampshire	7500000.0	5142858.0	5142858.0	nan	Drama
2649	Men with Brooms	7500000.0	4239767.0	4239767.0	R	Comedy
2650	Witless Protection	7500000.0	4151836.0	4151836.0	PG-13	Comedy
2651	The Work and the Glory	7500000.0	3347647.0	3347647.0	PG	Drama
2652	Albert Nobbs	7500000.0	3014696.0	8539003.0	R	Drama
2653	The Neon Demon	7500000.0	1333124.0	3559803.0	R	Horror
2654	Masked and Anonymous	7500000.0	533344.0	555335.0	PG-13	Drama
2655	Borg vs McEnroe	7500000.0	231346.0	3257078.0	R	Drama
2656	Pound of Flesh	7500000.0	0.0	0.0	R	Action
2657	Persepolis	7300000.0	4443403.0	25397460.0	PG-13	Drama
2658	Die Welle	7250000.0	0.0	35122948.0	nan	Drama
2659	The Omega Code	7200000.0	12610552.0	12678312.0	PG-13	Action
2660	Juno	7000000.0	143495265.0	231450102.0	PG-13	Comedy
2661	The Godfather	7000000.0	134966411.0	268500000.0	R	Drama
2662	Magic Mike	7000000.0	113721571.0	170549753.0	R	Comedy
2663	Flashdance	7000000.0	90463574.0	201463574.0	R	Drama
2664	I Can Only Imagine	7000000.0	83482352.0	85430011.0	PG	Drama
2665	The Piano	7000000.0	40157856.0	40168957.0	R	Drama
2666	Live and Let Die	7000000.0	35400000.0	161800000.0	PG	Action
2667	My Dog Skip	7000000.0	34099640.0	35795319.0	PG	Drama
2668	Darkness Falls	7000000.0	32539681.0	47289758.0	PG-13	Horror
2669	Good Night, and Good Luck	7000000.0	31501218.0	56586901.0	PG	Drama
2670	Capote	7000000.0	28750530.0	49924079.0	R	Drama
2671	The Great Gatsby	7000000.0	26533200.0	26533200.0	nan	Drama
2672	Desperado	7000000.0	25532388.0	25532388.0	R	Action
2673	Kingdom Come	7000000.0	23247539.0	23393939.0	PG	Comedy
2674	The Man with the Golden Gun	7000000.0	21000000.0	97600000.0	PG	Action
2675	Action Jackson	7000000.0	20257000.0	20257000.0	R	Action
2676	Breathless	7000000.0	19910002.0	19910002.0	R	Action
2677	Dope	7000000.0	17506470.0	18190831.0	R	Comedy
2678	The Devil's Rejects	7000000.0	17044981.0	20940428.0	R	Horror
2679	Devil's Due	7000000.0	15821461.0	36146087.0	R	Horror
2680	Flirting with Disaster	7000000.0	14853474.0	16149180.0	R	Comedy
2681	Beyond the Lights	7000000.0	14618727.0	14618727.0	PG-13	Drama
2682	Buffy the Vampire Slayer	7000000.0	14231669.0	14231669.0	PG-13	Horror
2683	In Too Deep	7000000.0	14026509.0	15471229.0	R	Drama
2684	House of 1,000 Corpses	7000000.0	12634962.0	17005466.0	R	Horror
2685	Silver Bullet	7000000.0	10803211.0	10803211.0	R	Horror
2686	House of the Dead	7000000.0	10199354.0	13767816.0	R	Horror
2687	A Serious Man	7000000.0	9228788.0	30360570.0	R	Comedy
2688	A Single Man	7000000.0	9176000.0	28142379.0	R	Drama
2689	Warlock	7000000.0	8824553.0	8824553.0	R	Horror
2690	The Last Temptation of Christ	7000000.0	8373585.0	8373585.0	nan	Drama
2691	Cyrus	7000000.0	7468936.0	10062896.0	R	Comedy
2692	Outside Providence	7000000.0	7309628.0	7824358.0	R	Comedy
2693	Rabbit-Proof Fence	7000000.0	6199600.0	16866928.0	PG	Drama
2694	Who's Your Caddy?	7000000.0	5694308.0	5694308.0	PG-13	Comedy
2695	Split Second	7000000.0	5430822.0	5430822.0	R	Action
2696	The Other Side of Heaven	7000000.0	4720371.0	4720371.0	PG	Drama
2697	Dark Angel	7000000.0	4372561.0	4372561.0	nan	Action
2698	American Anthem	7000000.0	3571624.0	3571624.0	PG-13	Drama
2699	Redbelt	7000000.0	2344847.0	2667084.0	R	Action
2700	A Dog of Flanders	7000000.0	2165637.0	2165637.0	PG	Drama
2701	Auto Focus	7000000.0	2062066.0	2703821.0	R	Drama
2702	The Mighty Macs	7000000.0	1891936.0	1891936.0	G	Drama
2703	Somewhere	7000000.0	1785645.0	17023121.0	R	Drama
2704	We Need to Talk About Kevin	7000000.0	1738692.0	10765283.0	R	Drama
2705	Factory Girl	7000000.0	1661464.0	1661464.0	R	Drama
2706	The Christmas Candle	7000000.0	1632000.0	1933829.0	PG	Adventure
2707	I Hope They Serve Beer in Hell	7000000.0	1429299.0	1429453.0	R	Comedy
2708	Losin' It	7000000.0	1246141.0	1246141.0	R	Comedy
2709	Mother and Child	7000000.0	1110509.0	6537179.0	R	Drama
2710	Les Visiteurs	7000000.0	659000.0	98754000.0	R	Comedy
2711	Freeheld	7000000.0	546201.0	1732228.0	PG-13	Drama
2712	Dom Hemingway	7000000.0	523511.0	1857458.0	R	Comedy
2713	The Extra Man	7000000.0	453377.0	492108.0	R	Comedy
2714	Hesher	7000000.0	382946.0	382946.0	R	Drama
2715	Chairman of the Board	7000000.0	306715.0	306715.0	PG-13	Comedy
2716	Gerry	7000000.0	254683.0	719699.0	R	Drama
2717	The Boondock Saints	7000000.0	30471.0	411874.0	R	Action
2718	The Kings of Appletown	7000000.0	0.0	0.0	PG	Action
2719	House at the End of the Street	6900000.0	31611916.0	44103982.0	PG-13	Horror
2720	Dazed and Confused	6900000.0	7950889.0	7950889.0	R	Comedy
2721	Incendies	6800000.0	6857096.0	16038343.0	R	Drama
2722	The Chumscrubber	6800000.0	49526.0	49526.0	R	Drama
2723	Tropa de Elite	6537890.0	8744.0	14319195.0	R	Action
2724	Annabelle	6500000.0	84273813.0	256862920.0	R	Horror
2725	Boyz n the Hood	6500000.0	56190094.0	56215095.0	R	Drama
2726	La Bamba	6500000.0	54215416.0	54215416.0	PG-13	Drama
2727	The Four Seasons	6500000.0	42488161.0	42488161.0	PG	Comedy
2728	The Adventures of Huck Finn	6500000.0	24103594.0	24103594.0	PG	Adventure
2729	Friends with Money	6500000.0	13368437.0	18110152.0	R	Comedy
2730	Bats	6500000.0	10155691.0	10155691.0	R	Horror
2731	Nowhere in Africa	6500000.0	6173485.0	6173485.0	R	Drama
2732	The East	6500000.0	2274649.0	3027956.0	PG-13	Drama
2733	The Messenger	6500000.0	1109660.0	1744952.0	R	Drama
2734	A Home at the End of the World	6500000.0	1029017.0	1033810.0	R	Drama
2735	The Terminator	6400000.0	38019031.0	78019031.0	R	Action
2736	Good Bye, Lenin!	6400000.0	4063859.0	79384539.0	R	Comedy
2737	Control	6400000.0	871577.0	8902141.0	R	Drama
2738	The Damned United	6400000.0	449865.0	4199874.0	R	Drama
2739	Die Fälscher	6250000.0	5488570.0	20199663.0	R	Drama
2740	Return of the Living Dead Part II	6200000.0	9205924.0	9205924.0	nan	Horror
2741	Mallrats	6100000.0	2108367.0	2108367.0	R	Comedy
2742	Platoon	6000000.0	137963328.0	137978395.0	R	Drama
2743	Ordinary People	6000000.0	52302978.0	52302978.0	R	Drama
2744	Around the World in 80 Days	6000000.0	42000000.0	42000000.0	PG	Adventure
2745	Caddyshack	6000000.0	39846344.0	39846344.0	nan	Comedy
2746	The Brothers	6000000.0	27457409.0	27958191.0	R	Comedy
2747	The Wrestler	6000000.0	26238243.0	46634275.0	R	Drama
2748	Do the Right Thing	6000000.0	26004026.0	26004026.0	R	Comedy
2749	Escape from New York	6000000.0	25244700.0	25244700.0	R	Action
2750	The Wood	6000000.0	25059640.0	25059640.0	R	Comedy
2751	The Usual Suspects	6000000.0	23341568.0	34449356.0	R	Drama
2752	National Lampoon’s Van Wilder	6000000.0	21305259.0	39241323.0	R	Comedy
2753	Best in Show	6000000.0	18621249.0	20695413.0	PG-13	Comedy
2754	The Last King of Scotland	6000000.0	17606684.0	49155371.0	R	Drama
2755	A Mighty Wind	6000000.0	17583468.0	18504539.0	PG-13	Comedy
2756	School Daze	6000000.0	14545844.0	14545844.0	R	Drama
2757	Daddy Day Camp	6000000.0	13235267.0	18209872.0	PG	Comedy
2758	Mystic Pizza	6000000.0	12793213.0	12793213.0	R	Comedy
2759	Mr. Nice Guy	6000000.0	12716953.0	31716953.0	PG-13	Action
2760	Sliding Doors	6000000.0	11911200.0	58809149.0	PG-13	Drama
2761	Tales from the Hood	6000000.0	11784569.0	11784569.0	R	Horror
2762	The Words	6000000.0	11494838.0	16369708.0	PG-13	Drama
2763	Pollock	6000000.0	8596914.0	10557291.0	R	Drama
2764	City Island	6000000.0	6671283.0	8173486.0	PG-13	Comedy
2765	Casa de mi Padre	6000000.0	5909483.0	8446952.0	R	Comedy
2766	The Guard	6000000.0	5359774.0	21197454.0	R	Comedy
2767	College	6000000.0	4694491.0	6176114.0	R	Comedy
2768	La science des rêves	6000000.0	4670644.0	15137932.0	R	Comedy
2769	Miss March	6000000.0	4543320.0	4713059.0	R	Comedy
2770	Wish I Was Here	6000000.0	3591299.0	6591365.0	R	Comedy
2771	Venus	6000000.0	3347411.0	7818479.0	R	Drama
2772	Veronica Mars	6000000.0	3322127.0	3485383.0	PG-13	Drama
2773	Shattered Glass	6000000.0	2207975.0	3456602.0	PG-13	Drama
2774	The Wackness	6000000.0	2077046.0	3330012.0	R	Comedy
2775	Novocaine	6000000.0	2025238.0	2522928.0	R	Comedy
2776	Snow Flower and the Secret Fan	6000000.0	1348205.0	11348205.0	PG-13	Drama
2777	The Business of Strangers	6000000.0	1030920.0	1290920.0	R	Drama
2778	Jûsan-nin no shikaku	6000000.0	802778.0	18727440.0	R	Action
2779	The 5th Quarter	6000000.0	408159.0	408159.0	PG	Drama
2780	The First Great Train Robbery	6000000.0	391942.0	391942.0	nan	Action
2781	Come Early Morning	6000000.0	119452.0	119452.0	R	Drama
2782	The Greatest	6000000.0	115862.0	117796.0	R	Drama
2783	Surfer, Dude	6000000.0	36497.0	36497.0	R	Comedy
2784	Song One	6000000.0	32251.0	437089.0	PG-13	Drama
2785	Videodrome	5952000.0	2120439.0	2120439.0	nan	Horror
2786	Winter in Wartime	5800000.0	542860.0	9662214.0	R	Drama
2787	Tom yum goong	5700000.0	12044087.0	43044087.0	R	Action
2788	The Inbetweeners	5700000.0	35955.0	86051320.0	R	Comedy
2789	Bend it Like Beckham	5600000.0	32543449.0	74566042.0	PG-13	Drama
2790	Crossover	5600000.0	7009668.0	7009668.0	PG-13	Drama
2791	Sunshine State	5600000.0	3064356.0	3281898.0	PG-13	Drama
2792	The Sting	5500000.0	159616327.0	159616327.0	PG	Comedy
2793	Chariots of Fire	5500000.0	61558162.0	61865947.0	PG	Drama
2794	Diary of a Mad Black Woman	5500000.0	50406346.0	50458356.0	PG-13	Drama
2795	Shine	5500000.0	35811509.0	36672493.0	PG-13	Drama
2796	Hell Fest	5500000.0	10751601.0	12527795.0	R	Horror
2797	Mambo Italiano	5500000.0	9282750.0	12399772.0	R	Comedy
2798	Ghost World	5500000.0	6217849.0	8761608.0	R	Comedy
2799	Iris	5500000.0	5580479.0	15155021.0	R	Drama
2800	Les Choristes	5500000.0	3629758.0	83529758.0	PG-13	Drama
2801	Wonderland	5500000.0	1060512.0	1060512.0	R	Drama
2802	Haevnen	5500000.0	1008098.0	15867314.0	R	Drama
2803	Harvard Man	5500000.0	56653.0	56653.0	R	Drama
2804	Salvation Boulevard	5500000.0	28468.0	28468.0	R	Comedy
2805	The Ten	5250000.0	769726.0	786677.0	R	Comedy
2806	The Girl with all the Gifts	5250000.0	0.0	4802379.0	R	Horror
2807	Saint Ralph	5200000.0	795126.0	1695126.0	PG-13	Comedy
2808	Dum Maaro Dum	5200000.0	564489.0	11633427.0	R	Drama
2809	Somewhere in Time	5100000.0	9709597.0	9709597.0	nan	Drama
2810	Get Out	5000000.0	176040665.0	255363701.0	R	Horror
2811	Split	5000000.0	138141585.0	278306227.0	PG-13	Horror
2812	Paranormal Activity 3	5000000.0	104028807.0	202053386.0	R	Horror
2813	Saw II	5000000.0	87025093.0	152925093.0	R	Horror
2814	Insidious Chapter 2	5000000.0	83586447.0	161921515.0	PG-13	Horror
2815	Lights Out	5000000.0	67268835.0	148868835.0	PG-13	Horror
2816	Jackass: The Movie	5000000.0	64282312.0	79282312.0	R	Comedy
2817	Happy Death Day	5000000.0	55683845.0	125013000.0	PG-13	Horror
2818	Paranormal Activity 4	5000000.0	53900335.0	140619520.0	R	Horror
2819	Ouija	5000000.0	50856010.0	103300632.0	PG-13	Horror
2820	No se Aceptan Devoluciones	5000000.0	44467206.0	100486616.0	PG-13	Comedy
2821	The Return of the Pink Panther	5000000.0	41833347.0	41833347.0	nan	Comedy
2822	Monster	5000000.0	34469210.0	64240813.0	R	Drama
2823	20,000 Leagues Under the Sea	5000000.0	28200000.0	28200000.0	G	Adventure
2824	Oculus	5000000.0	27695246.0	44115496.0	R	Horror
2825	Dallas Buyers Club	5000000.0	27298285.0	60611845.0	R	Drama
2826	The Lazarus Effect	5000000.0	25801570.0	35341814.0	PG-13	Horror
2827	Memento	5000000.0	25544867.0	39723096.0	R	Drama
2828	Our Idiot Brother	5000000.0	24814830.0	25861249.0	R	Comedy
2829	Clerks II	5000000.0	24148068.0	27342246.0	R	Comedy
2830	The Players Club	5000000.0	23047939.0	23047939.0	R	Drama
2831	Billy Elliot	5000000.0	21995263.0	109263464.0	PG-13	Drama
2832	The Way Way Back	5000000.0	21502690.0	26853810.0	PG-13	Comedy
2833	God’s Not Dead 2	5000000.0	20773069.0	23562057.0	PG	Drama
2834	The Apostle	5000000.0	20733485.0	21277770.0	PG-13	Drama
2835	The Man From Snowy River	5000000.0	20659423.0	20659423.0	nan	Drama
2836	House Party 2	5000000.0	19438638.0	19438638.0	R	Comedy
2837	Doug's 1st Movie	5000000.0	19421271.0	19421271.0	G	Adventure
2838	Mommie Dearest	5000000.0	19032000.0	25032000.0	nan	Drama
2839	Still Alice	5000000.0	18656400.0	41699612.0	PG-13	Drama
2840	Paul, Apostle of Christ	5000000.0	17547999.0	23389835.0	PG-13	Drama
2841	Addicted	5000000.0	17390770.0	17499242.0	R	Drama
2842	O (Othello)	5000000.0	16017403.0	16017403.0	R	Drama
2843	Eve's Bayou	5000000.0	14843425.0	14843425.0	R	Drama
2844	Nighthawks	5000000.0	14600000.0	19600000.0	nan	Action
2845	It Comes at Night	5000000.0	13985117.0	19720203.0	R	Horror
2846	Y Tu Mamá También	5000000.0	13649881.0	33649881.0	R	Drama
2847	Shaun of the Dead	5000000.0	13542874.0	30332385.0	R	Comedy
2848	Lone Star	5000000.0	12961389.0	12961389.0	R	Drama
2849	April Fool's Day	5000000.0	12947763.0	12947763.0	nan	Horror
2850	Diner	5000000.0	12592907.0	12592907.0	nan	Comedy
2851	Before I Fall	5000000.0	12241072.0	18945682.0	PG-13	Drama
2852	Lone Wolf McQuade	5000000.0	12232628.0	12232628.0	nan	Action
2853	Sunshine Cleaning	5000000.0	12062558.0	17329337.0	R	Comedy
2854	Fifty Shades of Black	5000000.0	11686940.0	22113075.0	R	Comedy
2855	The Beastmaster	5000000.0	10751126.0	10751126.0	nan	Action
2856	Not Easily Broken	5000000.0	10572742.0	10732909.0	PG-13	Drama
2857	Moms’ Night Out	5000000.0	10429707.0	10537341.0	PG	Adventure
2858	The Belko Experiment	5000000.0	10166820.0	10803839.0	R	Horror
2859	Digimon: The Movie	5000000.0	9628751.0	16628751.0	PG	Adventure
2860	Saved!	5000000.0	8886160.0	10206551.0	PG-13	Comedy
2861	Les invasions barbares	5000000.0	8460000.0	25913869.0	R	Drama
2862	Force 10 from Navarone	5000000.0	7100000.0	7100000.0	nan	Action
2863	The Forsaken	5000000.0	6755271.0	6755271.0	R	Horror
2864	UHF	5000000.0	6157157.0	6157157.0	nan	Comedy
2865	Grandma’s Boy	5000000.0	6090172.0	6590172.0	R	Comedy
2866	Slums of Beverly Hills	5000000.0	5502773.0	5502773.0	R	Comedy
2867	Made	5000000.0	5308707.0	5476060.0	R	Comedy
2868	90 Minutes in Heaven	5000000.0	4816142.0	4816142.0	PG-13	Drama
2869	Keeping Up with the Steins	5000000.0	4339241.0	4414753.0	PG-13	Comedy
2870	The Sweet Hereafter	5000000.0	4306697.0	7951247.0	R	Drama
2871	Bottle Shock	5000000.0	4078607.0	4815890.0	PG-13	Drama
2872	Des Hommes et Des Dieux	5000000.0	3954651.0	46263525.0	PG-13	Drama
2873	Jekyll and Hyde... Together Again	5000000.0	3707583.0	3707583.0	nan	Comedy
2874	Table 19	5000000.0	3614896.0	4620399.0	PG-13	Comedy
2875	Green Room	5000000.0	3220371.0	3807503.0	R	Horror
2876	Heavenly Creatures	5000000.0	3046086.0	5438120.0	R	Drama
2877	Everything Must Go	5000000.0	2712131.0	2821010.0	PG	Drama
2878	Rabbit Hole	5000000.0	2229058.0	6205034.0	PG-13	Drama
2879	Paterson	5000000.0	2141423.0	10761547.0	R	Comedy
2880	Zero Effect	5000000.0	2080693.0	2080693.0	R	Comedy
2881	Atlas Shrugged: Who Is John Galt?	5000000.0	851690.0	851690.0	PG-13	Drama
2882	Party Monster	5000000.0	742898.0	894030.0	R	Comedy
2883	Bottle Rocket	5000000.0	407488.0	407488.0	R	Action
2884	Ain't Them Bodies Saints	5000000.0	391611.0	1075009.0	R	Drama
2885	Albino Alligator	5000000.0	353480.0	353480.0	R	Drama
2886	Jimi: All is By My Side	5000000.0	340911.0	927074.0	R	Drama
2887	Lovely, Still	5000000.0	127564.0	282687.0	PG	Drama
2888	Redacted	5000000.0	65388.0	861325.0	R	Drama
2889	Rudderless	5000000.0	56001.0	567219.0	R	Drama
2890	Grace	5000000.0	8297.0	8297.0	R	Horror
2891	Yoga Hosers	5000000.0	0.0	2199.0	PG-13	Adventure
2892	Reach Me	5000000.0	0.0	0.0	R	Drama
2893	Henry & Me	5000000.0	0.0	0.0	PG	Adventure
2894	Mommy	4900000.0	3498695.0	17536004.0	R	Drama
2895	Sling Blade	4833610.0	24475416.0	34175000.0	R	Drama
2896	Hostel	4800000.0	47326473.0	82241110.0	R	Horror
2897	Take Shelter	4750000.0	1728953.0	4972016.0	R	Drama
2898	The Texas Chainsaw Massacre 2	4700000.0	8025872.0	8025872.0	nan	Horror
2899	Lady in White	4700000.0	1705139.0	1705139.0	nan	Horror
2900	Dear Frankie	4600000.0	1340891.0	3099369.0	PG-13	Drama
2901	The Assassination of Richard Nixon	4600000.0	708776.0	4880143.0	R	Drama
2902	Le nom des gens	4600000.0	514237.0	9261711.0	R	Comedy
2903	Police Academy	4500000.0	81198894.0	81198894.0	R	Comedy
2904	The Blue Lagoon	4500000.0	47923795.0	47923795.0	R	Drama
2905	Fast Times at Ridgemont High	4500000.0	27092880.0	27092880.0	nan	Comedy
2906	Secrets & Lies	4500000.0	13417292.0	13417292.0	R	Drama
2907	25th Hour	4500000.0	13084595.0	25344490.0	R	Drama
2908	After Hours	4500000.0	10609321.0	10609321.0	nan	Comedy
2909	Låt den rätte komma in	4500000.0	2122085.0	12247682.0	R	Horror
2910	Tango	4500000.0	1687311.0	5428387.0	PG-13	Drama
2911	Salvador	4500000.0	1500000.0	1500000.0	nan	Drama
2912	Donnie Darko	4500000.0	1480006.0	7510877.0	R	Drama
2913	Salvando al Soldado Perez	4500000.0	1400726.0	9330465.0	PG-13	Action
2914	Karakter	4500000.0	713413.0	713413.0	R	Drama
2915	Blackthorn	4500000.0	200558.0	1217307.0	R	Adventure
2916	Maggie	4500000.0	187112.0	664346.0	PG-13	Drama
2917	Lilja 4-ever	4500000.0	181655.0	4556982.0	R	Drama
2918	After.Life	4500000.0	108596.0	2481925.0	R	Horror
2919	The Sweeney	4500000.0	26345.0	8000366.0	R	Action
2920	Falcon Rising	4500000.0	11774.0	11774.0	R	Adventure
2921	Daisy Winters	4500000.0	0.0	0.0	PG-13	Drama
2922	One Flew Over the Cuckoo's Nest	4400000.0	108981275.0	108997629.0	R	Drama
2923	Silent Movie	4400000.0	36145695.0	36145695.0	nan	Comedy
2924	Whale Rider	4300000.0	20779666.0	39374600.0	PG-13	Drama
2925	Sexy Beast	4300000.0	6946056.0	10158355.0	R	Drama
2926	Night of the Living Dead	4200000.0	5835247.0	5835247.0	R	Horror
2927	Animal Kingdom	4200000.0	1044039.0	8078683.0	R	Drama
2928	Cargo	4200000.0	0.0	313230.0	R	Drama
2929	Love and Death on Long Island	4030000.0	2542264.0	2542264.0	PG-13	Drama
2930	Porky's	4000000.0	109492484.0	109492484.0	R	Comedy
2931	Peter Pan	4000000.0	87400000.0	87400000.0	PG	Adventure
2932	The Crying Game	4000000.0	62546695.0	62546695.0	R	Drama
2933	Lost in Translation	4000000.0	44585453.0	117085297.0	R	Drama
2934	Annie Hall	4000000.0	38251425.0	38251425.0	nan	Comedy
2935	Leaving Las Vegas	4000000.0	31983777.0	49800000.0	R	Drama
2936	Monster's Ball	4000000.0	31273922.0	43766463.0	R	Drama
2937	Boyhood	4000000.0	25379975.0	57273049.0	R	Drama
2938	The Kids Are All Right	4000000.0	20811365.0	36275469.0	R	Comedy
2939	Life of Brian	4000000.0	20008693.0	20008693.0	R	Comedy
2940	A Haunted House 2	4000000.0	17329487.0	21206861.0	R	Comedy
2941	The Last Exorcism Part II	4000000.0	15179303.0	25448707.0	PG-13	Horror
2942	The Front Page	4000000.0	15000000.0	15000000.0	nan	Comedy
2943	The Return of the Living Dead	4000000.0	14237880.0	14237880.0	R	Horror
2944	Saving Grace	4000000.0	12178602.0	27786849.0	R	Comedy
2945	The Great Escape	4000000.0	11744471.0	11744471.0	nan	Drama
2946	The Darkness	4000000.0	10753574.0	10898293.0	PG-13	Horror
2947	The Wash	4000000.0	10097096.0	10097096.0	R	Comedy
2948	3 Strikes	4000000.0	9821335.0	9821335.0	R	Comedy
2949	The Visitor	4000000.0	9427026.0	19174817.0	PG-13	Comedy
2950	The Cooler	4000000.0	8291572.0	11131455.0	R	Drama
2951	The Night Listener	4000000.0	7836393.0	10770993.0	R	Drama
2952	The Jerky Boys	4000000.0	7555256.0	7555256.0	R	Comedy
2953	El orfanato	4000000.0	7159147.0	79250193.0	R	Horror
2954	Bug	4000000.0	7006708.0	8302995.0	R	Drama
2955	Let's Go to Prison	4000000.0	4630045.0	4630045.0	R	Comedy
2956	Four Rooms	4000000.0	4301000.0	4301000.0	R	Comedy
2957	Secretary	4000000.0	4046737.0	9413956.0	R	Drama
2958	Talk Radio	4000000.0	3468572.0	3468572.0	nan	Drama
2959	Waiting for Guffman	4000000.0	2922988.0	2922988.0	R	Comedy
2960	Love Stinks	4000000.0	2793776.0	2793776.0	R	Comedy
2961	Thumbsucker	4000000.0	1328679.0	1919197.0	R	Comedy
2962	Red State	4000000.0	1065429.0	1983596.0	R	Horror
2963	MirrorMask	4000000.0	864959.0	973613.0	PG	Drama
2964	Poolhall Junkies	4000000.0	563711.0	563711.0	R	Drama
2965	The Face of Love	4000000.0	385069.0	1158877.0	PG-13	Drama
2966	Joe	4000000.0	373375.0	373375.0	R	Drama
2967	Prison	4000000.0	354704.0	354704.0	nan	Horror
2968	Adoration	4000000.0	294244.0	384244.0	R	Drama
2969	The Big Tease	4000000.0	185577.0	185577.0	R	Comedy
2970	Desert Dancer	4000000.0	155271.0	338109.0	PG-13	Drama
2971	Guten Tag, Ramon	4000000.0	154356.0	4854356.0	PG-13	Drama
2972	Manglehorn	4000000.0	132270.0	797439.0	PG-13	Drama
2973	Tau ming chong	4000000.0	129078.0	38899792.0	R	Action
2974	Tau ming chong	4000000.0	129078.0	38899792.0	R	Action
2975	Trust	4000000.0	120016.0	120016.0	R	Drama
2976	An Everlasting Piece	4000000.0	75078.0	75078.0	R	Comedy
2977	Stake Land	4000000.0	33245.0	679482.0	R	Horror
2978	Sonny	4000000.0	17639.0	17639.0	R	Drama
2979	Another Happy Day	4000000.0	9120.0	978527.0	R	Drama
2980	The Loved Ones	4000000.0	0.0	12302.0	R	Horror
2981	The Perfect Wave	4000000.0	0.0	0.0	PG	Drama
2982	Gone with the Wind	3900000.0	198680470.0	390525192.0	G	Drama
2983	Network	3800000.0	23689877.0	23689877.0	nan	Drama
2984	Down for Life	3800000.0	41914.0	41914.0	R	Drama
2985	The Good Heart	3800000.0	20930.0	340930.0	R	Drama
2986	Hevi reissu	3800000.0	9079.0	9079.0	nan	Comedy
2987	Casa de Areia	3750000.0	539285.0	1178175.0	R	Drama
2988	Defendor	3750000.0	44462.0	44462.0	R	Drama
2989	The History Boys	3700000.0	2730296.0	13447998.0	R	Comedy
2990	Airplane!	3500000.0	83453539.0	83453539.0	PG	Comedy
2991	The Full Monty	3500000.0	45950122.0	261249383.0	R	Comedy
2992	Menace II Society	3500000.0	27731527.0	27731527.0	R	Action
2993	Friday	3500000.0	27467564.0	27936778.0	R	Comedy
2994	The Witch	3500000.0	25138705.0	40454520.0	R	Horror
2995	Empire	3500000.0	17504595.0	18495444.0	R	Drama
2996	Forever My Girl	3500000.0	16376066.0	16376066.0	PG	Drama
2997	Creepshow 2	3500000.0	14000000.0	14000000.0	R	Horror
2998	In Cold Blood	3500000.0	13000000.0	13007551.0	R	Drama
2999	I Got the Hook-Up!	3500000.0	10317779.0	10317779.0	R	Comedy
3000	Gods and Monsters	3500000.0	6451628.0	6451628.0	R	Drama
3001	Evil Dead II	3500000.0	5923044.0	5923044.0	nan	Horror
3002	Pootie Tang	3500000.0	3293258.0	3293258.0	PG-13	Comedy
3003	Believe	3500000.0	890303.0	890303.0	PG	Drama
3004	La otra conquista	3500000.0	886410.0	886410.0	R	Drama
3005	American Honey	3500000.0	663247.0	2611750.0	R	Drama
3006	Trolljegeren	3500000.0	253444.0	5706638.0	PG	Horror
3007	Ira and Abby	3500000.0	221096.0	221096.0	R	Comedy
3008	The Masked Saint	3500000.0	182695.0	182695.0	PG-13	Action
3009	Winter Passing	3500000.0	107492.0	113783.0	R	Drama
3010	D.E.B.S.	3500000.0	96793.0	96793.0	PG-13	Action
3011	Taxman	3500000.0	9871.0	9871.0	nan	Comedy
3012	Jagten	3450000.0	687185.0	18309793.0	R	Drama
3013	Margin Call	3400000.0	5353586.0	20433227.0	R	Drama
3014	Choke	3400000.0	2926565.0	4124277.0	R	Comedy
3015	Carousel	3380000.0	0.0	3220.0	nan	Drama
3016	Whiplash	3300000.0	13092006.0	37825230.0	R	Drama
3017	Bella	3300000.0	8093373.0	12405473.0	PG-13	Drama
3018	Cidade de Deus	3300000.0	7563397.0	32059295.0	R	Drama
3019	A Christmas Story	3250000.0	20605209.0	20605209.0	PG	Comedy
3020	Class of 1984	3250000.0	6965361.0	6965361.0	nan	Drama
3021	Maria Full of Grace	3200000.0	6529624.0	14441158.0	R	Drama
3022	Beginners	3200000.0	5790894.0	14314407.0	R	Drama
3023	The Meddler	3200000.0	4267219.0	5526942.0	PG-13	Comedy
3024	Adam	3200000.0	2283291.0	2834485.0	PG-13	Drama
3025	Feast	3200000.0	56131.0	690872.0	R	Horror
3026	It’s a Wonderful Life	3180000.0	6600000.0	10768908.0	PG	Drama
3027	Trainspotting	3100000.0	16501785.0	71558971.0	R	Drama
3028	National Lampoon's Animal House	3000000.0	141600000.0	141600000.0	R	Comedy
3029	Paranormal Activity 2	3000000.0	84752907.0	177512032.0	R	Horror
3030	War Room	3000000.0	67790117.0	73975239.0	PG	Drama
3031	Goldfinger	3000000.0	51100000.0	124900000.0	PG	Action
3032	The Bridge on the River Kwai	3000000.0	33300000.0	33300000.0	PG	Drama
3033	Coming Home	3000000.0	32653000.0	32653000.0	nan	Drama
3034	Waking Ned Devine	3000000.0	24793251.0	55193251.0	PG	Comedy
3035	Air Bud	3000000.0	24646936.0	27788649.0	PG	Adventure
3036	Love and Death	3000000.0	20123742.0	20123742.0	nan	Comedy
3037	Pokemon 3: The Movie	3000000.0	17052128.0	68452128.0	G	Adventure
3038	Spaced Invaders	3000000.0	15000000.0	15000000.0	PG	Adventure
3039	Krush Groove	3000000.0	11052713.0	11052713.0	R	Drama
3040	Next Day Air	3000000.0	10027047.0	10172519.0	R	Comedy
3041	Belly	3000000.0	9639390.0	9639390.0	R	Drama
3042	Trippin’	3000000.0	9017070.0	9017070.0	R	Comedy
3043	Before Midnight	3000000.0	8110621.0	23251930.0	R	Drama
3044	Teen Wolf Too	3000000.0	7888000.0	7888000.0	nan	Comedy
3045	The Collector	3000000.0	7712114.0	10473836.0	R	Horror
3046	Phantasm II	3000000.0	7282851.0	7282851.0	nan	Horror
3047	Woman Thou Art Loosed	3000000.0	6879730.0	6879730.0	R	Drama
3048	Real Women Have Curves	3000000.0	5853194.0	7777790.0	PG-13	Comedy
3049	Water	3000000.0	5529144.0	11322573.0	PG-13	Drama
3050	Don’t Think Twice	3000000.0	4417983.0	4417983.0	R	Comedy
3051	Swiss Army Man	3000000.0	4210454.0	5837111.0	R	Drama
3052	East is East	3000000.0	4170647.0	30438635.0	R	Comedy
3053	Whipped	3000000.0	4142507.0	4142507.0	R	Comedy
3054	Kama Sutra	3000000.0	4109095.0	4109095.0	R	Drama
3055	Frances Ha	3000000.0	4067398.0	11262769.0	R	Comedy
3056	Warlock: The Armageddon	3000000.0	3902679.0	3902679.0	R	Horror
3057	Days of Heaven	3000000.0	3446749.0	3660880.0	nan	Drama
3058	Compadres	3000000.0	3127773.0	7445044.0	R	Comedy
3059	Basquiat	3000000.0	2962051.0	2962051.0	R	Drama
3060	Tsotsi	3000000.0	2912606.0	11537539.0	R	Drama
3061	Letters to God	3000000.0	2848587.0	3237452.0	PG	Drama
3062	Tusk	3000000.0	1821983.0	1857688.0	R	Horror
3063	Elephant	3000000.0	1266955.0	10051516.0	R	Drama
3064	Bachelorette	3000000.0	446770.0	12577401.0	R	Comedy
3065	Everybody Wants to Be Italian	3000000.0	351416.0	351416.0	R	Comedy
3066	Creature	3000000.0	331000.0	331000.0	R	Horror
3067	Freeway	3000000.0	295493.0	295493.0	R	Comedy
3068	Dead Alive	3000000.0	242623.0	242623.0	nan	Horror
3069	Chain Letter	3000000.0	205842.0	1022453.0	R	Horror
3070	Tim and Eric's Billion Dollar Movie	3000000.0	201436.0	223652.0	R	Comedy
3071	Holly	3000000.0	163069.0	163069.0	R	Drama
3072	The Grand	3000000.0	115879.0	115879.0	R	Comedy
3073	Sommersturm	3000000.0	95204.0	95204.0	R	Drama
3074	Fort McCoy	3000000.0	78948.0	78948.0	R	Drama
3075	The Gambler	3000000.0	51773.0	101773.0	R	Drama
3076	Before We Go	3000000.0	37151.0	483938.0	PG-13	Drama
3077	Tanner Hall	3000000.0	5073.0	5073.0	R	Drama
3078	My Big Fat Independent Movie	3000000.0	4655.0	4655.0	R	Comedy
3079	They Came Together	3000000.0	0.0	82780.0	R	Comedy
3080	Barry Munday	3000000.0	0.0	0.0	R	Comedy
3081	Central do Brasil	2900000.0	5969553.0	17006158.0	R	Drama
3082	High Tension	2850000.0	3681066.0	6435262.0	R	Horror
3083	Young Frankenstein	2800000.0	86300000.0	86300000.0	PG	Comedy
3084	The Omen	2800000.0	48570885.0	48570885.0	R	Horror
3085	Hustle & Flow	2800000.0	22202809.0	23591783.0	R	Drama
3086	Artie Lange's Beer League	2800000.0	475000.0	475000.0	R	Comedy
3087	Diary of the Dead	2750000.0	952620.0	5394447.0	R	Horror
3088	The Black Stallion	2700000.0	37799643.0	37799643.0	G	Drama
3089	Ulee's Gold	2700000.0	9054736.0	15600000.0	R	Drama
3090	Blazing Saddles	2600000.0	119500000.0	119500000.0	R	Comedy
3091	Ida	2600000.0	3827060.0	15298355.0	PG-13	Drama
3092	Maurice	2600000.0	3147950.0	3198308.0	R	Drama
3093	Timber Falls	2600000.0	0.0	71248.0	R	Horror
3094	A Haunted House	2500000.0	40041683.0	59922558.0	R	Comedy
3095	Garden State	2500000.0	26782316.0	36028802.0	R	Drama
3096	That Thing You Do!	2500000.0	25857416.0	34557416.0	PG	Drama
3097	Halloween II	2500000.0	25533818.0	25533818.0	nan	Horror
3098	Halloween 3: Season of the Witch	2500000.0	14400000.0	14400000.0	nan	Horror
3099	The Spectacular Now	2500000.0	6852971.0	6916951.0	R	Drama
3100	Before Sunrise	2500000.0	5274005.0	5686742.0	R	Drama
3101	Hunt for the Wilderpeople	2500000.0	5205471.0	23845533.0	PG-13	Comedy
3102	Robot & Frank	2500000.0	3317468.0	4934356.0	PG-13	Drama
3103	Jesus' Son	2500000.0	1282084.0	1687548.0	R	Drama
3104	Saving Face	2500000.0	1187266.0	1269705.0	R	Comedy
3105	Brick Lane	2500000.0	1094998.0	3838486.0	PG-13	Drama
3106	Eye of the Dolphin	2500000.0	72210.0	72260.0	PG-13	Drama
3107	Underdogs	2500000.0	35017.0	35017.0	PG	Drama
3108	Alien Uprising	2500000.0	0.0	0.0	R	Action
3109	Go For It!	2450000.0	180237.0	182358.0	PG-13	Drama
3110	Get on the Bus	2400000.0	5691854.0	5691854.0	R	Drama
3111	Idiocracy	2400000.0	444093.0	500296.0	R	Comedy
3112	Do You Believe?	2300000.0	12985600.0	14305450.0	PG-13	Drama
3113	Dancer, Texas Pop. 81	2300000.0	574838.0	574838.0	PG	Comedy
3114	Frontera	2300000.0	59696.0	59696.0	PG-13	Drama
3115	Redemption Road	2300000.0	29384.0	29384.0	PG-13	Drama
3116	Pinocchio	2289247.0	84300000.0	84300000.0	G	Adventure
3117	Friday the 13th Part 3	2250000.0	36690067.0	36690067.0	nan	Horror
3118	The French Connection	2200000.0	41158757.0	41158757.0	nan	Drama
3119	The Last Sin Eater	2200000.0	388390.0	388390.0	PG-13	Drama
3120	Bully	2100000.0	881824.0	1381824.0	R	Drama
3121	Mi America	2100000.0	3330.0	3330.0	R	Drama
3122	Courageous	2000000.0	34522221.0	35185884.0	PG-13	Drama
3123	From Russia With Love	2000000.0	24800000.0	78900000.0	PG	Action
3124	Mad Max 2: The Road Warrior	2000000.0	24600832.0	24600832.0	nan	Action
3125	In the Heat of the Night	2000000.0	24379978.0	24407647.0	nan	Drama
3126	Sleeper	2000000.0	18344729.0	18344729.0	nan	Comedy
3127	It Follows	2000000.0	14674077.0	23250755.0	R	Horror
3128	Silent House	2000000.0	12739737.0	16610760.0	R	Horror
3129	Boys Don't Cry	2000000.0	11540607.0	20741000.0	R	Drama
3130	Das Leben der Anderen	2000000.0	11284657.0	81197047.0	R	Drama
3131	Witchboard	2000000.0	7369373.0	7369373.0	nan	Horror
3132	Smoke Signals	2000000.0	6719300.0	7756617.0	PG-13	Comedy
3133	Winter's Bone	2000000.0	6531503.0	16131551.0	R	Drama
3134	American Splendor	2000000.0	6003587.0	8685632.0	R	Drama
3135	The Florida Project	2000000.0	5904366.0	11303040.0	R	Drama
3136	All Saints	2000000.0	5802208.0	5941994.0	PG	Drama
3137	Before Sunset	2000000.0	5792822.0	11217346.0	R	Drama
3138	Amores Perros	2000000.0	5383834.0	20883834.0	R	Drama
3139	Thirteen	2000000.0	4601043.0	9505996.0	R	Drama
3140	Me and You and Everyone We Know	2000000.0	3885134.0	9615464.0	R	Drama
3141	We Are Your Friends	2000000.0	3591417.0	10166209.0	R	Drama
3142	Harsh Times	2000000.0	3337931.0	6225304.0	R	Drama
3143	Ghost Dog: The Way of the Samurai	2000000.0	3330230.0	10672492.0	R	Drama
3144	Captive	2000000.0	2583301.0	2791973.0	PG-13	Drama
3145	Full Frontal	2000000.0	2512846.0	3438804.0	R	Comedy
3146	Hearts Beat Loud	2000000.0	2386254.0	2420962.0	PG-13	Drama
3147	The Resurrection of Gavin Stone	2000000.0	2303792.0	2303792.0	PG	Comedy
3148	Strangers with Candy	2000000.0	2072645.0	2077844.0	R	Comedy
3149	Son of Rambow: A Home Movie	2000000.0	1785505.0	11263263.0	PG-13	Comedy
3150	The Diary of a Teenage Girl	2000000.0	1477002.0	2279959.0	R	Drama
3151	Get Real	2000000.0	1152411.0	1152411.0	R	Comedy
3152	Meek's Cutoff	2000000.0	977772.0	1869928.0	PG	Drama
3153	Dinner Rush	2000000.0	638227.0	1075504.0	R	Drama
3154	The Virginity Hit	2000000.0	636706.0	636706.0	R	Comedy
3155	House of D	2000000.0	388532.0	466106.0	PG-13	Drama
3156	Teeth	2000000.0	347578.0	2350641.0	R	Comedy
3157	Stonewall	2000000.0	304602.0	304602.0	R	Drama
3158	Sherrybaby	2000000.0	199176.0	759504.0	R	Drama
3159	It's All Gone Pete Tong	2000000.0	120620.0	2226603.0	R	Drama
3160	24 7: Twenty Four Seven	2000000.0	72544.0	72544.0	R	Comedy
3161	Growing up Smith	2000000.0	35312.0	35312.0	PG-13	Comedy
3162	Super Capers	2000000.0	30955.0	30955.0	PG	Adventure
3163	Return of the Living Dead 3	2000000.0	21000.0	21000.0	nan	Horror
3164	London	2000000.0	12667.0	12667.0	R	Drama
3165	Eden Lake	2000000.0	7321.0	4294373.0	R	Horror
3166	Say Uncle	2000000.0	5361.0	5361.0	R	Comedy
3167	Grave Encounters	2000000.0	0.0	2151887.0	nan	Horror
3168	Bananas	2000000.0	0.0	0.0	PG-13	Comedy
3169	Rockaway	2000000.0	0.0	0.0	R	Drama
3170	Small Apartments	2000000.0	0.0	0.0	R	Comedy
3171	The Dog Lover	2000000.0	0.0	0.0	PG	Drama
3172	Nowhere Boy	1900000.0	1445366.0	7785229.0	R	Drama
3173	Northfork	1900000.0	1420578.0	1445140.0	PG-13	Drama
3174	Brotherly Love	1900000.0	478595.0	478595.0	R	Drama
3175	Submarine	1900000.0	467602.0	4581937.0	R	Comedy
3176	The Last Exorcism	1800000.0	41034350.0	70165900.0	PG-13	Horror
3177	Carrie	1800000.0	25878153.0	25878153.0	nan	Horror
3178	A Nightmare on Elm Street	1800000.0	25504513.0	25504513.0	R	Horror
3179	Beasts of the Southern Wild	1800000.0	12795746.0	23265132.0	PG-13	Drama
3180	El crimen de padre Amaro	1800000.0	5719000.0	5719000.0	R	Drama
3181	Songcatcher	1800000.0	3050934.0	3050934.0	PG-13	Drama
3182	Higher Ground	1800000.0	841056.0	842693.0	R	Drama
3183	I Spit on Your Grave	1750000.0	93051.0	1278471.0	R	Horror
3184	In the Bedroom	1700000.0	35930604.0	42137871.0	R	Drama
3185	La misma luna	1700000.0	12590147.0	23271741.0	PG-13	Drama
3186	The Lunchbox	1700000.0	4231500.0	12231500.0	PG	Drama
3187	Grace Unplugged	1700000.0	2507159.0	2507159.0	PG	Drama
3188	Happy, Texas	1700000.0	2039192.0	2891228.0	PG-13	Comedy
3189	Saul fia	1700000.0	1777043.0	9696537.0	R	Drama
3190	My Summer of Love	1700000.0	1000915.0	4727375.0	R	Drama
3191	Yes	1700000.0	396035.0	661221.0	R	Drama
3192	Foolish	1600000.0	6026908.0	6026908.0	R	Comedy
3193	Bubble	1600000.0	145382.0	145382.0	R	Drama
3194	Mississippi Mermaid	1600000.0	27795.0	2627795.0	R	Drama
3195	I Love Your Work	1600000.0	3264.0	3264.0	R	Comedy
3196	Insidious	1500000.0	54009150.0	99870886.0	R	Horror
3197	Moonlight	1500000.0	27854931.0	65322266.0	R	Drama
3198	Cabin Fever	1500000.0	21158188.0	30351664.0	R	Horror
3199	Kickboxer	1500000.0	14533681.0	14533681.0	R	Action
3200	Bloodsport	1500000.0	11806119.0	11806119.0	R	Action
3201	The Squid and the Whale	1500000.0	7372734.0	11191423.0	R	Drama
3202	Dawn of the Dead	1500000.0	5100000.0	55000000.0	nan	Horror
3203	Exotica	1500000.0	5046118.0	5046118.0	R	Drama
3204	The To Do List	1500000.0	3491669.0	4128828.0	R	Comedy
3205	Buffalo '66	1500000.0	2380606.0	2380606.0	R	Comedy
3206	Repo Man	1500000.0	2300000.0	2300000.0	nan	Comedy
3207	I’m Not Ashamed	1500000.0	2082980.0	2082980.0	PG-13	Drama
3208	Nueve Reinas	1500000.0	1222889.0	12412889.0	R	Drama
3209	The Lords of Salem	1500000.0	1165881.0	1541131.0	R	Horror
3210	The Ballad of Jack and Rose	1500000.0	712294.0	1126258.0	R	Drama
3211	The Believer	1500000.0	406035.0	1840248.0	R	Drama
3212	Snow Angels	1500000.0	402858.0	414404.0	R	Drama
3213	MOOZ-lum	1500000.0	362239.0	372239.0	PG-13	Drama
3214	Amigo	1500000.0	184705.0	184705.0	R	Drama
3215	Hatchet	1500000.0	175281.0	240396.0	R	Horror
3216	My Name is Bruce	1500000.0	173066.0	173066.0	R	Horror
3217	Modern Times	1500000.0	163245.0	165049.0	G	Comedy
3218	The Salon	1500000.0	139084.0	139084.0	PG-13	Comedy
3219	Stolen Summer	1500000.0	119841.0	119841.0	PG	Drama
3220	Forty Shades of Blue	1500000.0	75828.0	172569.0	R	Drama
3221	Trucker	1500000.0	52429.0	52429.0	R	Drama
3222	Teefa in Trouble	1500000.0	0.0	98806.0	nan	Action
3223	Fetching Cody	1500000.0	0.0	0.0	nan	Drama
3224	The Lion of Judah	1500000.0	0.0	0.0	PG	Adventure
3225	Mustang	1400000.0	845464.0	5545484.0	PG-13	Drama
3226	The Holy Girl	1400000.0	304124.0	1261792.0	R	Drama
3227	Festen	1300000.0	1647780.0	1647780.0	R	Comedy
3228	Trees Lounge	1300000.0	749741.0	749741.0	R	Drama
3229	Journey from the Fall	1300000.0	635305.0	635305.0	R	Drama
3230	The Basket	1300000.0	609042.0	609042.0	PG	Drama
3231	Def-Con 4	1300000.0	210904.0	210904.0	nan	Action
3232	Friday the 13th Part 2	1250000.0	21722776.0	21722776.0	nan	Horror
3233	C.H.U.D.	1250000.0	4700000.0	4700000.0	nan	Horror
3234	Filly Brown	1250000.0	2850357.0	2940411.0	R	Drama
3235	Saw	1200000.0	55968727.0	103880027.0	R	Horror
3236	Sex, Lies, and Videotape	1200000.0	24741667.0	36741667.0	R	Drama
3237	Super Troopers	1200000.0	18492362.0	23046142.0	R	Comedy
3238	Monsoon Wedding	1200000.0	13876974.0	27025600.0	R	Comedy
3239	You Can Count on Me	1200000.0	9180275.0	10827356.0	R	Drama
3240	Home Run	1200000.0	2859955.0	2859955.0	PG-13	Drama
3241	But I'm a Cheerleader	1200000.0	2205627.0	2509344.0	R	Comedy
3242	Blue Like Jazz	1200000.0	595018.0	595018.0	PG-13	Comedy
3243	Que Horas Ela Volta?	1200000.0	376976.0	3247411.0	R	Drama
3244	Q	1200000.0	255000.0	255000.0	nan	Horror
3245	Grand Theft Parsons	1200000.0	0.0	0.0	PG-13	Drama
3246	Crowsnest	1200000.0	0.0	0.0	R	Horror
3247	Airborne	1200000.0	0.0	0.0	nan	Horror
3248	God’s Not Dead	1150000.0	60755732.0	63777092.0	PG	Drama
3249	Waiting...	1125000.0	16124543.0	18673274.0	R	Comedy
3250	Wolf Creek	1100000.0	16186348.0	29005064.0	R	Horror
3251	Ong-Bak	1100000.0	4563167.0	24062965.0	R	Action
3252	Serbuan maut	1100000.0	4105123.0	9297407.0	R	Action
3253	The Offspring	1100000.0	1355728.0	1355728.0	R	Horror
3254	Beyond the Black Rainbow	1100000.0	56491.0	56491.0	R	Drama
3255	Casablanca	1039000.0	10462500.0	10462500.0	PG	Drama
3256	Rocky	1000000.0	117235147.0	225000000.0	PG	Drama
3257	The Devil Inside	1000000.0	53262945.0	101759490.0	R	Horror
3258	Unfriended	1000000.0	32789645.0	62869004.0	R	Horror
3259	Taxi Driver	1000000.0	28262574.0	28316211.0	R	Drama
3260	The Fog	1000000.0	21378361.0	21378361.0	nan	Horror
3261	You're Next	1000000.0	18494006.0	26887177.0	R	Horror
3262	Chernobyl Diaries	1000000.0	18119640.0	42411721.0	R	Horror
3263	The Howling	1000000.0	17985000.0	17985000.0	nan	Horror
3264	Dr. No	1000000.0	16067035.0	59567035.0	PG	Action
3265	Hellraiser	1000000.0	14564000.0	14575148.0	R	Horror
3266	Godzilla 2000	1000000.0	10037390.0	10037390.0	PG	Action
3267	Blue Valentine	1000000.0	9737892.0	16566240.0	R	Drama
3268	Transamerica	1000000.0	9015303.0	16553163.0	R	Drama
3269	Beyond the Valley of the Dolls	1000000.0	9000000.0	9000000.0	nan	Comedy
3270	Unfriended: Dark Web	1000000.0	8783985.0	9620953.0	R	Horror
3271	The Green Inferno	1000000.0	7192291.0	12931569.0	R	Horror
3272	The Sessions	1000000.0	6002451.0	11495204.0	R	Drama
3273	October Baby	1000000.0	5355847.0	5391992.0	PG-13	Drama
3274	The Skeleton Twins	1000000.0	5284309.0	5797192.0	R	Drama
3275	Junebug	1000000.0	2678010.0	3553253.0	R	Drama
3276	Frozen River	1000000.0	2511476.0	6030129.0	R	Drama
3277	Sidewalks of New York	1000000.0	2402459.0	3575308.0	R	Comedy
3278	Two Girls and a Guy	1000000.0	2057193.0	2315026.0	R	Drama
3279	The Secrets of Jonathan Sperry	1000000.0	1355079.0	1355079.0	PG	Drama
3280	Bubba Ho-Tep	1000000.0	1239183.0	1492895.0	R	Comedy
3281	No Man's Land	1000000.0	1067481.0	2684207.0	R	Drama
3282	Slam	1000000.0	1009819.0	1087521.0	R	Drama
3283	Patti Cake$	1000000.0	800148.0	1471090.0	R	Comedy
3284	Panic	1000000.0	779137.0	1425707.0	R	Drama
3285	Palo Alto	1000000.0	767732.0	1156309.0	R	Drama
3286	The Future	1000000.0	568662.0	1239174.0	R	Drama
3287	All the Real Girls	1000000.0	549666.0	703020.0	R	Drama
3288	23 Blast	1000000.0	549185.0	549185.0	PG-13	Drama
3289	Dream With The Fishes	1000000.0	542909.0	542909.0	R	Drama
3290	Blue Car	1000000.0	464126.0	475367.0	R	Drama
3291	Wristcutters: A Love Story	1000000.0	446165.0	473769.0	R	Comedy
3292	Luminarias	1000000.0	428535.0	428535.0	R	Comedy
3293	I Origins	1000000.0	336472.0	852399.0	R	Drama
3294	The Battle of Shaker Heights	1000000.0	280351.0	839145.0	PG-13	Comedy
3295	Love Liza	1000000.0	213137.0	213137.0	R	Drama
3296	Lisa Picard is Famous	1000000.0	113433.0	113433.0	PG-13	Comedy
3297	The House of the Devil	1000000.0	101215.0	102812.0	R	Horror
3298	Hardflip	1000000.0	96734.0	96734.0	PG-13	Drama
3299	Creative Control	1000000.0	63014.0	63014.0	R	Drama
3300	Camp X-Ray	1000000.0	9837.0	9837.0	R	Drama
3301	Special	1000000.0	7202.0	26822.0	R	Drama
3302	The Sisterhood of Night	1000000.0	6870.0	6870.0	PG-13	Drama
3303	The Helix…Loaded	1000000.0	3700.0	3700.0	R	Comedy
3304	Childless	1000000.0	1036.0	1036.0	R	Drama
3305	In Her Line of Fire	1000000.0	884.0	884.0	R	Action
3306	Jimmy and Judy	1000000.0	0.0	0.0	R	Action
3307	The Poker House	1000000.0	0.0	0.0	R	Drama
3308	Proud	1000000.0	0.0	0.0	PG	Drama
3309	Steppin: The Movie	1000000.0	0.0	0.0	PG-13	Comedy
3310	Zombies of Mass Destruction	1000000.0	0.0	0.0	R	Comedy
3311	Hard Candy	950000.0	1024640.0	8267066.0	R	Horror
3312	Charly	950000.0	814666.0	814666.0	PG	Comedy
3313	L!fe Happens	930000.0	30905.0	30905.0	R	Comedy
3314	Lowriders	916000.0	6179955.0	6188421.0	PG-13	Drama
3315	Fruitvale Station	900000.0	16098998.0	17549645.0	R	Drama
3316	Meet the Blacks	900000.0	9097072.0	9097072.0	R	Comedy
3317	Circumstance	900000.0	454121.0	958978.0	R	Drama
3318	The Quiet	900000.0	381420.0	381420.0	R	Drama
3319	Bambi	858000.0	102797000.0	268000000.0	G	Drama
3320	For a Good Time, Call	850000.0	1251749.0	1386088.0	R	Comedy
3321	Latter Days	850000.0	833118.0	865708.0	R	Drama
3322	Time Changer	825000.0	1500711.0	1500711.0	PG	Drama
3323	Jodaeiye Nader az Simin	800000.0	7098492.0	24426169.0	PG-13	Drama
3324	Welcome to the Dollhouse	800000.0	4198137.0	5034794.0	R	Comedy
3325	Raising Victor Vargas	800000.0	2073984.0	2900578.0	R	Drama
3326	Ruby in Paradise	800000.0	1001437.0	1001437.0	R	Drama
3327	The Mudge Boy	800000.0	62544.0	62544.0	R	Drama
3328	Saints and Soldiers	780000.0	1310470.0	1310470.0	PG-13	Drama
3329	American Graffiti	777000.0	115000000.0	140000000.0	PG	Drama
3330	Safety Not Guaranteed	750000.0	4010957.0	4422318.0	R	Comedy
3331	The Innkeepers	750000.0	78396.0	1011535.0	R	Horror
3332	Il conformista	750000.0	59656.0	89609.0	R	Drama
3333	Undead	750000.0	41196.0	229250.0	R	Horror
3334	All the Boys Love Mandy Lane	750000.0	0.0	1960521.0	R	Horror
3335	La mariée était en noir	747000.0	44566.0	44566.0	nan	Drama
3336	Half Nelson	700000.0	2697938.0	4911725.0	R	Drama
3337	Hav Plenty	650000.0	2301777.0	2301777.0	R	Comedy
3338	The Blair Witch Project	600000.0	140539099.0	248300000.0	R	Horror
3339	The Kentucky Fried Movie	600000.0	15000000.0	20000000.0	nan	Comedy
3340	Mercy Streets	600000.0	173599.0	173599.0	PG-13	Drama
3341	Broken Vessels	600000.0	15030.0	85343.0	R	Drama
3342	Drunk Wedding	600000.0	3301.0	3301.0	R	Comedy
3343	A Hard Day's Night	560000.0	1537860.0	1626784.0	G	Comedy
3344	Friday the 13th	550000.0	39754601.0	59754601.0	nan	Horror
3345	Fireproof	500000.0	33456317.0	33473297.0	PG	Drama
3346	Benji	500000.0	31559560.0	31559560.0	G	Adventure
3347	The Station Agent	500000.0	5801558.0	9470209.0	R	Drama
3348	To Save a Life	500000.0	3777210.0	3824868.0	PG-13	Drama
3349	The Singles Ward	500000.0	1250798.0	1250798.0	PG	Comedy
3350	Osama	500000.0	1127331.0	1971479.0	PG-13	Drama
3351	Groove	500000.0	1115313.0	1167524.0	R	Comedy
3352	The R.M.	500000.0	1111615.0	1111615.0	PG	Comedy
3353	Twin Falls Idaho	500000.0	985341.0	1027228.0	R	Drama
3354	Mean Creek	500000.0	603951.0	1348750.0	R	Drama
3355	Drinking Buddies	500000.0	343706.0	407100.0	R	Drama
3356	Hurricane Streets	500000.0	334041.0	367582.0	nan	Drama
3357	Civil Brand	500000.0	254293.0	254293.0	R	Drama
3358	Monsters	500000.0	237301.0	5639730.0	R	Drama
3359	Lonesome Jim	500000.0	154187.0	602789.0	R	Comedy
3360	O Menino e o Mundo	500000.0	129479.0	271893.0	PG	Adventure
3361	Johnny Suede	500000.0	55000.0	55000.0	R	Drama
3362	The Californians	500000.0	4134.0	4134.0	PG	Drama
3363	Everything Put Together	500000.0	0.0	7890.0	R	Drama
3364	Paranormal Activity	450000.0	107918810.0	194183034.0	R	Horror
3365	Brick	450000.0	2075743.0	4243996.0	R	Drama
3366	Sunday	450000.0	410919.0	450349.0	nan	Drama
3367	Conversations with Other Women	450000.0	379418.0	1297745.0	R	Comedy
3368	Metropolitan	430000.0	2938000.0	2938000.0	PG-13	Comedy
3369	Napoleon Dynamite	400000.0	44540956.0	46122713.0	PG	Comedy
3370	Monty Python and the Holy Grail	400000.0	3427696.0	5028948.0	nan	Comedy
3371	Quinceanera	400000.0	1692693.0	2797199.0	R	Drama
3372	Heroes	400000.0	655538.0	655538.0	R	Adventure
3373	E tu vivrai nel terrore - L'aldilà	400000.0	126387.0	126387.0	nan	Horror
3374	Jackpot	400000.0	44452.0	44452.0	R	Drama
3375	Fabled	400000.0	31425.0	31425.0	R	Horror
3376	The Dark Hours	400000.0	423.0	423.0	R	Horror
3377	My Beautiful Laundrette	400000.0	0.0	0.0	nan	Drama
3378	Maniac	350000.0	10000000.0	10000000.0	nan	Horror
3379	American Ninja 2: The Confrontation	350000.0	4000000.0	4000000.0	nan	Action
3380	12 Angry Men	340000.0	0.0	0.0	nan	Drama
3381	Halloween	325000.0	47000000.0	70000000.0	R	Horror
3382	Tumbleweeds	312000.0	1350248.0	1788168.0	PG-13	Drama
3383	God's Army	300000.0	2637726.0	2652515.0	PG	Drama
3384	Pieces of April	300000.0	2528664.0	3571253.0	PG-13	Comedy
3385	When The Cat's Away	300000.0	1652472.0	2525984.0	R	Comedy
3386	Wendy and Lucy	300000.0	865695.0	1416046.0	R	Drama
3387	Let's Talk About Sex	300000.0	373615.0	373615.0	nan	Comedy
3388	First Morning	300000.0	87264.0	87264.0	PG-13	Drama
3389	3 Backyards	300000.0	39475.0	39475.0	R	Drama
3390	First Love, Last Rites	300000.0	10876.0	10876.0	R	Drama
3391	Fighting Tommy Riley	300000.0	10514.0	10514.0	R	Drama
3392	Compliance	270000.0	319285.0	830700.0	R	Drama
3393	Lovely and Amazing	250000.0	4210379.0	4613482.0	R	Drama
3394	Sleight	250000.0	3930990.0	3934450.0	R	Action
3395	Better Luck Tomorrow	250000.0	3802390.0	3809226.0	R	Drama
3396	Like Crazy	250000.0	3395391.0	3728400.0	PG-13	Drama
3397	Chuck&Buck	250000.0	1055671.0	1157672.0	R	Drama
3398	Love and Other Catastrophes	250000.0	212285.0	743216.0	R	Comedy
3399	I Married a Strange Person	250000.0	203134.0	203134.0	nan	Comedy
3400	November	250000.0	191862.0	191862.0	R	Drama